<?xml version="1.0" encoding="utf-8"?>
<!DOCTYPE patent-document PUBLIC "-//MXW//DTD patent-document XML//EN" "http://www.ir-facility.org/dtds/patents/v1.4/patent-document.dtd">
<patent-document ucid="EP-1249251-A1" country="EP" doc-number="1249251" kind="A1" lang="DE" family-id="7681591" status="new" date-produced="20090516" date="20021016">
  <bibliographic-data>
    <publication-reference ucid="EP-1249251-A1" status="new" fvid="23594274">
      <document-id status="new" format="original">
        <country>EP</country>
        <doc-number>1249251</doc-number>
        <kind>A1</kind>
        <date>20021016</date>
      </document-id>
    </publication-reference>
    <application-reference ucid="EP-02007102-A" status="new" is-representative="NO">
      <document-id status="new" format="epo">
        <country>EP</country>
        <doc-number>02007102</doc-number>
        <kind>A</kind>
        <date>20020328</date>
      </document-id>
    </application-reference>
    <priority-claims status="new">
      <priority-claim ucid="DE-10118605-A" status="new">
        <document-id status="new" format="epo">
          <country>DE</country>
          <doc-number>10118605</doc-number>
          <kind>A</kind>
          <date>20010412</date>
        </document-id>
      </priority-claim>
    </priority-claims>
    <technical-data status="new">
      <classifications-ipcr>
        <classification-ipcr status="new">A61M  16/04        20060101A I20051008RMEP        </classification-ipcr>
        <classification-ipcr status="new">A61M  16/04        20060101C I20051008RMEP        </classification-ipcr>
        <classification-ipcr status="new">A61M  25/00        20060101AFI20060310RMJP        </classification-ipcr>
        <classification-ipcr status="new">A61M  25/00        20060101CFI20060310RMJP        </classification-ipcr>
      </classifications-ipcr>
      <classification-ecla status="new">
        <classification-symbol scheme="EC">A61M  16/04</classification-symbol>
        <classification-symbol scheme="ICO">K61M16:04A20</classification-symbol>
        <classification-symbol scheme="ICO">K61M16:04A3</classification-symbol>
        <classification-symbol scheme="ICO">K61M16:04A5</classification-symbol>
        <classification-symbol scheme="ICO">K61M16:04A9C</classification-symbol>
      </classification-ecla>
      <invention-title load-source="ep" status="new" lang="DE">Beatmungstubus</invention-title>
      <invention-title load-source="ep" status="new" lang="EN">Inspiratory tube</invention-title>
      <invention-title load-source="ep" status="new" lang="FR">Tube respiratoire</invention-title>
    </technical-data>
    <parties>
      <applicants>
        <applicant status="new" format="epo">
          <addressbook>
            <name>WILLY RUESCH GMBH</name>
            <address>
              <country>DE</country>
            </address>
          </addressbook>
        </applicant>
        <applicant status="new" format="intermediate">
          <addressbook>
            <name>WILLY RUESCH GMBH</name>
          </addressbook>
        </applicant>
        <applicant status="new" format="original">
          <addressbook>
            <last-name>Willy Rüsch GmbH</last-name>
            <address>
              <street>Willy-Rüsch-Strasse 4-10</street>
              <city>71394 Kernen-Rommelshausen</city>
              <country>DE</country>
            </address>
          </addressbook>
        </applicant>
      </applicants>
      <inventors>
        <inventor status="new" format="epo">
          <addressbook>
            <name>RANZINGER GISBERT DR</name>
            <address>
              <country>DE</country>
            </address>
          </addressbook>
        </inventor>
        <inventor status="new" format="intermediate">
          <addressbook>
            <name>RANZINGER, GISBERT, DR.</name>
          </addressbook>
        </inventor>
        <inventor status="new" format="original">
          <addressbook>
            <last-name>RANZINGER, GISBERT, DR.</last-name>
            <address>
              <street>Alte Dorfstrasse 23/1</street>
              <city>73773 Aichwald</city>
              <country>DE</country>
            </address>
          </addressbook>
        </inventor>
      </inventors>
      <agents>
        <agent status="new" format="original">
          <addressbook>
            <last-name>KOHLER SCHMID + PARTNER</last-name>
            <address>
              <street>Patentanwälte GbR, Ruppmannstrasse 27</street>
              <city>70565 Stuttgart</city>
              <country>DE</country>
            </address>
          </addressbook>
        </agent>
      </agents>
    </parties>
    <international-convention-data>
      <designated-states>
        <ep-contracting-states>
          <country>DE</country>
          <country>ES</country>
          <country>FR</country>
          <country>IT</country>
        </ep-contracting-states>
      </designated-states>
    </international-convention-data>
  </bibliographic-data>
  <abstract load-source="ep" status="new" lang="DE">
    <p>Bei einem Beatmungstubus (1) mit einer Tubuswandung zur
wahlweisen Endotracheal- oder Ösophagusobturatorbeatmung
mit einem ersten Lumen (2) und einem dazu im wesentlichen
parallel verlaufenden zweiten Lumen (3), wobei ein erster
die Tubuswandung umgebender aufblasbarer Ballon (5) im Bereich
des körperzugewandten Endes des Beatmungstubus (1)
und davon beabstandet ein zweiter die Tubuswandung (22) umgebender
aufblasbarer Ballon (8) angeordnet ist, ist eine
axiale Mündung (10) des ersten Lumens (2) unmittelbar am
körperzugewandten Ende des zweiten Ballons (8) angeordnet
und ist der Beatmungstubus (1) im Bereich des ersten Ballons
(5) einlumig ausgebildet. Das Einführen von Intubationshilfsmitteln
über das erste Lumen (2) wird dadurch ermöglicht,
so dass der Beatmungstubus vielfältig einsetzbar
ist.
<img id="img-00000001" orientation="unknown" wi="76" img-format="tif" img-content="ad" file="00000001.tif" inline="no" he="114"/></p>
  </abstract>
  <description load-source="ep" status="new" lang="DE">
    <p num="0001">Die Erfindung betrifft einen Beatmungstubus mit einer Tubuswandung
zur wahlweisen Endotracheal- oder Ösophagusobturatorbeatmung
mit einem ersten Lumen und einem dazu im wesentlichen
parallel verlaufenden zweiten Lumen, wobei ein
erster die Tubuswandung umgebender aufblasbarer Ballon im
Bereich des körperzugewandten Endes des Beatmungstubus und
davon beabstandet ein zweiter die Tubuswandung umgebender
aufblasbarer Ballon angeordnet ist. </p>
    <p num="0002">Ein derartiger Beatmungstubus ist beispielsweise aus der AT
384 738 bekannt geworden.</p>
    <p num="0003">Bekannte Beatmungstuben sind häufig doppellumig aufgebaut.
Eines der Lumina ist dabei an beiden Enden offen. Das andere
Lumen ist an seinem körperzugewandten Ende verschlossen.
Eine Beatmung über dieses Lumen wird dadurch sicher gestellt,
dass in der Tubuswandung seitliche Luftöffnungen
vorgesehen sind, die mit diesem Lumen in Verbindung stehen.
Dieses Lumen ist ausschließlich zur Beatmung geeignet und
kann keiner weiteren Verwendung zugeführt werden.</p>
    <p num="0004">Aus der AT 384 738 wurde ein Beatmungstubus zur Ösophagus-Obturator-
oder zur wahlweisen Endotracheal- oder Ösophagus-Obturator-Beatmung
bekannt, der eine aufblasbare Ballonmanschette
im Bereich der Tubusspitze und Luftaustrittsöffnungen
in der Tubuswandung im Rachenbereich aufweist. Um
den Tubus besonders in Notfallsituationen zuverlässig anwenden
zu können, ist oberhalb der Luftaustrittsöffnungen
ein die Tubuswandung umgebender Ballon vorgesehen, der im
aufgeblasenen Zustand im wesentlichen die Form eines Torus
aufweist.</p>
    <heading>
      <u style="single">Aufgabe der Erfindung</u>
    </heading>
    <p num="0005">Aufgabe der vorliegenden Erfindung ist es demgegenüber, einen
Beatmungstubus zu schaffen, der vielfältiger einsetzbar
ist.</p>
    <heading>
      <u style="single">Gegenstand der Erfindung</u>
    </heading>
    <p num="0006">Erfindungsgemäß wird diese Aufgabe dadurch gelöst, dass eine
axiale Mündung des ersten Lumens unmittelbar am körperzugewandten 
Ende des zweiten Ballons (Oropharyngealballon)
angeordnet ist und dass der Beatmungstubus im Bereich des
ersten Ballons einlumig ausgebildet ist.</p>
    <p num="0007">Der Tubus weist dadurch ein kürzeres erstes Lumen und ein
längeres zweites Lumen auf. Im Gegensatz zum Stand der
Technik ist das erste Lumen an seinem körperzugewandten Ende
nicht verschlossen, sondern weist dort eine axiale Mündung
auf. Das erste Lumen kann somit zum einen der Beatmung
und zum anderen als Führung (für medizinische Instrumente)
dienen. So können beispielsweise ein Bronchoskop, ein Trachealtubus
oder andere Intubationshilfsmittel durch das
erste Lumen appliziert werden. Mit dem Bronchoskop kann die
Inspektion der Trachea und das Absaugen von Trachealsekreten
erfolgen. Zudem kann ein Führungskatheter eingeführt
werden, über den bzw. entlang dem der Beatmungstubus eingeführt
werden kann. Der erste Ballon dichtet wahlweise im
Ösophagus oder in der Trachea ab, während der zweite Ballon
immer im Rachenraum abdichtet. Die Mündung des ersten Lumens
befindet sich bei eingeführtem Beatmungstubus im Bereich
des Kehlkopfeingangs. Das erste Lumen kann für eine
verbesserte Beatmung im Bereich zwischen dem ersten und
zweiten Ballon zusätzlich seitliche Luftöffnungen in der
Tubuswandung aufweisen. Für weitere Anwendungsfälle können
gegebenenfalls weitere Lumina am Tubus vorgesehen sein. So
kann ein weiteres Lumen in der Wandung des Beatmungstubus
ausgebildet sein, das bis zur Spitze (terminales Ende) des
Beatmungstubus verläuft und dort offen endet. Im körperabgewandten
Abschnitt des Beatmungstubus kann dieses Lumen
aus der Wandung des Beatmungstubus herausgeführt werden und
in eine eigenständige Leitung (Gasabführleitung) übergehen,
die mit geeigneten Prüfgeräten verbindbar ist (Kapnographie).
Über diese eigenständige Leitung ist es möglich, 
geringe Gasvolumina aus dem Spitzenbereich des platzierten
Beatmungstubus abzuziehen und über geeignete Detektionsgeräte
zu analysieren (z.B. CO<sub>2</sub>-Anteil im erfassten
Gasvolumen). Über eine derartige Bestimmung der Gaszusammensetzung
im erfassten Gasvolumen kann die Lage der Spitze
des Beatmungstubus bestimmt werden. Es versteht sich, dass
am Beatmungstubus Konnektoren zur Verbindung mit Beatmungshilfen
vorgesehen sein können.</p>
    <p num="0008">Vorzugsweise ist das körperzugewandte Ende des ersten Lumens
unmittelbar am körperzugewandten Ende des zweiten Ballons
angeordnet. Durch diese Maßnahme wird zum einen sicher
gestellt, dass das erste Lumen den Zugang zur Trachea nicht
versperrt, sollte das zweite Lumen etwas zu weit in den Ösophagus
eingeschoben werden und dass ein Intubationshilfsmittel
problemlos in die Trachea eingeführt werden kann.
Zum anderen stellt die Mündung des ersten Lumens und die
damit verbundene Querschnittsvergrößerung des Tubus kein
vergrößertes Hindernis beim Einführen des Tubus dar. Eine
Reizung des Gewebes wird dadurch minimiert. Vielmehr kann
der Tubus im Endabschnitt des körperzugewandten Bereichs
(Spitze) mit geringerem Durchmesser ausgebildet werden,
wenn der Tubus im Bereich des ersten Ballons einlumig ausgebildet
ist. Dadurch wird das Einführen des Beatmungstubus
erleichtert. Außerdem bedeutet dies einen höheren Komfort
für den Patienten. Wenn die Mündung des ersten Lumens in
unmittelbarer Nähe des zweiten Ballons angeordnet ist, können
außerdem nicht aus Versehen beide Lumina in den Ösophagus
eingeführt werden, was eine Beatmung verhindern könnte.</p>
    <p num="0009">Bei einer besonders bevorzugten Ausführungsform ist im Bereich
der Mündung des ersten Lumens mindestens ein Abstandshalter
vorgesehen. Dadurch wird ein Anlegen der Epiglottis 
an die Mündung und eine daraus folgende Atemwegsobstruktion
vermieden.</p>
    <p num="0010">Eine Weiterbildung zeichnet sich dadurch aus, dass der Abstandshalter
als mindestens ein die Mündung überspannender
Steg ausgebildet ist, der einenends am Schaft des zweiten
Lumens befestigt und anderenends an der Außenseite der Mündung
des ersten Lumens befestigt ist. Ein oder mehrere Stege
können die Epiglottis davon abhalten, die Mündung zu
verschließen und dennoch mindestens eine Öffnung frei geben,
durch die die Beatmung erfolgen kann. Der mindestens
eine Steg ist vorzugsweise dorso-caudal angebracht, so dass
der mindestens eine Steg das Einführen eines optional durch
das erste Lumen eingeführten Trachealtubus in Richtung
Kehlkopfeingang unterstützen kann.</p>
    <p num="0011">Bei einer alternativen Ausführungsform ist der Abstandshalter
als an der Außenseite der Mündung des ersten Lumens angebrachte,
insbesondere elastische Zunge ausgebildet, deren
freies Ende im Schaftbereich des zweiten Lumens angeordnet
ist, insbesondere auf der Außenoberfläche des Schafts aufliegt.
Beim Einführen eines Trachealtubus oder eines anderen
Intubationshilfsmittels wird das freie Ende der Zunge
vom Schaft des zweiten Lumens weg gedrückt bzw. gespreizt,
so dass eine Öffnung frei gegeben wird. Bei an den Schaft
angelegtem Zustand lässt die Zunge jedoch genügend Freiraum
zum problemlosen Strömen der Atemluft. Gleichzeitig verhindert
sie, ähnlich wie der mindestens eine Steg, dass das
erste Lumen durch Speisereste oder anatomische Strukturen
(Weichteile) blockiert wird. Die Basis der Zunge ist vorzugsweise
an der Außenseite der Mündung des ersten Lumens
angebracht bzw. angelenkt. Die Zunge verjüngt sich vorteilhafterweise
zum freien Ende hin. </p>
    <p num="0012">Bei einer Ausgestaltung der Erfindung weist der Schaft des
zweiten Lumens im Mündungsbereich des ersten Lumens eine
der Mündung zugewandte Erhebung auf. Diese Erhebung kann
eine ungewollte Obstruktion der Mündung verhindern. Insbesondere
kann sie jedoch so ausgebildet sein, dass sie ein
eingeführtes Intubationshilfsmittel in Richtung Kehlkopf
lenkt.</p>
    <p num="0013">In einer bevorzugten Ausgestaltung der Erfindung verjüngt
sich der Beatmungstubus jenseits des ersten Ballons bis zum
freien Ende des Beatmungstubus hin. Durch diese Maßnahme
weist die Tubusspitze atraumatische Eigenschaften auf. Das
Einführen des Beatmungstubus kann somit durchgeführt werden,
ohne dass eine Verletzung des Kehlkopfes, der Trachea
oder des Ösophagus zu befürchten ist.</p>
    <p num="0014">Vorzugsweise weist der Beatmungstubus eine Tubusspitze auf,
die (füll-) federspitzenförmig ausgebildet ist.</p>
    <p num="0015">Bei einer weiteren Ausführungsform ist der Beatmungstubus
zumindest auf der körperabgewandten Seite des zweiten Ballons
im Querschnitt ansatzweise oval, vorzugsweise queroval,
ausgebildet. Mit einer solchen Ausbildung des Tubus
kann eine die Intubation oftmals limitierende zu geringe
Schneidezähnekantendistanz umgangen werden.</p>
    <p num="0016">Ist der zweite Ballon im aufgeblasenen Zustand im Querschnitt
ansatzweise queroval ausgebildet, kann eine optimale
Anpassung des Ballons an die Anatomie des Patienten erfolgen,
indem die Druckbelastung auf das angrenzende Gewebe
des Oropharynx reduziert wird. Insbesondere ist mit einem
derart gestalteten Ballon eine mittige Positionierung im 
Oropharynx möglich. Als Ballonmaterial ist naturlatexfreies
Material, insbesondere Syntheselatex, vorgesehen.</p>
    <p num="0017">Weitere Merkmale und Vorteile der Erfindung ergeben sich
aus der nachfolgenden Beschreibung eines Ausführungsbeispiels
der Erfindung, anhand den Figuren der Zeichnung, die
erfindungswesentliche Einzelheiten zeigen, und aus den Ansprüchen.
Die einzelnen Merkmale können je einzeln für sich
oder zu mehreren in beliebiger Kombination bei einer Variante
der Erfindung verwirklicht sein.</p>
    <heading>
      <u style="single">Zeichnung</u>
    </heading>
    <p num="0018">Ein Ausführungsbeispiel des erfindungsgemäßen Beatmungstubus
ist in der schematischen Zeichnung dargestellt und wird
in der nachfolgenden Beschreibung erläutert. Es zeigt:
<dl tsize="6"><dt><b>Fig. 1</b></dt><dd>eine Draufsicht auf einen Beatmungstubus;</dd><dt><b>Fig. 2</b></dt><dd>eine Schnittdarstellung gemäß der Linie II-II der
Fig. 1</dd></dl></p>
    <heading>
      <u style="single">Beschreibung des Ausführungsbeispiels</u>
    </heading>
    <p num="0019">Die Figuren sind sehr schematisch dargestellt, um die wesentlichen
erfinderischen Merkmale zu verdeutlichen. In den
Darstellungen sind die Dimensionen nur beispielhaft und
nicht maßstäblich zu verstehen.</p>
    <p num="0020"><b>Fig. 1</b> zeigt einen Beatmungstubus <b>1</b> mit einem ersten und
einem zweiten Lumen <b>2, 3,</b> die im körperabgewandten Bereich
des Beatmungstubus 1 durch eine Trennwand <b>4</b> voneinander getrennt 
sind. Im Gegensatz zum körperzugewandten Bereich ist
der Beatmungstubus 1 im körperabgewandten Bereich zweilumig
ausgebildet, wobei das zweite Lumen 3 am körperzugewandten
Ende des Beatmungstubus 1 offen endet. Im Endbereich ist
ein aufblasbarer erster Ballon <b>5</b> ausgebildet. Zum Aufblasen
des ersten Ballons 5 ist eine Zuleitung <b>6</b> vorgesehen, die
entlang des Beatmungstubus 1 bis zum ersten Ballon 5 geführt
ist. Nach dem ersten Ballon 5 verjüngt sich die Tubusspitze
<b>7</b> zum körperzugewandten offenen terminalen Ende
des Beatmungstubus 1 hin und weist dadurch atraumatische
Eigenschaften auf. Ferner ist das zweite Lumen 3 im körperzugewandten
Bereich aus der Zeichenebene heraus leicht gekrümmt.
Vom ersten Ballon 5 beabstandet ist ein zweiter
aufblasbarer Ballon <b>8</b> vorgesehen, der das erste und zweite
Lumen 2, 3 umgibt. Zum Aufblasen des zweiten Ballons 8 ist
eine Zuleitung <b>9</b> vorgesehen. Beide Zuleitungen 6, 9 münden
in eine nicht gezeigte Schnittstelle für einen Luerkonnektor.
Das erste Lumen 2 endet unmittelbar am körperzugewandten
Ende des zweiten Ballons 8 und weist dort eine axiale
Mündung <b>10</b> auf. Im Mündungsbereich ist ein als Zunge ausgebildeter
Abstandshalter <b>11</b> vorgesehen, die einenends mit
ihrer Basis <b>12</b> an der Außenseite <b>13</b> der Mündung 10 elastisch
befestigt ist. Das freie Ende <b>14</b> des Abstandshalters
11 ist in der Fig. 1 vom Schaft <b>15</b> des zweiten Lumens 3 gering
beabstandet gezeigt, kann jedoch auch auf dem Schaft
15 aufliegen. Weiterhin ist am Schaft 15 im Mündungsbereich
eine Erhebung <b>16</b> vorgesehen, die ein in das erste Lumen 2
einzuführendes Intubationshilfsmittel oder ein Bronchoskop
führen kann. Am körperabgewandten Ende weisen die Lumina
2,3 Ableitungsschenkel <b>17, 18</b> auf, die vorzugsweise knickstabile
Rippenschläuche sind. Um Beatmungshilfsmittel anschließen
zu können, sind 15mm-Konnektoren <b>19, 20</b> vorgesehen.
Eine Markierung <b>21</b> zeigt an, wie weit der Beatmungstubus 
1 eingeschoben werden kann. Über eine Graduierung <b>21'</b>
bzw. Skala kann die Intubationstiefe abgelesen werden. Die
Abstände der Graduierungsmarkierungen betragen 1 cm. In der
Wandung <b>22</b> des Beatmungstubus 1 ist ein drittes Lumen für
die Kapnographie vorgesehen, das einenends in einer Öffnung
<b>23</b> endet und anderenends in eine Gasabführleitung <b>24</b> übergeht,
die in eine nicht gezeigte Luerschnittstelle mündet.
Am Außenumfang des Beatmungstubus 1 sind röntgenstrahlendichte
Markierungen <b>25, 26</b> vorgesehen, über die die Lage
des platzierten Beatmungstubus 1 kontrolliert werden kann.
Die Markierung 25 verläuft entlang des zweiten Lumens 3 und
die Markierung 26 verläuft entlang des ersten Lumens 2. Die
Markierung 26 setzt sich im beschriebenen Ausführungsbeispiel
entlang des Abstandshalters 11 fort.</p>
    <p num="0021"><b>Fig. 2</b> zeigt einen Querschnitt gemäß der Linie II-II der
Fig. 1. Das erste und zweite Lumen 2, 3 sind im körperabgewandten
Bereich, in dem sie im wesentlichen parallel verlaufen,
durch eine Trennwand 4 voneinander getrennt. Nach
Außen werden sie von der Tubuswandung 22 begrenzt. Die
Querschnittsform des Beatmungstubus 1 ist in diesem Bereich
vorzugsweise queroval. Die Tubuswandung 22 wird von dem
zweiten Ballon 8 umgeben, der im aufgeblasenen Zustand eine
ebenfalls vorzugsweise querovale Querschnittsform annimmt.</p>
    <p num="0022">Je nach Verwendung des Beatmungstubus 1 wird das körperzugewandte
Ende des Beatmungstubus 1 in die Trachea oder in
den Ösophagus eingeführt. Der erste Ballon 5 wird dann aufgeblasen.
Sitzt der Beatmungstubus 1 in der Trachea, erfolgt
die Beatmung über das zweite Lumen 3. Sitzt der Beatmungstubus
1 dagegen im Ösophagus, dann erfolgt die Beatmung
über das erste Lumen 2. Der Rachenraum wird abgedichtet,
indem der zweite Ballon 8 aufgeblasen wird. Im aufgeblasenen 
Zustand des zweiten Ballons 8 wird der Beatmungstubus
1 in seiner platzierten Lage stabilisiert und
zentriert. Über das erste Lumen 2 kann beispielsweise ein
Bronchoskop in die Trachea eingeführt werden, wodurch der
Abstandshalter 11 vom Schaft 15 weg gespreizt wird. Gleichzeitig
kann bei Bedarf eine Magensonde über das zweite Lumen
3 eingeführt werden.</p>
    <p num="0023">Bei einem Beatmungstubus 1 mit einer Tubuswandung 22 zur
wahlweisen Endotracheal- oder Ösophagusobturatorbeatmung
mit einem ersten Lumen 2 und einem dazu im wesentlichen parallel
verlaufenden zweiten Lumen 3, wobei ein erster die
Tubuswandung 22 umgebender aufblasbarer Ballon 5 im Bereich
des körperzugewandten Endes des Beatmungstubus 1 und davon
beabstandet ein zweiter die Tubuswandung 22 umgebender aufblasbarer
Ballon 8 angeordnet ist, ist eine axiale Mündung
10 des ersten Lumens 2 unmittelbar am körperzugewandten Ende
des zweiten Ballons 8 angeordnet und ist der Beatmungstubus
1 im Bereich des ersten Ballons 5 einlumig ausgebildet.
Das Einführen von Intubationshilfsmitteln über
das erste Lumen 2 wird dadurch ermöglicht, so dass der
Beatmungstubus vielfältig einsetzbar ist.</p>
  </description>
  <claims load-source="ep" status="new" lang="DE">
    <claim num="1">
      <claim-text>Beatmungstubus (1) mit einer Tubuswandung (22) zur
wahlweisen Endotracheal- oder Ösophagusobturatorbeatmung
mit einem ersten Lumen (2) und einem dazu im wesentlichen
parallel verlaufenden zweiten Lumen (3),
wobei ein erster die Tubuswandung (22) umgebender
aufblasbarer Ballon (5) im Bereich des körperzugewandten
Endes des Beatmungstubus (1) und davon
beabstandet ein zweiter die Tubuswandung (22) umgebender
aufblasbarer Ballon (8) angeordnet ist, dadurch
gekennzeichnet, dass eine axiale Mündung (10)
des ersten Lumens (2) unmittelbar am körperzugewandten
Ende des zweiten Ballons (8) angeordnet ist und
dass der Beatmungstubus (1) im Bereich des ersten
Ballons (5) einlumig ausgebildet ist.</claim-text>
    </claim>
    <claim num="2">
      <claim-text>Beatmungstubus nach Anspruch 1, dadurch gekennzeichnet,
dass im Bereich der Mündung (10) des ersten Lumens
(2) mindestens ein Abstandshalter (11) vorgesehen
ist.</claim-text>
    </claim>
    <claim num="3">
      <claim-text>Beatmungstubus nach Anspruch 2, dadurch gekennzeichnet,
dass der Abstandshalter (11) als mindestens ein
die Mündung (10) überspannender Steg ausgebildet ist,
der einenends am Schaft (15) des zweiten Lumens (3)
befestigt ist und anderenends an der Außenseite (13)
der Mündung (10) des ersten Lumens (2) befestigt ist.</claim-text>
    </claim>
    <claim num="4">
      <claim-text>Beatmungstubus nach Anspruch 2, dadurch gekennzeichnet,
dass der Abstandshalter (11) als an der Außenseite
(13) der Mündung (10) des ersten Lumens (2) angebrachte,
insbesondere elastische, Zunge ausgebildet
ist, deren freies Ende (14) im Schaftbereich des
zweiten Lumens (3) angeordnet ist, insbesondere auf
der Außenoberfläche des Schafts (15) aufliegt.</claim-text>
    </claim>
    <claim num="5">
      <claim-text>Beatmungstubus nach einem der vorhergehenden Ansprüche,
dadurch gekennzeichnet, dass der Schaft (15) des
zweiten Lumens (3) im Mündungsbereich des ersten Lumens
(2) eine der Mündung (10) zugewandte Erhebung
(16) aufweist.</claim-text>
    </claim>
    <claim num="6">
      <claim-text>Beatmungstubus nach einem der vorhergehenden Ansprüche,
dadurch gekennzeichnet, dass der Beatmungstubus
(1) sich jenseits des ersten Ballons (5) bis zum
freien Ende des Beatmungstubus (1) hin verjüngt.</claim-text>
    </claim>
    <claim num="7">
      <claim-text>Beatmungstubus nach einem der vorhergehenden Ansprüche,
dadurch gekennzeichnet, dass der Beatmungstubus
(1) eine Tubusspitze (7) aufweist, die (füll-) federspitzenförmig
ausgebildet ist.</claim-text>
    </claim>
    <claim num="8">
      <claim-text>Beatmungstubus nach einem der vorhergehenden Ansprüche,
dadurch gekennzeichnet, dass der Beatmungstubus
(1) zumindest auf der körperabgewandten Seite des
zweiten Ballons (8) im Querschnitt ansatzweise oval,
insbesondere queroval, ausgebildet ist.</claim-text>
    </claim>
    <claim num="9">
      <claim-text>Beatmungstubus nach einem der vorhergehenden Ansprüche,
dadurch gekennzeichnet, dass der zweite Ballon
(8) im aufgeblasenen Zustand im Querschnitt ansatzweise
queroval ausgebildet ist.</claim-text>
    </claim>
  </claims>
  <copyright>User acknowledges that the Information Retrieval Facility (IRF) and its third party providers retain all right, title and interest in and to this xml under applicable copyright laws. User acquires no ownership rights to this xml including but not limited to its format. User hereby accepts the terms and conditions of the Licence Agreement set forth at http://www.ir-facility.org/legal/marec/data_licence</copyright>
</patent-document>
