<?xml version="1.0" encoding="utf-8"?>
<!DOCTYPE patent-document PUBLIC "-//MXW//DTD patent-document XML//EN" "http://www.ir-facility.org/dtds/patents/v1.4/patent-document.dtd">
<patent-document ucid="EP-1260509-A1" country="EP" doc-number="1260509" kind="A1" lang="FR" family-id="8863657" status="new" date-produced="20090516" date="20021127">
  <bibliographic-data>
    <publication-reference ucid="EP-1260509-A1" status="new" fvid="23611226">
      <document-id status="new" format="original">
        <country>EP</country>
        <doc-number>1260509</doc-number>
        <kind>A1</kind>
        <date>20021127</date>
      </document-id>
    </publication-reference>
    <application-reference ucid="EP-02291281-A" status="new" is-representative="NO">
      <document-id status="new" format="epo">
        <country>EP</country>
        <doc-number>02291281</doc-number>
        <kind>A</kind>
        <date>20020524</date>
      </document-id>
    </application-reference>
    <priority-claims status="new">
      <priority-claim ucid="FR-0106897-A" status="new">
        <document-id status="new" format="epo">
          <country>FR</country>
          <doc-number>0106897</doc-number>
          <kind>A</kind>
          <date>20010525</date>
        </document-id>
      </priority-claim>
    </priority-claims>
    <technical-data status="new">
      <classifications-ipcr>
        <classification-ipcr status="new">A61K   8/30        20060101C I20051008RMEP        </classification-ipcr>
        <classification-ipcr status="new">A61K   8/67        20060101A I20051008RMEP        </classification-ipcr>
        <classification-ipcr status="new">A61K  31/352       20060101C I20051008RMEP        </classification-ipcr>
        <classification-ipcr status="new">A61K  31/355       20060101A I20051008RMEP        </classification-ipcr>
        <classification-ipcr status="new">A61P  17/00        20060101C I20060521RMFR        </classification-ipcr>
        <classification-ipcr status="new">A61P  17/16        20060101A I20060521RMFR        </classification-ipcr>
        <classification-ipcr status="new">A61Q  19/00        20060101A I20051008RMEP        </classification-ipcr>
        <classification-ipcr status="new">A61Q  19/00        20060101C I20051008RMEP        </classification-ipcr>
        <classification-ipcr status="new">C07D 311/00        20060101C I20051008RMEP        </classification-ipcr>
        <classification-ipcr status="new">C07D 311/72        20060101A I20051008RMEP        </classification-ipcr>
      </classifications-ipcr>
      <classification-ecla status="new">
        <classification-symbol scheme="EC">A61K  31/355</classification-symbol>
        <classification-symbol scheme="EC">A61K   8/67L</classification-symbol>
        <classification-symbol scheme="EC">A61Q  19/00</classification-symbol>
        <classification-symbol scheme="EC">C07D 311/72</classification-symbol>
        <classification-symbol scheme="ICO">M07D311:72</classification-symbol>
      </classification-ecla>
      <invention-title load-source="ep" status="new" lang="DE">Anwendungen von Tocopherolestern</invention-title>
      <invention-title load-source="ep" status="new" lang="EN">Uses of tocopherol esters</invention-title>
      <invention-title load-source="ep" status="new" lang="FR">Utilisations d'esters de tocophérol</invention-title>
    </technical-data>
    <parties>
      <applicants>
        <applicant status="new" format="epo">
          <addressbook>
            <name>DERMA DEV S A R L</name>
            <address>
              <country>FR</country>
            </address>
          </addressbook>
        </applicant>
        <applicant status="new" format="intermediate">
          <addressbook>
            <name>DERMA DEVELOPPEMENT S.A.R.L.</name>
          </addressbook>
        </applicant>
        <applicant status="new" format="original">
          <addressbook>
            <last-name>Derma Developpement S.A.R.L.</last-name>
            <address>
              <street>19, avenue Carnot</street>
              <city>La Molière, 78290 Croissy sur Seine</city>
              <country>FR</country>
            </address>
          </addressbook>
        </applicant>
      </applicants>
      <inventors>
        <inventor status="new" format="epo">
          <addressbook>
            <name>BRIN ANDRE JEAN</name>
            <address>
              <country>FR</country>
            </address>
          </addressbook>
        </inventor>
        <inventor status="new" format="epo">
          <addressbook>
            <name>TAPIERO CLAUDE</name>
            <address>
              <country>FR</country>
            </address>
          </addressbook>
        </inventor>
        <inventor status="new" format="intermediate">
          <addressbook>
            <name>BRIN, ANDRE JEAN</name>
          </addressbook>
        </inventor>
        <inventor status="new" format="intermediate">
          <addressbook>
            <name>TAPIERO, CLAUDE</name>
          </addressbook>
        </inventor>
        <inventor status="new" format="original">
          <addressbook>
            <last-name>Brin, André Jean</last-name>
            <address>
              <street>21 rue des Ponts</street>
              <city>78290 Croissy Sur Seine</city>
              <country>FR</country>
            </address>
          </addressbook>
        </inventor>
        <inventor status="new" format="original">
          <addressbook>
            <last-name>TAPIERO, CLAUDE</last-name>
            <address>
              <street>168 rue du Grézac</street>
              <city>34080 Montpellier</city>
              <country>FR</country>
            </address>
          </addressbook>
        </inventor>
      </inventors>
      <agents>
        <agent status="new" format="original">
          <addressbook>
            <last-name>Burtin, Jean-François</last-name>
            <address>
              <street>Cabinet GEFIB, 82, rue Baudin</street>
              <city>92300 Levallois-Perret</city>
              <country>FR</country>
            </address>
          </addressbook>
        </agent>
      </agents>
    </parties>
    <international-convention-data>
      <designated-states>
        <ep-contracting-states>
          <country>AT</country>
          <country>BE</country>
          <country>CH</country>
          <country>CY</country>
          <country>DE</country>
          <country>DK</country>
          <country>ES</country>
          <country>FI</country>
          <country>FR</country>
          <country>GB</country>
          <country>GR</country>
          <country>IE</country>
          <country>IT</country>
          <country>LI</country>
          <country>LU</country>
          <country>MC</country>
          <country>NL</country>
          <country>PT</country>
          <country>SE</country>
          <country>TR</country>
        </ep-contracting-states>
      </designated-states>
    </international-convention-data>
  </bibliographic-data>
  <abstract load-source="docdb" source="EPO" status="new" lang="EN">
    <p>The use of  omega 3 or  omega 6 mono and polyunsaturated fatty acid esters of tocopherol (I) in pharmaceutical, cosmetic and dietetic compositions to stimulate dermal mitochondrial respiratory capacity. The use of  omega 3 or  omega 6 mono and polyunsaturated fatty acid esters of tocopherol (I); R = residue of an aliphatic fatty acid having at least one double bond; n = 1 - 3 in pharmaceutical, cosmetic and dietetic compositions to stimulate dermal mitochondrial respiratory capacity. An Independent claim is also included for the preparation of (I).</p>
  </abstract>
  <abstract load-source="ep" status="new" lang="FR">
    <p>La présente invention se rapporte à l'utilisation d' esters de Tocophérol et plus
particulièrement à celles des esters d'acides gras mono-ou polyinsaturés en ω3 ou ω6.</p>
    <p>Ces esters de Tocophérol sont représentés par la formule générale I:
<img id="img-80000001" orientation="unknown" wi="121" img-format="tif" img-content="cf" file="80000001.tif" inline="no" he="28"/>
dans laquelle R est le reste de la chaíne aliphatique d'un acide gras comportant au
moins une double liaison éthylénique.

n est un nombre entier variant de 1 à 3.</p>
    <p>Les composés de formule générale I selon l'invention peuvent être obtenus par un
procédé qui consiste à préparer un dérivé fonctionnel d'acide gras polyinsaturé, puis à
le faire réagir, éventuellement en présence d'un activateur du carboxyle et/ ou d'un
catalyseur d'estérification, avec un tocophérol et à isoler l'ester de tocophérol et d'acide
gras polyinsaturé.</p>
    <p>Les composés de formule générale I servent de principes actifs à des compositions
pharmaceutiques, cosmétiques et /ou diététiques ayant notamment une action
antivieillissement, anti-inflammatoire, anti-radicalaire et énergisante.</p>
  </abstract>
  <description load-source="ep" status="new" lang="FR">
    <p num="0001">La présente invention se rapporte à l'utilisation d'esters de Tocophérol avec des acides
gras mono-ou polyinsaturés de la série ω3 ou de la série ω6, répondant à la formule
générale I
<img id="img-00010001" orientation="unknown" wi="128" img-format="tif" img-content="cf" file="00010001.tif" inline="no" he="28"/>
   dans laquelle R est le reste de la chaíne aliphatique d'un acide gras portant au moins
une double liaison et n est un nombre entier variant de 1 à 3,</p>
    <p num="0002">L'invention comprend donc l'utilisation des esters de tocophérol et d'acides gras monoinsaturés
ayant de 11 à 22 atomes de carbone. A titre d'exemple et de façon non
limitative on pourra citer les esters d'acides undécylénique (C11 :1), et les esters
d'acides palmitoléique (C16 : 1)</p>
    <p num="0003">L'invention comprend également l'utilisation des esters de tocophérol et d'acides gras
polyinsaturés de la série ω3, à l'exception du γ-linolénate d'α-tocophérol. A titre
d'exemple et de façon non limitative on pourra citer les esters d'acides α-linolénique
(C18 : 3 ω3), octadécatétraénoïque (C18 : 4ω3), éicosatétraénoïque (C20 : 4ω3), et
docosahexaénoïque (C22 : 6ω3).</p>
    <p num="0004">L'invention comprend également l'utilisation des esters de tocophérol et d'acides gras
polyinsaturés de la série ω6. A titre d'exemple et de façon non limitative on peut citer
les esters d'acides linoléique (C18 : 2 ω6 ), dihomo- γ-linolénique (C20 : 3ω6 ),
arachidonique (C20 : 4ω6), et docosapentaénoïque (C22 : 5ω6). </p>
    <p num="0005">Parmi les composés de formule générale I on distinguera les esters de tocophéryle et
notamment les esters d' α-tocophérol, les esters de β- tocophérol, les esters de γ-tocophérol
et les esters de δ-tocophérol. les tocophérol peuvent être sous forme
racémique (<i>dl</i>) ou sous forme optiquement active (<i>d ou l</i>).</p>
    <p num="0006">Les composés de formule générale I selon l'invention peuvent être obtenus par un
procédé qui consiste à préparer un dérivé fonctionnel d'acide gras mono ou
polyinsaturé, puis à le faire réagir, éventuellement en présence d'un activateur du
carboxyle et/ ou d'un catalyseur d'estérification avec un tocophérol et à isoler l'ester de
tocophérol et d'acide gras mono ou polyinsaturé.</p>
    <p num="0007">Les composés de formule générale I selon l'invention peuvent être obtenus par un
procédé qui consiste à transformer l'acide gras mono ou polyinsaturé en halogénure
d'acide. La réaction d'estérification proprement dite est réalisée avec l' α-tocophérol en
solution dans la pyridine. On peut activer la réaction en ajoutant une base tertiaire
comme la triéthylamine ou la 4-diméthyl aminopyridine. Comme halogénure d'acide
gras mono ou poly insaturé on pourra citer le chlorure, le bromure ou l'iodure ; le
chlorure est le réactif préféré. On pourra également utiliser un anhydride d'acide ou un
anhydride mixte avec un carbodiimide.

La méthode de purification utilisée est la chromatographie liquide sur colonne de gel de
silice.</p>
    <p num="0008">Les esters obtenus dans la présente invention ont été analysés par spectrométrie Infra
rouge. Des bandes caractéristiques de ce type d'ester ont été déterminés :
<sl><li>3010 cm<sup>-1</sup>= alcène ou alcane selon qu' on a une bande intense ou fine</li><li>2926 cm<sup>-1</sup>= alcène ou alcane selon qu' on a une bande intense ou fine</li><li>2859 cm<sup>-1</sup>= alcène ou alcane selon qu' on a une bande intense ou fine</li><li>1756 cm<sup>-1</sup>= carbonyle de la fonction ester (bande intense)</li><li>1460/ 1376 cm<sup>-1</sup> =CH 3-CH bande intense/ moyenne</li><li>1136/ 1109 cm<sup>-1</sup> 2 bandes intenses avec une différence de 30 cm-1 = éther/ éther
aromatique</li><li>920 cm<sup>-1</sup>= alcène</li><li>734 cm<sup>-1</sup>= alcène</li></sl></p>
    <p num="0009">L' invention a également pour objet des compositions pharmaceutiques, cosmétiques
et/ou diététiques, ayant une utilité chez l'Homme ou l'animal, et renfermant comme
principe actif un ou des esters d'acide gras non saturé de tocophérol de formule
générale I avec des excipients ou des véhicules appropriés.</p>
    <p num="0010">Ces compositions ont pour objet l'utilisation en application topique des esters d'acide
gras non saturé de tocophérol.

Les compositions selon l'invention peuvent donc se trouver sous la forme libre ou sous
forme encapsulée ou sous forme de liposome pour une meilleure diffusion.</p>
    <p num="0011">Les compositions de la présente invention sont particulièrement aptes à l'application
locale notamment sous la forme de gel, de crème H/E ou E/H, d'émulsion, de lotions,
de pommade, de poudre, de lotion capillaire, de spray, d'ampoule, de sérum ou de
patches.

Elles sont également adaptées notamment pour l'administration, par voie orale, sous
forme de solution buvable ou de capsule.</p>
    <p num="0012">Dans ces compositions, la teneur en principe actif de formule générale I peut varier de
0,001 % à 15 % et plus particulièrement de 0,01 à 5% en fonction du mode d'
administration ou du mode d'application de ces compositions.</p>
    <p num="0013">Elles renferment en outre des agents solubilisants, des polymères épaississants, des
huiles de silicone, des agents stabilisants, des agents émulsionnants.</p>
    <p num="0014">D'une manière préférée, on utilisera des supports destinés à être dilués ou incorporés
dans des préparations telles que des crèmes ou des gels. La phase huileuse contenant
éventuellement des agents tensioactifs non ioniques et/ou des silicones est ensuite
additionnée d'une phase aqueuse contenant éventuellement un agent gélifiant ou un
agent épaississant. Après agitation prolongée, on obtient ainsi une émulsion que l'on
incorpore dans une base cosmétique, grasse ou non grasse, pour réaliser une crème
ou un gel. On procédera de manière semblable pour les préparations à phase continue
huileuse.</p>
    <p num="0015">La phase huileuse contient éventuellement des agents tensioactifs non ioniques et/ou
des silicones. </p>
    <p num="0016">On pourra également utiliser l'ester d'acide gras de tocophérol dans la glycérine,
l'incorporer dans une solution de polyéthylèneglycol contenant un agent dispersant ou
tensioactif, et l'additionner d'une huile de silicone pour réaliser une émulsion fluide que
l'on peut, si désiré, colorer et/ou parfumer à l'aide d'une essence de fleurs ou de
plantes naturelle ou bien encore avec une substance odoriférante comme une ionone
le lavendulol ou un parfum.</p>
    <p num="0017">Les compositions peuvent ainsi contenir un agent émulsionnant comme un stéarate
d'éthylène glycol, un stéarate de sorbitol + polysorbate 60, le PEG-20 sesquistéarate
de méthyl glucose, le PEG-30 dipoly hydroxy stéarate + sorbitol et esters de glycérol,
ou encore le cétyl dimethicone copolyol.</p>
    <p num="0018">Parmi les polymères que l'on peut adjoindre, on citera en particulier les agents
épaississants comme les polymères d'éthylène glycol comme le PEG 400, le PEG 600
ou des dérivés de la cellulose comme la β- hydroxy éthyl cellulose ou l'hydroxypropyl
méthyl cellulose ou la méthyl cellulose.</p>
    <p num="0019">Parmi les solubilisants , on peut adjoindre à la préparation soit des huiles polaires telles
que l'huile de jojoba, des triglycérides d'acide caprylique ou caprique, de I' huile de
macadamia, de I' huile de cameline, de I' huile de lin ou de I' huile de kiwi, soit des
carbures apolaires comme l'isohexadécane, de l'huile minérale, du squalane soit
encore des huiles siliconées comme la diméthicone, la cyclométhicone, la phenyl
triméthicone, le mélange de cyclopentasiloxane et de diméthycone copolyol.</p>
    <p num="0020">Comme gélifiants on peut citer à titre d'exemple les carbomères tels que les acrylates/
C10-30 alkoyl acrylate de polymère croisé 1,2 et 3 ou des gels naturels comme la
gomme xanthane ou les alginates tels que l'alginate de sodium, un mélange de
polyacrylamide et de C13-14 isoparaffine et de laureth-7 polysaccharide.</p>
    <p num="0021">Les compositions peuvent être employées plus efficacement que les compositions de
l'art antérieur qui utilisent une simple association d'acide gras poly-insaturé et d'α
tocophérol, notamment en ce qui concerne : <ul list-style="bullet"><li>l'influence sur la synthèse des constituants du derme comme le collagène, l'élastine,
l'acide hyaluronique et les protéoglycanes.</li><li>l'influence sur la synthèse des lipides cutanés de type céramides et sur les métalloprotéases
et protéines kinases.</li><li>l'action anti-vieillissement</li><li>l'action anti-radicalaire HX/XO et anti UVB.</li><li>l'action anti-inflammatoire</li><li>l'effet stimulant sur la capacité respiratoire des mitochondries.</li><li>I' action énergisante sur les cellules.</li></ul></p>
    <p num="0022">L'exemple I suivant illustre l'invention sans toutefois la limiter.</p>
    <heading>
      <u style="single">Exemple I :</u>
    </heading>
    <p num="0023">Dans un ballon de 250 ml équipé d'un réfrigérant ascendant, d'une agitation mécanique
et purgé par un flux d'azote, on dissout 10,32 g (37 mmoles) d'acide γ-linolénique à
99% dans 70 ml de CH<sub>2</sub>Cl<sub>2</sub> puis on ajoute en une portion 11ml (144 mmoles) de
chlorure de thionyle. On porte à reflux pendant 90 minutes. L'excès de chlorure de
thionyle et le solvant sont chassés sous vide. On obtient une huile incolore à laquelle
on incorpore 4 ml (49mmoles) de pyridine et 50 ml de CH<sub>2</sub>Cl<sub>2</sub>.Une solution de 15,4 g
de <i>dl-α</i>-tocophérol à 98 % dans 50 ml de CH<sub>2</sub>Cl<sub>2</sub> est ajoutée goutte à goutte en 30
minutes. Le milieu est porté à reflux pendant 60 minutes et un solide blanc, floconneux
apparaít en suspension. Après une nuit de repos, le milieu est neutralisé par 75 ml
d'une solution d'acide chlorhydrique 0.67 N. Après décantation et extraction par 3 x 30
ml d'éther isopropylique, les phases organiques réunies sont séchées sur MgSO<sub>4</sub>,
filtrées et évaporées à sec pour donner une huile jaune pâle qui est chromatographiée
sur une colonne (hauteur 55 mm, diamètre 190mm) de gel de silice (70-200µm), par un
mélange éluant éther isopropylique/hexane 1 : 9 (Rf 0, 28). On recueille 16.8 g d'une 
huile très légèrement colorée en jaune (Rdt 66%) constituée essentiellement de γ-linolénate
d'α-tocophéryle.</p>
    <p num="0024">Le γ-linolénate d'α-tocophéryle peut être différencié des autres dérivés du tocophérol
par son temps de rétention en HPLC. Une colonne de silice de type Nucléosil 8 µm
(300 mmx 4,6 mm) peut-être utilisée. Le γ-linolénate d'α-tocophéryle est dilué dans
l'acétone à 1%. La phase mobile est le THF 2% / Hexane 98%.

Le débit est fixé à 1ml/min ; Le γ-linolénate d'α-tocophéryle a un temps de rétention de
4,06 minutes.</p>
    <p num="0025">De la même façon, en utilisant la même quantité d'un autre acide gras mono ou
polyinsaturé de la série ω3 ou ω6 et selon le même mode opératoire, on pourra obtenir
les autres esters de tocophérol d'acide gras mono ou polyinsaturé.</p>
    <p num="0026">Des exemples non limitatifs de compositions selon l'invention sont présentées ci-dessous
:</p>
    <heading>
      <u style="single">Formulation 1 :</u>
    </heading>
    <heading>
      <b>
        <i>Crème</i>
      </b>
    </heading>
    <p num="0027">
      <sl>
        <li>γ-linolénate d'α tocophéryle 0.5 %</li>
        <li>Glycérine 5%</li>
        <li>Poly propylène de glycérol-26-butyreth-26 4%</li>
        <li>Poly éthylène glycol-40 dans l'huile de ricin hydrogénée 4%</li>
        <li>eau qsp 100</li>
      </sl>
    </p>
    <heading>
      <u style="single">Formulation 2 :</u>
    </heading>
    <heading>
      <b>
        <i>Capsule</i>
      </b>
    </heading>
    <p num="0028">
      <sl>
        <li>γ-linolénate d'α tocophéryle 2 %</li>
        <li>Huile de cameline 1000 mg</li>
        <li>pour une capsule</li>
      </sl>
    </p>
    <heading>
      <u style="single">Formulation 3 :</u>
    </heading>
    <heading>
      <b>
        <i>Crème</i>
      </b>
    </heading>
    <p num="0029">
      <sl>
        <li>Alcool cétéarylique et ceteareth-20 3,5 %</li>
        <li>Acool cétylique 3,5 %</li>
        <li>Palmitate d'octyle 9%</li>
        <li>γ-linolénate d'α tocophéryle 0.5 %</li>
        <li>Caséine- Gomme xanthane 1%</li>
        <li>eau qsp 100</li>
      </sl>
    </p>
    <heading>
      <u style="single">Formulation 4 :</u>
    </heading>
    <p num="0030"><tables><table><tgroup cols="3"><tbody><row><entry nameend="3" namest="1"><b><i>Emulsion huile dans l'eau</i></b></entry></row><row><entry align="left">Phase A</entry><entry align="center">Glycérol</entry><entry align="center">4 %</entry></row><row><entry align="left"/><entry align="center">Carbomère</entry><entry align="center">1</entry></row><row><entry align="left">Phase B</entry><entry align="center">Eau désionisée</entry><entry align="center">qsp100</entry></row><row><entry align="left">Phase C</entry><entry align="center">PEG-78-glyceryl cocoate</entry><entry align="center">1</entry></row><row><entry align="left"/><entry align="center">γ-linolénate d'α tocophéryle 0.5 %</entry></row><row><entry align="left"/><entry align="center">Huile essentielle d'orange amère</entry><entry align="center">0,1</entry></row><row><entry align="left">Phase D</entry><entry align="center">Conservateur (s)</entry><entry align="center">0,7</entry></row><row><entry align="left">Phase E</entry><entry align="center">NaOH diluée à 10%</entry><entry align="center">qsp pH=6</entry></row></tbody></tgroup></table></tables>
Additionner la phase A dans la Phase B.

Sous agitation additionner la Phase C.

Puis ajouter la phase C sous forte agitation

Une fois homogénéisation complète, ajouter D.

Stabiliser le pH à 5 -6 par de la soude diluée.</p>
    <heading>
      <b>ETUDE PHARMACOLOGIQUE DES COMPOSES DE FORMULE I</b>
    </heading>
    <heading>
      <u style="single">1. Etude d'un ester de tocophéryle avec un acide gras mono ou polyinsaturé, sur l'activité de la tyrosine kinase sur des mélanocytes humains.</u>
    </heading>
    <heading>
      <u style="single">5. Préparation des cellules</u>
    </heading>
    <p num="0031">Les mélanocytes humains sont ensemencés à la densité de 50 000 cellules/cm<sup>2</sup> dans
des plaques multipuits.

Les cellules sont incubées à 37°C en atmosphère humide contenant 5% (v/v) de CO<sub>2</sub>.
Le milieu de culture est le MCDB 153 supplémenté par l'EGF (5 ng/mL) (Sigma),
l'insuline (5 µg/mL)(Sigma), l'hydrocortisone (5 ng/mL)(Sigma),du sérum de veau foetal
(SVF) à 5 % (v/v)( Gibco).

Le milieu de culture est remplacé après 24 heures de culture et supplémenté par des
antibiotiques (Peni-Strepto)(Gibco) à 1% (V/v) contenant les différentes concentrations
d'un ester de tocophéryle avec un acide gras mono ou polyinsaturé ( 1, 10 et 100
µg/mL).</p>
    <p num="0032">Ce sont des concentrations non cytotoxiques qui ne modifient pas la croissance
cellulaire.

Une série « témoin positif» est constituée de cellules traitées à l'hydroquinone à 1
µg/mL.</p>
    <heading>6. <u style="single">Evaluation de l'activité tyrosine kinase.</u></heading>
    <p num="0033">Les cellules sont incubées pendant 72 heures à 37°C en atmosphère humide
contenant 5% (v/v) de CO<sub>2</sub>.

A la fin de la période d'incubation, le milieu de culture est prélevé et la couche cellulaire
rincée deux fois avec du PBS. 450 µL de Triton X100 à 1% (v/v) dans le PBS sont
ajouté dans chaque puits. On agite pendant 10 minutes puis on ajoute 50 µL de L-Dopamine
à 10 mM dans du PBS sans Ca<sup>++</sup> ni Mg <sup>++</sup></p>
    <p num="0034">On laisse incuber pendant 1 heure à 37°C à l'abri de la lumière, puis on mesure
l'absorption à 475 nm au spectrophotomètre.
<tables><table><tgroup cols="6"><tbody><row><entry align="center"/><entry align="center">témoin</entry><entry align="center">hydroquinone</entry><entry align="center">1 µg/mL</entry><entry align="center">10 µg/mL</entry><entry align="center">100 µg/mL</entry></row><row><entry align="left">moyenne absorbance à 475 nm</entry><entry align="center">0.044 ± 0.002</entry><entry align="center">0.024 ± 0.001</entry><entry align="center">0.046 ± 0.000</entry><entry align="center">0.052 ± 0.003</entry><entry align="center">0.050 ± 0.002</entry></row></tbody></tgroup></table></tables></p>
    <heading>
      <u style="single">Résultats</u>
    </heading>
    <p num="0035">Un ester de tocophéryle avec un acide gras mono ou polyinsaturé à la concentration de
10 µg/mL exerce une stimulation de la tyrosinase de l'ordre de 18 %.</p>
    <heading>
      <u style="single">2. Etude d'un ester de tocophéryle avec un acide gras mono ou polyinsaturé sur
l'activité anti-inflammatoire sur une préparation de monocytes/macrophages humains
activés ou non par les LPS (lipopolysaccharides).</u>
    </heading>
    <heading>
      <u style="single">a) Préparation des monocouches de monocytes/macrophages humains.</u>
    </heading>
    <p num="0036">Les monocytes/macrophages sont purifiés à partir d'une poche de sang. Le « Buffy
coat » est prélevé stérilement et dilué 7 fois dans un tampon PBS-EDTA.

Une solution de Percoll (Pharmacia) est préparée extemporanément :
<ul list-style="bullet"><li>solution A : 9 mL de Percoll + 1 mL de NaCl 1,5 M</li><li>solution B : 6 mL de solution A + 4 mL de NaCl 1,5 M
24 tubes sont préparées ( 7 mL de « Buffy coat » dilué + 4 mL de solution B,
centrifugés 800 G pendant 30 minutes à température ambiante.</li></ul></p>
    <p num="0037">L'interface contenant les cellules mononuclées est prélevée et rincée 2 fois avec du
PBS-EDTA ( 5mM) puis avec du milieu Ham F12 (Gibco) supplémenté avec du sérum
de veau foetal (SVF) à 10 % inactivé par la chaleur.

Le culot est suspendu dans du milieu Ham F12 supplémenté par de la L-glutamine
(2mM) et du SVF à 20%. On obtient une suspension à 4 x 10<sup>6</sup> cellules/mL.</p>
    <p num="0038">Les cellules sont ensemencées à la densité de 4 x 10<sup>6</sup> cellules/puits dans des plaques
multipuits.</p>
    <p num="0039">Les cellules sont incubées à 37°C en atmosphère humide contenant 5% (v/v) de CO<sub>2</sub>
pendant 2 heures de façon à obtenir une population cellulaire adhérente de 110 000 à
150 000 cellules/cm<sup>2</sup> composée à 95 % de monocytes/macrophages. Le milieu est 
ensuite remplacé par du Ham F12 supplémenté par du SVF à 5 % et de la L-glutamine
à 2 mM.</p>
    <p num="0040">Une série « témoin positif» est constituée de cellules traitées au phénol à 640 µg/mL.
L'étude est réalisée avec différentes concentrations d'un ester de tocophéryle avec un
acide gras mono ou polyinsaturé ( 1, 10, 50,100 et 500 µg/mL).</p>
    <p num="0041">Deux séries de tubes sont supplémentés par 1 et 5 µg/mL de LPS.</p>
    <p num="0042">Les monocytes/macrophages sont incubés pendant 24 heures à 37°C en atmosphère
humide contenant 5% (v/v) de CO<sub>2</sub>. Le milieu de culture est prélevé (mis à -80°C). Une
seconde incubation de 24 heures est effectuée dans les conditions identiques.</p>
    <p num="0043">La couche cellulaire est incubée en présence de trypsine-EDTA. Les cellules
détachées sont centrifugées puis mises en suspension dans 300 µL d'eau distillée.

Les IL-1α sont dosées à l'aide du Kit Immunotech dans le compartiment intracellulaire
(0-48 heures) et dans le compartiment milieu de culture (0-24 heures et 24-48 heures).</p>
    <p num="0044">Les résultats obtenus sont présentés dans le Tableau 2.
<tables><table><tgroup cols="3"><tbody><row><entry nameend="3" namest="1">compartiment intracellulaire (0-48 heures)</entry></row><row><entry align="center">µg/mL</entry><entry align="center">IL-1α (pg/puits)</entry><entry align="center">IL-1α (pg/10 <sup>6</sup>cellules)</entry></row><row><entry align="center">Témoin</entry><entry align="center">26 ± 7</entry><entry align="center">82 ± 22</entry></row><row><entry align="center">500</entry><entry align="center">71 ± 24</entry><entry align="center">250 ± 83</entry></row><row><entry align="center">100</entry><entry align="center">65 ± 9</entry><entry align="center">229 ± 31</entry></row><row><entry align="center">50</entry><entry align="center">43 ± 5</entry><entry align="center">145 ± 17</entry></row><row><entry align="center">10</entry><entry align="center">40 ± 8</entry><entry align="center">135 ± 27</entry></row><row><entry align="center">1</entry><entry align="center">35 ± 3</entry><entry align="center">123 ± 9</entry></row><row><entry align="center">LPS 1</entry><entry align="center">958 ± 85</entry><entry align="center">3199 ± 284 </entry></row><row><entry align="center">LPS 5</entry><entry align="center">1651 ± 62</entry><entry align="center">5393 ± 201</entry></row><row><entry align="center"/></row><row><entry align="center">µg/ml</entry><entry align="center">IL-1α (pg/puits)</entry><entry align="center">IL-1α (pg/10 <sup>6</sup> cellules)</entry></row><row><entry align="center">Témoin</entry><entry align="center">51,6 ± 8,9</entry><entry align="center">176 ± 30</entry></row><row><entry align="center">500 + LPS1</entry><entry align="center">362,1 ± 91,4</entry><entry align="center">1213 ± 306</entry></row><row><entry align="center">100+ LPS1</entry><entry align="center">464,1 ± 20,2</entry><entry align="center">1543 ± 67</entry></row><row><entry align="center">50 + LPS1</entry><entry align="center">506,0 ± 78,5</entry><entry align="center">1721 ± 267</entry></row><row><entry align="center">10 + LPS1</entry><entry align="center">324,5 ± 87,3</entry><entry align="center">1053 ± 283</entry></row><row><entry align="center">1 + LPS1</entry><entry align="center">444,8 ± 87,1</entry><entry align="center">1389 ± 272</entry></row><row><entry align="center">LPS1</entry><entry align="center">468,5 ± 122,9</entry><entry align="center">1570 ± 412</entry></row><row><entry align="center"/></row><row><entry align="center">µg/ml</entry><entry align="center">IL-1α (pg/puits)</entry><entry align="center">IL-1α (pg/10 <sup>6</sup> cellules)</entry></row><row><entry align="center">Témoin</entry><entry align="center">51,6 ± 8,9</entry><entry align="center">175,7 ± 304,4</entry></row><row><entry align="center">500 + LPS 5</entry><entry align="center">372,9 ± 47,3</entry><entry align="center">1399,7 ± 176,2</entry></row><row><entry align="center">100+ LPS 5</entry><entry align="center">498,3 ± 67,9</entry><entry align="center">1677,9 ± 228,6</entry></row><row><entry align="center">50 + LPS 5</entry><entry align="center">585,4 ± 64,3</entry><entry align="center">1903,7 ± 209,1</entry></row><row><entry align="center">10 + LPS 5</entry><entry align="center">696,0± 50,1</entry><entry align="center">2188,5 ± 157,6</entry></row><row><entry align="center">1 + LPS 5</entry><entry align="center">1253</entry><entry align="center">4540</entry></row><row><entry align="center">LPS 5</entry><entry align="center">1208,1 ± 25</entry><entry align="center">4216,6 ± 87,2</entry></row></tbody></tgroup></table></tables></p>
    <heading>
      <b>Résultats</b>
    </heading>
    <p num="0045">II n'y a pas de variation significative du taux d' IL-1α de base en présence d'un ester de
tocophéryle avec un acide gras mono-ou polyinsaturé à une concentration de 1 à 500
µg/ml.

Pour une concentration de LPS à 1 et 5 µg/ml en l'absence d'un ester de tocophéryle
avec un acide gras mono ou polyinsaturé, le taux d' IL-1α est respectivement multiplié
par 39 et 66, ce qui démontre une bonne réactivité du système test.
<ul list-style="bullet"><li>Un ester de tocophéryle avec un acide gras mono ou polyinsaturé à une concentration
de 1 à 500 µg/ml n'a pas d'effet significatif sur le taux intracellulaire des IL-1α des
monocytes/ macrophages humains activés par des LPS à 1 µg/ml. </li><li>Un ester de tocophéryle avec un acide gras mono ou polyinsaturé exerce une
inhibition dose-dépendante maximale pour 500 µg/mL (- 67%) sur le taux intracellulaire
des IL-1α des monocytes/ macrophages humains activés par des LPS à 5 µg/mL.
<tables><table><tgroup cols="2"><tbody><row><entry nameend="2" namest="1">compartiment milieu de culture (0-24 heures)</entry></row><row><entry align="center">µg/ml</entry><entry align="center">IL-1α (pg/puits)</entry></row><row><entry align="center">Témoin</entry><entry align="center">99 ± 4</entry></row><row><entry align="center">500</entry><entry align="center">157 ± 28</entry></row><row><entry align="center">100</entry><entry align="center">94 ± 4</entry></row><row><entry align="center">50</entry><entry align="center">116 ± 9</entry></row><row><entry align="center">10</entry><entry align="center">107 ± 4</entry></row><row><entry align="center">1</entry><entry align="center">103 ± 6</entry></row></tbody></tgroup></table></tables></li></ul></p>
    <heading>
      <b>Résultats</b>
    </heading>
    <p num="0046">Les résultats sont exprimés en pg/puits (il n'y a pas de comptage cellulaire pour ce
temps d'incubation).

Il n'y a pas de variation significative du taux d' IL-1α de base en présence d'un ester de
tocophéryle avec un acide gras mono ou polyinsaturé à une concentration allant de 1 à
500 µg/mL.
<tables><table><tgroup cols="3"><tbody><row><entry nameend="3" namest="1">compartiment milieu de culture (24-48 heures) </entry></row><row><entry align="center">µg/mL</entry><entry align="center">IL-1α (pg/puits)</entry><entry align="center">IL-1α (pg/10 <sup>6</sup>cellules)</entry></row><row><entry align="center">Témoin</entry><entry align="center">99 ± 3</entry><entry align="center">311 ± 9</entry></row><row><entry align="center">500</entry><entry align="center">71 ± 4</entry><entry align="center">250 ± 14</entry></row><row><entry align="center">100</entry><entry align="center">103 ± 19</entry><entry align="center">362 ± 68</entry></row><row><entry align="center">50</entry><entry align="center">86 ± 18</entry><entry align="center">287 ± 59</entry></row><row><entry align="center">10</entry><entry align="center">67 ± 4</entry><entry align="center">228 ± 12</entry></row><row><entry align="center">1</entry><entry align="center">75 ± 3</entry><entry align="center">263 ± 9</entry></row><row><entry align="center">LPS 1</entry><entry align="center">334 ± 35</entry><entry align="center">1116 ± 116</entry></row><row><entry align="center">LPS 5</entry><entry align="center">668 ± 70</entry><entry align="center">2181 ± 227</entry></row><row><entry nameend="3" align="right" namest="1"/></row><row><entry align="center">Témoin</entry><entry align="center">35,9 ± 5,3</entry><entry align="center">122 ± 18</entry></row><row><entry align="center">500 + LPS1</entry><entry align="center">239,6 ± 74,0</entry><entry align="center">803 ± 248</entry></row><row><entry align="center">100+ LPS1</entry><entry align="center">125,5 ± 18,0</entry><entry align="center">417 ± 60</entry></row><row><entry align="center">50 + LPS1</entry><entry align="center">156,1 ± 23,3</entry><entry align="center">531 ± 79</entry></row><row><entry align="center">10 + LPS1</entry><entry align="center">124,8 ± 26,9</entry><entry align="center">405 ± 87</entry></row><row><entry align="center">1 + LPS1</entry><entry align="center">99.5 ± 42,1</entry><entry align="center">1389 ± 272</entry></row><row><entry align="center">LPS1</entry><entry align="center">112., ± 24,3</entry><entry align="center">376 ± 82</entry></row><row><entry nameend="3" align="right" namest="1"/></row><row><entry align="center">µg/mL</entry><entry align="center">IL-1α (pg/puits)</entry><entry align="center">IL-1α (pg/10 <sup>6</sup>cellules)</entry></row><row><entry align="center">Témoin</entry><entry align="center">36 ± 5</entry><entry align="center">122 ± 18</entry></row><row><entry align="center">500 + LPS 5</entry><entry align="center">412 ± 51</entry><entry align="center">1534 ± 184</entry></row><row><entry align="center">100+ LPS 5</entry><entry align="center">164 ± 21</entry><entry align="center">551 ± 71</entry></row><row><entry align="center">50 + LPS 5</entry><entry align="center">173 ± 50</entry><entry align="center">561 ± 164</entry></row><row><entry align="center">10 + LPS 5</entry><entry align="center">129 ± 32</entry><entry align="center">404 ± 10</entry></row><row><entry align="center">1 + LPS 5</entry><entry align="center">178 ± 5</entry><entry align="center">647 ± 16</entry></row><row><entry align="center">LPS 5</entry><entry align="center">225 ± 24</entry><entry align="center">787 ± 83</entry></row></tbody></tgroup></table></tables><ul list-style="bullet"><li>Un ester de tocophéryle avec un acide gras mono ou polyinsaturé à une concentration
de 1 à 100 µg/ml n'a pas d'effet significatif sur la sécrétion des IL-1α par des
monocytes/ macrophages humains activés par des LPS à 1 µg/ml.

Par contre à une concentration de 500 µg/mL en ester de tocophéryle avec un acide
gras mono ou polyinsaturé on observe une augmentation (x2) du taux d' IL-1α dans le
milieu de culture .</li></ul></p>
    <heading>
      <b>Conclusion</b>
    </heading>
    <p num="0047">Un ester de tocophéryle avec un acide gras mono ou polyinsaturé exerce un potentiel
de régulation de l'inflammation observé sur la sécrétion des IL-1α par des monocytes/macrophages
humains activés par des LPS à 5 µg/ml.</p>
    <heading>
      <u style="single">3- Etude d'un ester de tocophéryle avec un acide gras mono ou polyinsaturé sur la
synthèse de l'élastine et du collagène par des fibroblastes humains.</u>
    </heading>
    <heading>5. <u style="single">Préparation des cellules</u></heading>
    <p num="0048">Les cellules sont ensemencées à la densité de 50 000 cellules/cm<sup>2</sup> dans des plaques
multipuits.

Les cellules sont incubées à 37°C en atmosphère humide contenant 5% (v/v) de CO<sub>2</sub>.

Le milieu de culture est l'IMDM supplémenté par du sérum de veau foetal (SVF) à 10 %
(v/v).

Le milieu de culture est remplacé après 24 heures d'incubation et supplémenté par des
antibiotiques (Peni-Strepto) à 0,2 % (V/v) contenant les différentes concentrations
d'ester de tocophéryle avec un acide gras mono ou polyinsaturé ( 1, 5, 10,50 et 100
µg/ml).

Le milieu de culture est supplémenté par de l'acide ascorbique à 50 µg/mL.</p>
    <p num="0049">Une série « témoin positif» est constituée de cellules traitées par le TGF-β à 10 ng/mL.</p>
    <heading>6. <u style="single">Evaluation de la synthèse de l'élastine et du collagène</u></heading>
    <p num="0050">Les cellules sont incubées à 37°C en atmosphère humide contenant 5% (v/v) de CO<sub>2</sub>
pendant 24 heures.</p>
    <p num="0051">A la fin de la période d'incubation, le milieu de culture est prélevé et la couche cellulaire
rincée deux fois avec du PBS supplémenté d'inhibiteurs de protéases afin d'obtenir les 
concentrations suivantes : EDTA 0,01 M, acide 6-amino hexanoïque 0,1 M, chlorure de
benzaminidium 0,005 M, iodoacétamide 0,1mM.</p>
    <p num="0052">La couche cellulaire est grattée dans 500 µl de PBS contenant les inhibiteurs de
protéases puis est passée aux ultrasons (2x 20 sec à intervalles de 20 sec ; 50Hz)</p>
    <p num="0053">Le dosage colorimétrique de l'élastine est réalisé à partir de la liaison spécifique du
colorant 5,10,15,20 tétraphényl-21, 23 porphine sulphate (TPPS) (Kit fastin Elastin
Assay)</p>
    <heading>
      <b>Résultats</b>
    </heading>
    <p num="0054">Matrice extracellulaire
<tables><table><tgroup cols="3"><tbody><row><entry align="center">µg/ml</entry><entry align="center">Elastine (µg/puits)</entry><entry align="center">Elastine (µg/10 <sup>6</sup> cellules)</entry></row><row><entry align="center">Témoin</entry><entry align="center">38,5 ± 4,7</entry><entry align="center">289 ± 35</entry></row><row><entry align="center">TGF-β à 10 ng/ml</entry><entry align="center">56,4 ± 2,3</entry><entry align="center">422 ± 17</entry></row><row><entry align="center">1</entry><entry align="center">31,7 ± 9,3</entry><entry align="center">242 ± 71</entry></row><row><entry align="center">5</entry><entry align="center">23,2 ± 1,7</entry><entry align="center">174 ± 13</entry></row><row><entry align="center">10</entry><entry align="center">31,8 ± 4,5</entry><entry align="center">241 ± 34</entry></row><row><entry align="center">50</entry><entry align="center">32,2 ± 2,0</entry><entry align="center">260 ± 16</entry></row><row><entry align="center">100</entry><entry align="center">16,4 ± 0,9</entry><entry align="center">139 ± 8</entry></row></tbody></tgroup></table></tables><tables><table><tgroup cols="3"><tbody><row><entry align="center">µg/ml</entry><entry align="center">Collagène (µg/puits)</entry><entry align="center">Collagène(µg/10 <sup>6</sup> cellules)</entry></row><row><entry align="center">Témoin</entry><entry align="center">37,5 ± 4,4</entry><entry align="center">281 ± 33</entry></row><row><entry align="center">TGF-β à 10 ng/ml</entry><entry align="center">76,9 ± 13,0</entry><entry align="center">576 ± 97</entry></row><row><entry align="center">1</entry><entry align="center">30,2 ± 15,5</entry><entry align="center">230 ± 118</entry></row><row><entry align="center">5</entry><entry align="center">29,8 ± 10,3</entry><entry align="center">224 ± 77</entry></row><row><entry align="center">10</entry><entry align="center">43,4 ± 6,5</entry><entry align="center">329 ± 49</entry></row><row><entry align="center">50</entry><entry align="center">50,4 ± 15,9</entry><entry align="center">407 ± 129</entry></row><row><entry align="center">100</entry><entry align="center">39,4 ± 8,6</entry><entry align="center">336 ± 73</entry></row></tbody></tgroup></table></tables></p>
    <p num="0055">Dans le milieu de culture
<tables><table><tgroup cols="3"><tbody><row><entry align="center">µg/ml</entry><entry align="center">Elastine (µg/puits)</entry><entry align="center">Elastine (µg/10 <sup>6</sup> cellules)</entry></row><row><entry align="center">Témoin</entry><entry align="center">77,4 ± 3,7</entry><entry align="center">580 ± 28</entry></row><row><entry align="center">TGF-β à 10 ng/ml</entry><entry align="center">83,3 ± 0,1</entry><entry align="center">624 ± 1</entry></row><row><entry align="center">1</entry><entry align="center">68,2 ± 11,2</entry><entry align="center">521 ± 85</entry></row><row><entry align="center">5</entry><entry align="center">78,2 ± 16,5</entry><entry align="center">587 ± 124</entry></row><row><entry align="center">10</entry><entry align="center">150,5 ± 12,4</entry><entry align="center">1140 ± 94</entry></row><row><entry align="center">50</entry><entry align="center">145,5 ± 5,8</entry><entry align="center">1176 ± 47</entry></row><row><entry align="center">100</entry><entry align="center">121,9 ± 5,5</entry><entry align="center">1037 ± 47</entry></row></tbody></tgroup></table></tables><tables><table><tgroup cols="3"><tbody><row><entry align="center">µg/ml</entry><entry align="center">Collagène (µg/puits)</entry><entry align="center">Collagène (µg/10 <sup>6</sup> cellules)</entry></row><row><entry align="center">Témoin</entry><entry align="center">47 ± 12</entry><entry align="center">355 ± 91</entry></row><row><entry align="center">TGF-β à 10 ng/ml</entry><entry align="center">65 ± 10</entry><entry align="center">484 ± 75</entry></row><row><entry align="center">1</entry><entry align="center">39 ± 12</entry><entry align="center">297 ± 95</entry></row><row><entry align="center">5</entry><entry align="center">66 ± 26</entry><entry align="center">499 ± 196</entry></row><row><entry align="center">10</entry><entry align="center">72 ± 40</entry><entry align="center">542 ± 306</entry></row><row><entry align="center">50</entry><entry align="center">66 ± 19</entry><entry align="center">533 ± 150</entry></row><row><entry align="center">100</entry><entry align="center">48 ± 29</entry><entry align="center">409 ± 249</entry></row></tbody></tgroup></table></tables></p>
    <p num="0056">Les concentrations entre 10 et 100 µg/ml d'un ester de tocophéryle avec un acide gras
mono ou polyinsaturé stimulent significativement la synthèse de l'élastine et du
collagène. L'effet est maximum pour 50 µg/mL (+ 65% pour l'élastine et + 45% pour le
collagène) avec une augmentation de la sécrétion de l'élastine dans le milieu de culture
(+ 102%), alors que l'effet du TGF-β à 10 ng/mL se traduit principalement par une
augmentation de la synthèse au niveau de la matrice extracellulaire (+ 46%).</p>
    <heading>
      <u style="single">4- Etude d'un ester de tocophéryle avec un acide gras mono ou polyinsaturé sur
l'action anti UVB.</u>
    </heading>
    <heading>5. <u style="single">Préparation des feuillets épidermiques</u></heading>
    <p num="0057">Les kératinocytes humains sont ensemencées à la densité de 100 000 cellules/cm<sup>2</sup>
dans des inserts dont le fond est constitué d'une membrane en polycarbonate de
porosité 0,4 µm.</p>
    <p num="0058">Les cellules sont incubées à 37°C en atmosphère humide contenant 5% (v/v) de CO<sub>2</sub>
pendant 24 à 48 heures, en « situation immergée » dans le milieu de culture
MCDB/153 supplémenté par l'EGF (5 ng/ml), l'insuline (5 µg/ml), l'hydrocortisone (5
ng/mL), le BPE (70 µg/ml)</p>
    <p num="0059">Le milieu de culture est remplacé par le même milieu de culture supplémenté par 1 mM
de Ca<sup>++</sup> afin d'induire la stratification de la monocouche en « situation immergée »
pendant 6 jours. Le milieu de culture est changé tous les 3 jours .</p>
    <p num="0060">Le feuillet épidermique est mis en « situation émergée » au 7èmr jour, c'est à dire qu'il
n'est plus nourri que par l'intermédiaire des cellules basales.</p>
    <p num="0061">Au 14<sup>ème</sup> jour d'incubation, le milieu de culture est changé. Différentes concentrations
d'un ester de tocophéryle avec un acide gras mono ou polyinsaturé ( 1, 5, 10, 50 et
100 µg/mL), ou de vitamine E ( 150 µl) constituant le « témoin positif » sont appliquées
sur un disque de papier Whatman couvrant la surface de la culture cellulaire. </p>
    <heading>6. <u style="single">Evaluation de la cytotoxicité ( Test au MTT)</u></heading>
    <p num="0062">Les cellules sont incubées à 37°C en atmosphère humide contenant 5% (v/v) de CO<sub>2</sub>
pendant 24 heures, puis irradiées par les UVB (0,7 J/cm<sup>2</sup>, λ= 314 nm) après avoir
enlevé les disques de papier Whatman.

Les cellules sont incubées à 37°C en atmosphère humide contenant 5% (v/v) de CO<sub>2</sub>
pendant 24 heures, après avoir déposé sur la surface de la culture cellulaire les
disques de papier Whatman imbibés des différentes concentrations d'un ester de
tocophéryle avec un acide gras mono ou polyinsaturé ou de vitamine E.</p>
    <p num="0063">Après l'incubation, les milieux de culture sont utilisés pour le dosage des produits du
clivage du MTT.</p>
    <p num="0064">Après l'incubation, les membranes portant le feuillet épidermique sont rincées 2 fois
avec du PBS, puis incubée 3 heures à 37 °C , à l'obscurité, en présence de 2 ml de
MTT (bromure de 3( 4,5-diméthylthiazol-2-yl)-2,5 diphényl tétrazolium) à 0,5 mg/ml.
Les cristaux violets de formazan produits par le clivage du MTT par les enzymes
mitochondriaux sont dissous dans 2 ml de DMSO sous agitation douce pendant 2
heures à température ambiante.

On mesure l'absorption à 540 nm au spectrophotomètre.
<tables><table><tgroup cols="8"><tbody><row><entry nameend="8" namest="1">compartiment intracellulaire</entry></row><row><entry align="center"/><entry align="center">témoin</entry><entry align="center">témoin + UVB</entry><entry align="center">1 µg/ml</entry><entry align="center">5 µg/ml</entry><entry align="center">10 µg/ml</entry><entry align="center">50 µg/ml</entry><entry align="center">100 µg/ml</entry></row><row><entry align="center">moyenne absorbance à 540 nm</entry><entry align="center">1,504 ± 0.084</entry><entry align="center">0.710 ± 0.076</entry><entry align="center">0.693 ± 0.068</entry><entry align="center">0.682 ± 0.069</entry><entry align="center">1,049 ± 0.117</entry><entry align="center">0,698 ± 0.035</entry><entry align="center">0,809 ± 0.132</entry></row></tbody></tgroup></table></tables><tables><table><tgroup cols="8"><tbody><row><entry nameend="8" namest="1">compartiment milieu de culture</entry></row><row><entry align="center"/><entry align="center">témoin</entry><entry align="center">témoin + UVB</entry><entry align="center">1 µg/ml</entry><entry align="center">5 µg/ml</entry><entry align="center">10 µg/ml</entry><entry align="center">50 µg/ml</entry><entry align="center">100 µg/ml</entry></row><row><entry align="center">moyenne absorbance à 540 nm</entry><entry align="center">1,504 ± 0.084</entry><entry align="center">0.710 ± 0.076</entry><entry align="center">0.693 ± 0.068</entry><entry align="center">0.682 ± 0.069</entry><entry align="center">1,049 ± 0.117</entry><entry align="center">0,698 ± 0.035</entry><entry align="center">0,809 ± 0.132</entry></row></tbody></tgroup></table></tables></p>
    <p num="0065">On observe une inhibition sensible de l'effet cytotoxique induit par l'irradiation, en
présence d'une concentration en ester d'acide gras de tocophérol à 10 µg/ml.</p>
    <heading>
      <u style="single">5- Etude d'un ester de tocophéryle avec un acide gras mono ou polyinsaturé sur l'activité mitochondriale de fibroblastes de derme humain.</u>
    </heading>
    <heading>5. <u style="single">Préparation des cellules</u></heading>
    <p num="0066">Les fibroblastes de derme humain sont ensemencées à la densité de 5000 cellules/cm<sup>2</sup>
dans 500 µl de milieu IMDM supplémenté par du SVF 10% pendant 24 heures en
atmosphère humide contenant 5% (v/v) de CO<sub>2</sub></p>
    <p num="0067">Après 24 heures, les cellules sont mises en contact avec les différentes concentrations
d'un ester de tocophéryle avec un acide gras mono ou polyinsaturé ( 10, 50 et 100
µg/ml).</p>
    <p num="0068">Ce sont des concentrations non cytotoxiques qui ne modifient pas la croissance
cellulaire.</p>
    <p num="0069">Une série « témoin positif» est constituée de cellules traitées à l'antimycine à
0,5 µM.</p>
    <heading>6. <u style="single">Evaluation de l'activité mitochondriale</u></heading>
    <p num="0070">Principe : L'incorporation cellulaire de rhodamine 123 est la conséquence de la
variation du potentiel transmembranaire mitochondrial. L'évaluation semi-quantitative
de la respiration mitochondriale est basée sur l'intensité de la fluorescence à l'intérieur
de la cellule.</p>
    <p num="0071">Les cellules sont incubées pendant 72 heures à 37°C en atmosphère humide
contenant 5% (v/v) de CO<sub>2</sub>.

A la fin de la période d'incubation, le milieu de culture est prélevé et la couche cellulaire
rincée deux fois avec du milieu IMDM puis mise dans 500 µl de tampon phosphate pH
7.2 contenant 0.1 mg/ml de rhodamine 123.</p>
    <p num="0072">On laisse incuber pendant 15 minutes à 37 °C, puis on mesure la fluorescence de
façon semi-quantitative à l'aide d'une échelle de cotation.</p>
    <heading>
      <b>Résultats</b>
    </heading>
    <p num="0073">
      <tables>
        <table>
          <tgroup cols="7">
            <tbody>
              <row>
                <entry align="center">µg/ml</entry>
                <entry align="center">4</entry>
                <entry align="center">3</entry>
                <entry align="center">2</entry>
                <entry align="center">1</entry>
                <entry align="center">0</entry>
                <entry align="center">Nombre cellules observées</entry>
              </row>
              <row>
                <entry align="center">Témoin</entry>
                <entry align="center">12,3 ± 2,1</entry>
                <entry align="center">25,7 ± 3,1</entry>
                <entry align="center">25,0 ± 2,4</entry>
                <entry align="center">21,0 ± 2,9</entry>
                <entry align="center">17,7 ± 2,1</entry>
                <entry align="center">104,0 ± 9</entry>
              </row>
              <row>
                <entry align="center">Témoin Antimycine</entry>
                <entry align="center">10,7 ± 2,5</entry>
                <entry align="center">13,3 ± 2,4</entry>
                <entry align="center">20,0 ± 1,6</entry>
                <entry align="center">16,3 ± 1,9</entry>
                <entry align="center">25,0 ± 4,1</entry>
                <entry align="center">100 ± 9</entry>
              </row>
              <row>
                <entry align="center">10</entry>
                <entry align="center">19,7 ± 1,2</entry>
                <entry align="center">32,3 ± 2,1</entry>
                <entry align="center">26,3 ± 2,4</entry>
                <entry align="center">14,7 ± 0,5</entry>
                <entry align="center">8,7 ± 1,9</entry>
                <entry align="center">102,0 ± 5</entry>
              </row>
              <row>
                <entry align="center">50</entry>
                <entry align="center">35,3 ± 0,5</entry>
                <entry align="center">44,0 ± 1,4</entry>
                <entry align="center">18,3 ± 8,5</entry>
                <entry align="center">3,3 ± 0,5</entry>
                <entry align="center">0,0 ± 0,0</entry>
                <entry align="center">102,0 ± 9</entry>
              </row>
              <row>
                <entry align="center">100</entry>
                <entry align="center">12,3 ± 2,1</entry>
                <entry align="center">58,3 ± 6,2</entry>
                <entry align="center">20,3 ± 0,5</entry>
                <entry align="center">9,3 ± 0,5</entry>
                <entry align="center">0,0 ± 0,9</entry>
                <entry align="center">100,0 ± 9</entry>
              </row>
            </tbody>
          </tgroup>
        </table>
      </tables>
    </p>
    <p num="0074">Echelle de cotation (Intensité de fluorescence) : 0 : cytoplasme non fluorescent, 1 :
faible ; 2 : moyennement intense ; 3 : Importante ; 4 : Très importante, tout le
cytoplasme est fluorescent. </p>
    <p num="0075">La stimulation est maximale pour une concentration d'un ester de tocophéryle avec un
acide gras mono ou polyinsaturé à 50 µg/ml ; +65% par rapport au témoin.</p>
  </description>
  <claims load-source="ep" status="new" lang="FR">
    <claim num="1">
      <claim-text>Utilisation d'esters de Tocophérol avec des acides gras mono ou polyinsaturés de la
série ω3 ou de la série ω6, répondant à la formule générale I

dans laquelle R est le reste de la chaíne aliphatique d'un acide gras portant au moins
une double liaison et n est un nombre entier variant de 1 à 3,
en vue de la réalisation de compositions pharmaceutiques, cosmétiques et/ou
diététiques pour le traitement réparateur de la peau par action sur la synthèse des
constituants du derme et présentant une action stimulante de la capacité respiratoire
des mitochondries.</claim-text>
    </claim>
    <claim num="2">
      <claim-text>Utilisation d'esters de Tocophérol avec des acides gras mono ou polyinsaturés
selon la revendication 1, dans laquelle les esters de Tocophérol d' acides gras mono
insaturés sont choisis dans le groupe formé des acides undécylénique (C11 :1) et
palmitoléique (C16 : 1)</claim-text>
    </claim>
    <claim num="3">
      <claim-text>Utilisation d'esters de Tocophérol avec des acides gras mono ou polyinsaturés
selon la revendication 1, dans laquelle les esters de Tocophérol d' acides gras
polyinsaturés sont choisis dans le groupe formé des acides γ-linolénique (C18 : 3 ω6),
α-linolénique (C18 : 3 ω3), octadécatétraénoïque (C18 : 4ω3), éicosatétraénoïque
(C20 : 4ω3), docosahexaénoïque (C22 : 6ω3), linoléique (C18 : 2 ω6 ), dihomo- γ-linolénique
(C20 : 3ω6 ), arachidonique (C20 : 4ω6), et docosapentaénoïque (C22 :
5ω6).</claim-text>
    </claim>
    <claim num="4">
      <claim-text>Utilisation d'esters de Tocophérol d' acides gras mono ou polyinsaturés selon la
revendication 1, dans laquelle le tocophérol est choisi parmi l' α-tocophérol, le β-tocophérol,
le γ-tocophérol et le δ-tocophérol.</claim-text>
    </claim>
    <claim num="5">
      <claim-text>Utilisation d'esters de Tocophérol avec des acides gras mono ou polyinsaturés selon
la revendication 1, en mélange ou dilué avec un excipient ou un véhicule approprié
pour l'usage chez l'homme ou l'animal.</claim-text>
    </claim>
    <claim num="6">
      <claim-text>Utilisation d'esters de Tocophérol avec des acides gras mono-ou polyinsaturés selon
la revendication 1, dans laquelle la teneur en ester de tocophéryle d'un acide gras
polyinsaturé varie de 0,001 % à 15 % et plus particulièrement de 0,01 à 5% en
fonction du mode d'administration ou du mode d'application de ces compositions.</claim-text>
    </claim>
    <claim num="7">
      <claim-text>Procédé de préparation d'esters de tocophérol et d'acides gras mono-insaturé ou
polyinsaturés de la série ω3 ou ω6, qui consiste à transformer l'acide gras mono ou
polyinsaturé en halogénure d'acide, puis à réaliser la réaction d'estérification
proprement dite avec un tocophérol choisi parmi l' α-tocophérol, le β- tocophérol, le γ-tocophérol
et le δ-tocophérol, en solution dans la pyridine et à isoler l'ester formé.</claim-text>
    </claim>
    <claim num="8">
      <claim-text>Le γ-linolénate de tocophéryle tel qu'obtenu par le procédé de la revendication 8,
caractérisé en ce que son temps de rétention est de 4,06 minutes sur une colonne de
silice de type Nucléosil 8 µm après que le γ-linolénate d'α-tocophéryle ait été dilué
dans l'acétone à 1% avec une phase mobile de THF 2% / Hexane 98%.</claim-text>
    </claim>
  </claims>
  <copyright>User acknowledges that the Information Retrieval Facility (IRF) and its third party providers retain all right, title and interest in and to this xml under applicable copyright laws. User acquires no ownership rights to this xml including but not limited to its format. User hereby accepts the terms and conditions of the Licence Agreement set forth at http://www.ir-facility.org/legal/marec/data_licence</copyright>
</patent-document>
