<?xml version="1.0" encoding="utf-8"?>
<!DOCTYPE patent-document PUBLIC "-//MXW//DTD patent-document XML//EN" "http://www.ir-facility.org/dtds/patents/v1.4/patent-document.dtd">
<patent-document ucid="EP-1262801-A1" country="EP" doc-number="1262801" kind="A1" lang="DE" family-id="7686140" status="new" date-produced="20090516" date="20021204">
  <bibliographic-data>
    <publication-reference ucid="EP-1262801-A1" status="new" fvid="23607522">
      <document-id status="new" format="original">
        <country>EP</country>
        <doc-number>1262801</doc-number>
        <kind>A1</kind>
        <date>20021204</date>
      </document-id>
    </publication-reference>
    <application-reference ucid="EP-02010412-A" status="new" is-representative="NO">
      <document-id status="new" format="epo">
        <country>EP</country>
        <doc-number>02010412</doc-number>
        <kind>A</kind>
        <date>20020508</date>
      </document-id>
    </application-reference>
    <priority-claims status="new">
      <priority-claim ucid="DE-10125554-A" status="new">
        <document-id status="new" format="epo">
          <country>DE</country>
          <doc-number>10125554</doc-number>
          <kind>A</kind>
          <date>20010523</date>
        </document-id>
      </priority-claim>
    </priority-claims>
    <technical-data status="new">
      <classifications-ipcr>
        <classification-ipcr status="new">C04B  35/52        20060101ALI20051220RMJP        </classification-ipcr>
        <classification-ipcr status="new">C04B  35/52        20060101CLI20051220RMJP        </classification-ipcr>
        <classification-ipcr status="new">C04B  35/524       20060101A I20051008RMEP        </classification-ipcr>
        <classification-ipcr status="new">C04B  35/524       20060101C I20051008RMEP        </classification-ipcr>
        <classification-ipcr status="new">C04B  35/565       20060101C I20051008RMEP        </classification-ipcr>
        <classification-ipcr status="new">C04B  35/573       20060101A I20051008RMEP        </classification-ipcr>
        <classification-ipcr status="new">G02B   5/08        20060101A I20051008RMEP        </classification-ipcr>
        <classification-ipcr status="new">G02B   5/08        20060101C I20051008RMEP        </classification-ipcr>
        <classification-ipcr status="new">G02B   7/182       20060101A I20051008RMEP        </classification-ipcr>
        <classification-ipcr status="new">G02B   7/182       20060101C I20051008RMEP        </classification-ipcr>
        <classification-ipcr status="new">G02B   7/183       20060101A I20080531RMEP        </classification-ipcr>
      </classifications-ipcr>
      <classification-ecla status="new">
        <classification-symbol scheme="EC">C04B  35/524</classification-symbol>
        <classification-symbol scheme="EC">C04B  35/573</classification-symbol>
        <classification-symbol scheme="EC">C04B  35/626A10M</classification-symbol>
        <classification-symbol scheme="EC">C04B  35/626A16R</classification-symbol>
        <classification-symbol scheme="EC">C04B  37/00D2</classification-symbol>
        <classification-symbol scheme="EC">G02B   5/08</classification-symbol>
        <classification-symbol scheme="EC">G02B   7/182A</classification-symbol>
        <classification-symbol scheme="EC">G02B   7/183</classification-symbol>
        <classification-symbol scheme="ICO">M04B235:10M4</classification-symbol>
        <classification-symbol scheme="ICO">M04B235:38D18B</classification-symbol>
        <classification-symbol scheme="ICO">M04B235:52D4F4</classification-symbol>
        <classification-symbol scheme="ICO">M04B237:08D</classification-symbol>
      </classification-ecla>
      <invention-title load-source="ep" status="new" lang="DE">Ultraleichter und ultrasteifer vollkeramischer Reflektor und Verfahren zur Herstellung</invention-title>
      <invention-title load-source="ep" status="new" lang="EN">Ultra-light and ultra-rigid fully ceramic reflector and method for producing the same</invention-title>
      <invention-title load-source="ep" status="new" lang="FR">Réflecteur tout-céramique ultra-légèr et ultra-rigide et méthode de fabrication</invention-title>
    </technical-data>
    <parties>
      <applicants>
        <applicant status="new" format="epo">
          <addressbook>
            <name>ASTRIUM GMBH</name>
            <address>
              <country>DE</country>
            </address>
          </addressbook>
        </applicant>
        <applicant status="new" format="epo">
          <addressbook>
            <name>ECM INGENIEUR UNTERNEHMEN FUER</name>
            <address>
              <country>DE</country>
            </address>
          </addressbook>
        </applicant>
        <applicant status="new" format="intermediate">
          <addressbook>
            <name>ASTRIUM GMBH</name>
          </addressbook>
        </applicant>
        <applicant status="new" format="intermediate">
          <addressbook>
            <name>ECM INGENIEUR-UNTERNEHMEN FUER ENERGIE-UND UMWELTTECHNIK GMBH</name>
          </addressbook>
        </applicant>
        <applicant status="new" format="original">
          <addressbook>
            <last-name>Astrium GmbH</last-name>
            <address>
              <street/>
              <city>81663 München</city>
              <country>DE</country>
            </address>
          </addressbook>
        </applicant>
        <applicant status="new" format="original">
          <addressbook>
            <last-name>ECM Ingenieur-Unternehmen für Energie-und Umwelttechnik GmbH</last-name>
            <address>
              <street>Ridlerstrasse 31a</street>
              <city>80339 München</city>
              <country>DE</country>
            </address>
          </addressbook>
        </applicant>
      </applicants>
      <inventors>
        <inventor status="new" format="epo">
          <addressbook>
            <name>KROEDEL MATTHIAS</name>
            <address>
              <country>DE</country>
            </address>
          </addressbook>
        </inventor>
        <inventor status="new" format="epo">
          <addressbook>
            <name>ZIEGLER FRED</name>
            <address>
              <country>DE</country>
            </address>
          </addressbook>
        </inventor>
        <inventor status="new" format="intermediate">
          <addressbook>
            <name>KROEDEL, MATTHIAS</name>
          </addressbook>
        </inventor>
        <inventor status="new" format="intermediate">
          <addressbook>
            <name>ZIEGLER, FRED</name>
          </addressbook>
        </inventor>
        <inventor status="new" format="original">
          <addressbook>
            <last-name>Krödel, Matthias</last-name>
            <address>
              <street>Edelweissstrasse 6A</street>
              <city>85521 Ottobrunn</city>
              <country>DE</country>
            </address>
          </addressbook>
        </inventor>
        <inventor status="new" format="original">
          <addressbook>
            <last-name>ZIEGLER, FRED</last-name>
            <address>
              <street>Hohenbrunner Weg 52</street>
              <city>82024 Taufkirchen</city>
              <country>DE</country>
            </address>
          </addressbook>
        </inventor>
      </inventors>
      <agents>
        <agent status="new" format="original">
          <addressbook>
            <last-name>Ulrich, Thomas</last-name>
            <address>
              <street>EADS Deutschland GmbH Patentabteilung LG-PM Willy-Messerschmidt-Strasse</street>
              <city>85521 Ottobrunn</city>
              <country>DE</country>
            </address>
          </addressbook>
        </agent>
      </agents>
    </parties>
    <international-convention-data>
      <designated-states>
        <ep-contracting-states>
          <country>AT</country>
          <country>BE</country>
          <country>CH</country>
          <country>CY</country>
          <country>DE</country>
          <country>DK</country>
          <country>ES</country>
          <country>FI</country>
          <country>FR</country>
          <country>GB</country>
          <country>GR</country>
          <country>IE</country>
          <country>IT</country>
          <country>LI</country>
          <country>LU</country>
          <country>MC</country>
          <country>NL</country>
          <country>PT</country>
          <country>SE</country>
          <country>TR</country>
        </ep-contracting-states>
      </designated-states>
    </international-convention-data>
  </bibliographic-data>
  <abstract load-source="ep" status="new" lang="DE">
    <p>Die Erfindung betrifft einen ultraleichten und ultrasteifen vollkeramischen Reflektor
und ein Verfahren zur Herstellung eines Reflektors,
wobei als keramisches Material C/SiC-Schaum
(2) auf eine erste Oberfläche (4) einer gemäß der Reflektorkontur vorgeformten
keramischen C/SiC-Frontplatte (1) aufgebracht und mit der Frontplatte (1) monolithisch
verbunden ist.
<img id="img-00000001" orientation="unknown" wi="140" img-format="tif" img-content="ad" file="00000001.tif" inline="no" he="70"/></p>
  </abstract>
  <abstract load-source="docdb" source="EPO" status="new" lang="EN">
    <p>Reflector contains a ceramic material (2) having a low surface weight. The ceramic material is applied on a first surface (4) of a ceramic front plate (1) pre-shaped according to the contour of the reflector and monolithically connected to the front plate. The ceramic material is a C/SiC foam and the front plate is a C/SiC front plate. An Independent claim is also included for a process for the production of a reflector. Preferred Features: Protrusions and/or recesses are provided on the first surface. Rib structures of channel structures are provided. Heat exchange occurs between the foam and a tempering medium.</p>
  </abstract>
  <description load-source="ep" status="new" lang="DE">
    <p num="0001">Durch die stetig steigenden Anforderungen an neue größere, hochkomplexe und
leistungsfähige Reflektoren ist es notwendig, diese Reflektoren noch leichter, steifer
und leistungsfähiger zu machen. Eine Möglichkeit hierzu ist, solche Reflektoren
aus keramischen Materialien herzustellen.</p>
    <p num="0002">Bisher wurden keramischen Reflektoren vor allem aus Glas oder Glaskeramiken,
gesintertem Siliziumcarbid oder C/SiC hergestellt. In diesen Fällen wurden die Reflektoren
aus einer dicken Platte hergestellt, wobei dreieckförmige oder hexagonale
o.ä. Strukturen ausgefräst wurden, um diese Reflektoren entsprechend den Anforderungen
mit einem möglichst geringen Flächengewicht herzustellen. Insbesondere
im Falle von Glas ist die Bearbeitung sehr aufwändig und damit auch mit
sehr hohen Kosten verbunden, so dass die vorgenannten Strukturen nur sehr
langsam und aufwändig mit teuren Spezialwerkzeugen herausgearbeitet werden
können.</p>
    <p num="0003">Bei gesintertem SiC und C/SiC erfolgt die Bearbeitung der Struktur bei den bisher
bekannten Verfahren im sogenannten Grünzustand, d.h. in einem relativ weichen
Zustand, so dass die Bearbeitung wesentlich einfacher und kostengünstiger ist.
Bei gesintertem SiC tritt jedoch beim Sinterprozess ein nicht unerheblicher
Schrumpf auf, der nicht genau gleichbleibend ist und somit zu deutlich größeren
Nacharbeiten im keramischen Zustand führt als bei C/SiC. Im Gegensatz zu Glas
weisen die SiC-Keramiken eine bis zu 100 mal bessere Wärmeleitfähigkeit und
eine deutlich höhere spezifische Steifigkeit auf. Was diese Werkstoffe für hochsteife
Reflektoren geradezu prädestiniert.</p>
    <p num="0004">Aus DE 42 07 009 C2 und DE 43 29 551 A1 ist bekannt, dass C/SiC Reflektoren
aus einem porösen Kohlenstoff-Trägerkörper hergestellt werden, indem diese 
durch mechanische Bearbeitung, insbesondere durch Fräsen, in die notwendige
Endform gebracht werden.</p>
    <p num="0005">Dieses Verfahren ist nicht nur relativ aufwendig, sondern es birgt die Gefahr, dass
gerade bei Reflektoren, die ein extrem niedriges Flächengewicht von deutlich kleiner
15 Kg/m<sup>2</sup> oder gar kleiner als 10 Kg/m<sup>2</sup> aufweisen sollen, die Struktur bei der
mechanischen Bearbeitung beschädigt wird, was zu einer deutlichen Verschlechterung
der Materialeigenschaften führt bzw. derartige Flächengewichte überhaupt
nicht herstellbar sind. Das Flächengewicht definiert sich dabei als das Gewicht pro
Fläche, wobei bei Reflektoren die Dicke des Reflektors und seine Fläche in einem
definierten Verhältnis zueinander stehen. So wird beispielsweise im allgemeinen
bei einer Genauigkeit der Reflektor-Kontur von λ/10 eine Dicke des Reflektors gewählt,
die nicht kleiner ist als ein Zehntel des Durchmessers des Reflektors.</p>
    <p num="0006">Ebenfalls aus DE 42 07 009 C2 ist bekannt, dass keramische Wabenstrukturen
mit einer dichten Deckschicht aus Kohlefasergewebe-Prepregs verbunden werden
und so eine Leichtgewichtskonstruktion erreicht wird. Diese Technik weißt jedoch
gerade unter thermischen Zyklen den entscheidenden Nachteil auf, dass das Material
der Waben und der Deckschicht in den thermo-mechanischen Eigenschaften
nicht kompatibel ist, was zu Delaminationen und/oder Rissen führt, und zudem die
Wärmeleitfähigkeit der Deckschicht sehr gering ist.</p>
    <p num="0007">Eine weitere Möglichkeit zur Herstellung leichter Reflektoren ist in US 6,206,531
beschrieben. Dort wird die Verwendung einer Kernstruktur aus einem Schaum
vorgeschlagen, wobei anschließend zur Herstellung des gesamten Reflektors eine
relativ aufwändige Schichtstruktur erzeugt werden muss. Auch bei einem so hergestellte
Reflektor kann es außerdem zur Ablösung der Schichten voneinander
aufgrund unterschiedlicher Ausdehnungsverhalten kommen, wie dies auch bei der
DE 42 07 009 der Fall ist.</p>
    <p num="0008">Aufgabe der vorliegenden Erfindung ist es, einen weniger fehleranfälligen leichten
und steifen Reflektor sowie ein verbessertes Verfahren zu dessen Herstellung bereitzustellen. 
Diese Aufgabe wird gelöst durch die Merkmale der Ansprüche 1 und
7.</p>
    <p num="0009">Die Erfindung umfasst einerseits einen Reflektor, beinhaltend ein keramisches
Material mit einem niedrigen Flächengewicht. Das keramische Material ist auf eine
erste Oberfläche einer keramischen Frontplatte aufgebracht ist, die gemäß der
gewünschten Reflektorkontur vorgeformt ist. Damit kann auf einfache Weise eine
definierte Kontur des Reflektors erzielt werden. Es ist außerdem vorgesehen, dass
das keramische Material mit der Frontplatte monolithisch verbunden ist, wobei die
Frontplatte und das keramische Material weitgehend die gleichen thermischen
Eigenschaften haben. Damit wird die Fehlerquelle eines möglichen Ablösens verschiedener
Schichten einer Reflektorstruktur, wie sie beispielsweise bei der US
6,206,531 auftreten kann, vermieden. Um eine besonders leichte und trotzdem
steife Konstruktion zu erhalten, ist erfindungsgemäß für das keramische Material
ein C/SiC-Schaum vorgesehen. Als keramische Frontplatte ist eine C/SiC-Frontplatte
vorgesehen. Da sowohl der Schaum als auch die Frontplatte aus
C/SiC bestehen und diese überdies monolithisch verbunden sind, liegen keine
unterschiedlichen Materialschichten mit unterschiedlichen thermischen Eigenschaften
vor, d.h. es besteht nicht die Gefahr einer Ablösung verschiedener Materialschichten
voneinander oder einer Rissbildung aufgrund eines unterschiedlichen
Ausdehnungsverhaltens.</p>
    <p num="0010">Es können weiterhin auf der ersten Oberfläche der Frontplatte Erhebungen
und/oder Vertiefungen aus C/SiC vorgesehen werden. Diese können entweder
dazu dienen, durch eine Verzahnung mit dem keramischen Material eine verbesserte
Verbindung zwischen Frontplatte und keramischem Material herzustellen,
oder sie können beispielsweise in Form von Rippen oder Kanälen zur Verbesserung
der thermischen Eigenschaften beitragen, beispielsweise zur Ausbildung von
Passagen für ein gasförmiges oder flüssiges Kühlmedium. Da das keramische
Material als poröses Material, nämlich als Schaum, ausgebildet ist, und damit eine
gewisse Durchlässigkeit aufweist, so kann dieses Material selbst entsprechend
seiner Durchlässigkeit als Passage für ein Temperiermedium verwendet werden.
Es kann daher vorgesehen werden, dass ein Wärmeaustausch zwischen dem keramischen 
Material und einem Temperiermedium besteht. So kann ein Keramikschaum,
mit oder ohne eine Rippen- oder Kanalstruktur, als integraler Wärmetauscher
des Reflektors zur Wärmeübertragung beispielsweise von der Spiegeloberfläche
auf ein Kühlmedium (Gas oder Flüssigkeit) eingesetzt werden. Umgekehrt
kann auch eine Erwärmung der Reflektorstruktur durch ein Temperiermedium vorgesehen
sein.</p>
    <p num="0011">Um eine weitere Gewichtsreduktion der Reflektorstruktur bei weitgehend gleichbleibender
Steifigkeit zu erzielen, kann vorgesehen werden, dass auf das keramische
Material, also den C/SiC-Schaum, eine C/SiC-Rückplatte aufgebracht ist.
Dann kann die Gesamtstruktur entsprechend dünner gemacht werden. Um wiederum
mögliche Fehlerquellen aufgrund unterschiedlicher Schichten der Struktur
auszuschließen, wird vorgesehen, dass die C/SiC-Rückplatte mit dem C/SiC-Schaum
monolithisch verbunden ist. Es können grundsätzlich auch für die Rückplatte
analog zur Frontplatte je nach Erfordernis Erhebungen und/oder Vertiefungen
vorgesehen werden.</p>
    <p num="0012">Durch die gleichmäßige Aussteifung der Reflektorstruktur, wie sie die Erfindung
gerade für den Fall eines porösen C/SiC-Schaumes als keramisches Materials
vorsieht, wird im Gegensatz zum Stand der Technik ein Schleifen und Polieren der
Spiegelfläche ohne störende Quilting-Effekte (Steppdecken-Effekte), also ohne ein
lokales Aufwölben der Reflektor-Struktur, ermöglicht. Solche Effekte ergeben sich
beim Schleifen oder Polieren von Strukturen, wie sie beispielsweise die DE 42 07
009 beschreibt, die keramische Materialien mit einer Wabenstruktur oder ähnlichen
Stützrippen beinhalten. Beim Schleifen oder Polieren ist dann der
Materialabtrag über den Stützrippen aufgrund der höheren Steifigkeit der Struktur
in diesen Bereichen größer als über den Bereichen zwischen den Stützrippen, da
in diesen übrigen Bereichen die Struktur aufgrund einer meist gegebenen
gewissen Biegsamkeit des Materials nachgiebiger ist. Das Material weicht folglich
in diesen übrigen Bereichen unter dem Polierdruck nach unten aus. Nach
Wegnahme des Polierdruckes steigen in diesen übrigen Bereichen Buckel auf.
Dies wird gerade bei Verwendung eines C/SiC-Schaumes vermieden. </p>
    <p num="0013">Es kann weiterhin vorgesehen werden, dass eine schleifbare und polierbare Oberflächenbeschichtung
auf der C/SiC-Frontplatte aufgebracht ist und die Oberflächenbeschichtung
mit der C/SiC-Frontplatte monolithisch verbunden ist. Dadurch
wird einerseits erreicht, dass die Reflektoroberfläche direkt geschliffen und auf die
erforderliche Rauhigkeit, insbesondere zur Erzielung eines möglichst geringen
Streulichtpegels, poliert werden kann. Die monolithische Verbindung verhindert
wiederum mögliche Fehlerquellen. Durch die monolithische Verbindung aller wesentlichen
Komponenten des Reflektors wird erreicht, dass der gesamte Reflektor
einschließlich der polierten Spiegelfläche aus einem monolithischen Material besteht.
Es liegen daher im Gegensatz zum Stand der Technik keine unterschiedlichen
Schichten mit unterschiedlichen Materialeigenschaften vor, die als Fehlerquellen
wirken können.</p>
    <p num="0014">Die Erfindung umfasst außerdem ein Verfahren zur Herstellung eines Reflektors,
wobei ein keramisches Material mit niedrigem Flächengewicht auf eine erste Oberfläche
einer keramischen Frontplatte aufgebracht wird, welche gemäß der Reflektorkontur
vorgeformt ist, und wobei anschließend das keramische Material mit
der Frontplatte monolithisch verbunden wird. Gemäß der Erfindung ist vorgesehen,
dass zunächst eine polymere Schaumstruktur mit einer Suspension aus einem
keramischen Ausgangsmaterial, welches Silizium enthält, überzogen wird.
Die polymere Struktur kann beispielsweise durch ein Eintauchen in die Suspension
oder unter Ausnutzung von Kapillareffekten bei Verwendung einer porösen polymeren
Struktur mit der Suspension überzogen werden. Anschließend wird die so
behandelte Schaumstruktur zur Erzeugung eines keramischen Zwischenproduktes
mit einer Schaumstruktur unter Luftabschluss pyrolysiert. Durch die Pyrolyse wird
die polymere Struktur zerstört, es verbleibt ein keramisches Zwischenprodukt, das
weitgehend die Struktur der polymeren Struktur vor deren Pyrolyse besitzt. Nach
der Pyrolyse wird das keramische Zwischenprodukt auf eine Carbon/Carbon-Frontplatte
aufgebracht und anschließend erfolgt eine Infiltration eines Siliziums
enthaltenden Materials bei Temperaturen über 1350° C zur Herstellung einer monolithischen
C/SiC-Struktur aus einem C/SiC-Schaum und einer C/SiC-Frontplatte.
Damit wird also eine monolithische Verbindung der einzelnen Komponenten des
Reflektors erzielt und es entsteht dabei das endgültige keramische Material. Die 
geeignete Wahl der Werkstoffe, wie hier dargestellt, für das keramische Material
bzw. das keramische Zwischenprodukt, die Frontplatte, die Rückplatte trägt mit zur
Realisierung dieser monolithischen Verbindung bei. Die Vorteile eines solchen
Verfahrens wurden bereits vorstehend anhand der damit herstellbaren Reflektoranordnung
erläutert.</p>
    <p num="0015">Es kann weiter vorgesehen werden, dass vor dem Aufbringen des Schaumes auf
der ersten Oberfläche der Frontplatte Erhebungen und/oder Vertiefungen aus dem
gleichen Material wie das der Frontplatte erzeugt werden. Die Anwendungsmöglichkeiten
für solche Erhebungen und/oder Vertiefungen wurden ebenfalls bereits
erläutert. Außerdem kann zur weiteren Versteifung auf den Schaum eine Carbon/Carbon-Rückplatte
aufgebracht werden, wobei die Carbon/Carbon-Rückplatte
mit dem Schaum durch die Infiltration des Silizium enthaltenden Materials monolithisch
verbunden wird. Zusätzlich kann eine schleifbare und polierbare Oberflächenbeschichtung
auf der C/SiC-Frontplatte aufgebracht werden und die Oberflächenbeschichtung
kann mit der C/SIC-Frontplatte monolithisch verbunden werden.
Die Vorteile dieser möglichen Maßnahmen wurden ebenfalls bereits anhand der
erfindungsgemäßen Reflektoranordnung erläutert.</p>
    <p num="0016">Weiterhin kann als spezielle Weiterbildung der Erfindung vorgesehen werden,
dass die polymere Struktur mit einer speziellen Suspension bestehend aus einer
Aufschlämmung von SiC, Silizium und Kohlenstoff in einem organischen Flüssigkeitsgemisch
überzogen wird.</p>
    <p num="0017">Für das Fertigungsverfahren kann insbesondere vorgesehen werden, dass das
keramische Zwischenprodukt nach der Pyrolyse mit Hilfe eines Klebers mit der
Frontplatte und/oder mit der Rückplatte verbunden wird. Der Kleber enthält bevorzugt
Siliziumcarbid und/oder Kohlenstoff und/oder Silizium. Anschließend erfolgt
die bereits beschriebene Infiltration eines Silizium enthaltenden Materials bei
Temperaturen über 1350 ° C. Die geeignete Wahl für den Kleber kann dann mit
zur Realisierung der bereits beschriebenen monolithischen Verbindung beitragen. </p>
    <p num="0018">Ein spezielles Ausführungsbeispiel der vorliegenden Erfindung wird nachfolgend
anhand der Fig. 1 und 2 erläutert.</p>
    <p num="0019">Es zeigt:
<dl tsize="7"><dt>Fig. 1:</dt><dd>Querschnitt durch einen erfindungsgemäßen Reflektor</dd><dt>Fig. 2:</dt><dd>Vergrößerter Ausschnitt eines Querschnittes nach Fig. 1</dd></dl></p>
    <p num="0020">Bei dem Verfahren nach der vorliegenden Erfindung wird ein keramischer Schaum
2 zumindest mit einer keramischen Frontplatte 1 verbunden bzw. es wird die
Frontplatte 1 bei der Herstellung der Schaumstrukturen 2 direkt an der jeweiligen
Schaumstruktur 2 integriert.</p>
    <p num="0021">Als Ausgangsmaterial für die Herstellung des keramischen Schaumes wird eine
poröse polymere Struktur, vorzugsweise Polyurethan in Form eines Schaumgerüstes
oder ein sonstiges Ausbrandmittel, wie z.B. ein Polyamidgranulat verwendet.
Dieses Ausgangsmaterial wird entweder in eine Suspension eines keramischen
Ausgangsmaterials getaucht, was in einem einzigen Verfahrensschritt oder in
mehreren Tauchschritten erfolgen kann, oder es wird eine solche Suspension beispielsweise
unter Ausnutzung von Kapillareffekten in die polymere Struktur eingesogen.
Anschließend erfolgt bei Temperaturen von 100 bis 160 °C eine Trocknung
der Struktur.</p>
    <p num="0022">Wichtig bei diesem Verfahren ist, dass die Bestandteile der Suspension Materialien
beinhalten oder aus den gleichen Materialien bestehen, wie die noch aufzubringende
keramische Frontplatte 1. Zu diesem Zweck wird eine Suspension verwendet,
die aus einem Schlicker aus einer Aufschlämmung von feinem SiC, Si
und Kohlenstoff in einem organischen Flüssigkeitsgemisch besteht. Eine solche
Suspension kann insbesondere nach den folgenden Einzelschritten hergestellt
werden. </p>
    <p num="0023">Unter der Zugabe des Bindemittels wird das Siliziumcarbidpulver vermischt. Die
Viskosität wird auf eine wässerige Konsistenz durch Zugabe des Lösungsmittels
eingestellt. Vorzugsweise wird als Lösungsmittel ein organisches Lösungsmittel,
beispielsweise ein Gemisch aus Isopropylalkohol, Butylacetat, Butandiol und Polyethylenglykol
als Bindemittel Phenolharz oder Novolacke verwendet. Dieses
Gemisch wird unter ständigem Rühren dispergiert. Nach der Homogenisierungszeit
werden Kohlenstoff, vorzugsweise in Form von Feinstgraphit und/oder Ruß
und/oder Kohlefasem zugegeben. Nun wird das gesamte System in einem handelsüblichen
Homogenisator dispergiert. Als letztes wird bei bestimmten Anwendungen
noch Silizium zugegeben, um sicherzustellen, dass insbesondere bei integralen
Strukturen bei dem anschließenden Thermalprozess der Flüssiginfiltration
die Keramisierung der Schaumstruktur vollständig erfolgt.</p>
    <p num="0024">Nach der Aushärtung der Schaumstruktur wird die polymere Struktur in einem
Thermalprozess zwischen 900°C und 1200°C, idealerweise bei etwa 1000°C unter
Luftabschluss vorzugsweise unter Stickstoff oder unter Vakuum pyrolysiert. Der
Schlicker geht in ein keramisches Zwischenprodukt über, das bei Zimmertemperatur
hart, bei Temperaturen größer 50°C jedoch eine gewisse Flexibilität aufweist.</p>
    <p num="0025">Nach der Pyrolyse wird das keramische Zwischenprodukt, das bereits eine
Schaumstruktur besitzt, fest mit einer Frontplatte 1 und/oder Rückplatte 3 aus einem
Carbon-Carbon-Material verbunden. Die Frontplatte 1 besitzt dabei idealerweise
bereits zumindest weitgehend die gewünschte Oberflächenkontur des späteren
Reflektors. Die Rückplatte 3 ist optional und kann zur zusätzlichen Versteifung
der Struktur vorgesehen werden. Ebenso können grundsätzlich auch zusätzliche
Seitenplatten vorgesehen werden. Die Verbindung der Platten 1, 3 mit keramischen
Zwischenprodukt erfolgt mit Hilfe eines Klebers, welcher aus einem Bindemittel
und zumindest Siliziumcarbid, bevorzugt zusätzlich noch aus Kohlenstoff,
besteht. Der Kleber enthält damit also zumindest weitgehend dieselben Substanzen
wie die Schaumstruktur. Dadurch ist sichergestellt, dass kein unterschiedliches
Verhalten von Kleber und Zwischenprodukt bzw. Schaumstruktur bei dem
nachfolgend beschriebenen Thermalprozess auftritt, was sonst zu störenden Erscheinungen,
wie Rissbildung oder Schrumpfung führen könnte. </p>
    <p num="0026">Aus konstruktiven und/oder thermalen Gründen können auch Rippen bzw. Kanalstrukturen
7 auf der Rückseite der Frontplatte 1 und/oder Rückplatte 3 vorgesehen
werden und in diesem Fall werden Schaumsegmente des Zwischenprodukts in die
entsprechenden Segmente der Frontplatte 1 bzw. Rückplatte 3 geklebt. Die verklebten
Strukturen werden anschließend bei Temperaturen zwischen 70°C und
170°C ausgehärtet.</p>
    <p num="0027">Nach dem Aushärten der Struktur wird diese unter Vakuum bei Temperaturen von
1350°C bis 1700°C, idealerweise bei etwa 1600°C mit Silizium infiltriert. So entsteht
aus der Carbon/Carbon-Struktur der Platten 1, 3 wie auch aus dem keramischen
Zwischenprodukt und dem Kleber eine keramische C/SiC Struktur, bei der
im Gegensatz zu Sinterprozessen von monolithischer Keramik nahezu kein
Schrumpf auftritt. Aus der verklebten Struktur entsteht dabei eine monolithische
Struktur aus C/SiC-Frontplatte 1 mit C/SiC-Schaum 2, mit eventuellen zusätzlichen
C/SiC-Platten als Rückplatte 3 und Seitenplatten. Durch Variation der Porosität der
ursprünglichen Schaumstruktur können Flächengewicht und Steifigkeit des Reflektors
eingestellt und optimiert werden.</p>
    <p num="0028">Nach dem Infiltrationsprozess wird die Struktur gereinigt, vorzugsweise durch
Sandstrahlen, sodass eine glatte Oberfläche frei von überschüssigem Silizium aus
dem vorherigen Prozess entsteht. Nun wird die spätere Reflexions-Oberfläche 5
weitgehend entsprechend der gewünschten Endform grob vorgeschliffen. Dieses
Vorschleifen soll im wesentlichen die Einhaltung der gewünschten Kontur der Reflexionsschicht
des Reflektors sicherstellen.</p>
    <p num="0029">Nach dem Vorschleifen wird zumindest die Oberfläche 5 mit einer Beschichtung 6
versehen. Hierfür können grundsätzlich alle Beschichtungen vorgesehen werden,
die zur Herstellung einer schleifbaren und polierbaren Oberfläche geeignet sind,
insbesondere solche, die monolithisch mit der Frontplatte 1 verbunden werden
können und dazu ähnliche Materialien beinhalten wie die Frontplatte 1. Nachfolgend
wird ein spezielles Verfahren zur Herstellung einer solchen Beschichtung
beschrieben. </p>
    <p num="0030">Zur Herstellung der Beschichtung 6 erfolgt die Herstellung eines Schlickers in
Form einer Dispersion, welches aus Bindemittel, Lösungsmittel, metallischem
und/oder keramischem Pulver sowie Kohlenstoff besteht. Damit kann die C/SiC-Frontplatte
1 derart beschichtet werden, dass in anschließenden Polierabläufen
eine RMS-Oberflächenrauhigkeit von &lt; 1 µm, vorzugsweise sogar kleiner 10 nm,
erzielt werden kann.</p>
    <p num="0031">Die Herstellung der Dispersion für die keramische Beschichtung erfolgt nach den
im folgendend dargestellten Einzelschritten.</p>
    <p num="0032">Unter Zugabe des Bindemittels wird Siliziumcarbidpulver mit diesem Bindemittel
vermischt. Die Viskosität des 2-Stoff-Gemisches aus Siliziumcarbidpulver und
Bindemittel wird auf eine ölige Konsistenz durch die Zugabe des Lösungsmittels
eingestellt. Vorzugsweise wird als Lösungsmittel ein organisches Lösungsmittel,
beispielsweise ein Gemisch aus Isopropylalkohol, Butylacetat, Butandiol und Polyethylenglykol
verwendet. Dieses ölige Gemisch wird mittels eines handelsüblichen
Homogenisators dispergiert. Nach der Homogenisierungszeit wird Kohlenstoff,
vorzugsweise in Form von Feinstgraphit oder Ruß, zugegeben. Nach dieser
Zugabe wird das Stoffsystem nun wiederum in dem Homogenisator dispergiert.
Als letztes wird das metallische Pulver, vorzugsweise metallisches Silizium, zugegeben
und anschließend kann das gesamte Stoffsystem nochmals homogenisiert
werden. Während des gesamten Homogenisierungsprozesses kann stets Lösungsmittel
zugegeben werden, um die für die spätere Anwendung notwendige
Viskosität einzustellen. Die Viskosität richtet sich im wesentlichen nach dem Beschichtungsverfahren,
mit welchem das Substrat, also insbesondere die Frontplatte
1 und gegebenenfalls auch die Rückplatte 3, später beschichtet werden soll.
Während des Homogenisierungsprozesses wird bevorzugt die Viskosität mit geeigneten
Meßmethoden wie beispielsweise mit einem handelsüblichen Viskosimeter
oder Auslaufbecher kontrolliert.</p>
    <p num="0033">Das Aufbringen der Schlicker-Dispersion kann in einer Spritztechnik, vorzugsweise
mit Hilfe von Lackierwerkzeugen, erfolgen, wobei idealerweise mit geeigneten
Werkzeugen einer Entmischung der Dispersion entgegengewirkt wird, um Inhomogenitäten 
an einzelnen Stellen zwischen der Beschichtung und dem Substrat
bzw. Fehlstellen in der Beschichtung zu vermeiden.</p>
    <p num="0034">Die Beschichtung kann in mehreren Einzelschritten erfolgen, d. h. die gesamte
Beschichtung kann statt in einer einzigen Schicht auch in mehreren Schichten
aufgetragen werden. Hierbei können beispielsweise Einzelschichten bis zu 0,5
mm erreicht werden. Nach jedem Beschichtungsvorgang kann bevorzugt eine
Trocknung der jeweiligen Schicht vorgenommen werden. Eine solche Trocknung
kann beispielsweise in einem entsprechenden Trockenschrank erfolgen. Hierbei
richtet sich die Trocknungszeit im wesentlichen nach der Schichtdicke und nach
der Anzahl der bereits aufgetragenen Schichten. Die Trocknungszeit zwischen
den einzelnen Beschichtungen kann beispielsweise zwischen 30 Minuten und 120
Minuten betragen. Die Trocknungstemperatur liegt idealerweise unterhalb von
150° C und beträgt beispielsweise zwischen 70 und 120° C.</p>
    <p num="0035">Sobald die Beschichtung 6 gemäß den vorgenannten Arbeitsschritten fertiggestellt
ist, wird das beschichtete Substrat in einem Thermalprozess unter Vakuum oder
Schutzgas auf Temperaturen oberhalb 1600 ° C aufgeheizt. Bei diesem Thermalprozess
kommt es, analog zum vorher beschriebenen Verfahren, auf Grund der
Reaktionsaffinität zwischen Silizium und Kohlenstoff zur Bildung von Siliziumcarbid,
größtenteils zu β-SiC, wobei der in der Beschichtung 6 vorhandene Kohlenstoff
teilweise mit dem in der aufgetragenen Schicht vorhandenem Silizium
und/oder teilweise mit dem im Substrat der Frontplatte 1 vorhandenen Restsilizium
in der Matrix der Frontplatte 1 zu Siliziumcarbid reagiert. Durch einsetzende Diffusionsprozesse
zwischen dem Silizium im Substrat der Frontplatte 1 und dem Kohlenstoff
in der Beschichtung 6 kommt es zu einer Kontaktreaktion durch Bildung
von Siliziumcarbid, wodurch es zu einer festen Anbindung der Beschichtung 6 an
die Frontplatte 1 kommt. Es erfolgt dabei die Ausbildung einer monolithischen
Struktur. Durch das in der Beschichtung 6 vorhandene Siliziumcarbid wird gewährleistet,
dass sich während des Thermalprozesses eine sehr dichte Oberflächenschicht
ausbildet, welche auf Grund einer optimeriten Korngrößenverteilung erzielt
werden kann. Durch eine geeignete Auswahl des Stoffsystems des Schlickers
kann während des Thermalprozesses erreicht werden, dass die sich ausbildende 
Schicht keine Porosität ausbildet, also weder eine offene noch eine geschlossene
Porosität, und die Beschichtung 6 somit keine Fehlstellen aufweist. Nach Ende
dieses Thermalprozesses kann die beschichtete Frontplatte 1 mit für optische Anwendungen
geeigneten Bearbeitungsmaschinen poliert werden.</p>
    <p num="0036">Ein erfindungsgemäßer Reflektor zeichnet sich durch mehrere Vorteile aus:</p>
    <p num="0037">Verminderte Herstellungskosten: Verglichen beispielsweise mit der relativ komplizierten
Frästechnik für die Reflektor-Rückseite, wie sie im Stand der Technik offenbart
ist, ist das Aufbringen des C/SiC Schaumes einfach. Die monolithische
Verbindung des Schaumes mit seiner Frontplatte geschieht auf einfache Weise
während und zusammen mit der Si-Infiltration der Frontplatte.</p>
    <p num="0038">Die Erzielung eines extrem niedrigen Flächengewichtes von weniger als 15 Kg/m<sup>2</sup>,
insbesondere von weniger als 10 Kg/m<sup>2</sup> ist möglich.</p>
    <p num="0039">Aufgrund der monolithischen Struktur des gesamten Reflektors liegen keine unterschiedlichen
Materialschichten mit unterschiedlichen thermischen Eigenschaften vor,
d.h. es besteht nicht die Gefahr einer Ablösung verschiedener Materialschichten
voneinander oder einer Rissbildung aufgrund eines unterschiedlichen Ausdehnungsverhaltens.</p>
    <p num="0040">Durch Verwendung einer porösen Schaumstruktur 2 ergibt sich eine bessere
Wärmeübertragung von der Frontplatte 1 in das keramische Material 2 bzw. an ein
Temperiermedium (z.B. Luft oder Flüssigkeit), das dem keramischen Material 2
zu dessen Durchströmung zugeführt werden kann. Soll Wärme, die beispielsweise
durch das Auftreffen hoher Strahlungsleistungen auf die Reflektor-Oberfläche in die
Reflektor-Frontplatte 1 eingebracht wird, abgeführt werden, so kann insbesondere
eine aktive Kühlung, z.B. durch rückwärtig eingeblasene Luft oder eingeführtes flüssiges
Kühlmittel, erfolgen. Es ergibt sich dabei beispielsweise, dass der Wärmeübergang
auf durch eine Schaumstruktur 2 geblasene Luft 10 mal höher ist als bei einer
Reflektorstruktur ohne Schaum oder vergleichbares poröses Material. Dies ergibt
sich, da die innere Oberfläche der Schaumstruktur 2 sehr viel größer ist als die Oberfläche, 
die von Luft oder einem ähnlichen Kühlmittel umströmt werden kann, wenn
keine Schaumstruktur 2 oder ähnliche poröse Struktur vorliegt.</p>
    <p num="0041">Der "Quiltingeffekt" (= "Steppdeckeneffekt") wird vermieden: Der bereits beschriebene
Steppdeckeneffekt, der typisch für die herkömmlichen Strukturen mit Stützrippen
ist, kann, wie leicht einsichtig ist, bei einer Ausbildung des keramischen Materials als
poröse Schaumstruktur, vermieden werden.</p>
    <p num="0042">Der beschriebene vollkeramische C/SiC Leichtgewicht-Reflektor kann insbesondere
als Element für optische Geräte, z.B. Teleskope oder ähnliches, beispielsweise
in der Raumfahrttechnik, verwendet werden.</p>
  </description>
  <claims load-source="ep" status="new" lang="DE">
    <claim num="1">
      <claim-text>Reflektor, beinhaltend ein keramisches Material (2) mit einem niedrigen
Flächengewicht, wobei das keramische Material (2) auf eine erste Oberfläche (4)
einer gemäß der Reflektorkontur vorgeformten keramischen Frontplatte (1) aufgebracht
und mit der Frontplatte (1) monolithisch verbunden ist, dadurch gekennzeichnet,
dass als keramisches Material (2) ein C/SiC-Schaum vorgesehen ist
und als keramische Frontplatte (1) eine C/SiC-Frontplatte vorgesehen ist.</claim-text>
    </claim>
    <claim num="2">
      <claim-text>Reflektor nach Anspruch , dadurch gekennzeichnet, dass auf der ersten
Oberfläche (4) der Frontplatte (1) Erhebungen und/oder Vertiefungen (7) aus
C/SiC vorgesehen sind.</claim-text>
    </claim>
    <claim num="3">
      <claim-text>Reflektor nach Anspruch 2, dadurch gekennzeichnet, dass
Rippenstrukturen oder Kanalstrukturen (7) vorgesehen sind.</claim-text>
    </claim>
    <claim num="4">
      <claim-text>Reflektor nach einem der Ansprüche 1 bis 3, dadurch gekennzeichnet,
dass ein Wärmeaustausch zwischen dem C/SiC-Schaum (2) und einem Temperiermedium
besteht.</claim-text>
    </claim>
    <claim num="5">
      <claim-text>Reflektor nach einem der Ansprüche 1 bis 4, dadurch gekennzeichnet,
dass auf den C/SiC-Schaum (2) eine C/SiC-Rückplatte (3) aufgebracht ist und
dass die C/SiC-Rückplatte (3) mit dem C/SiC-Schaum (2) monolithisch verbunden
ist.</claim-text>
    </claim>
    <claim num="6">
      <claim-text>Reflektor nach einem der Ansprüche 1 bis 5, dadurch gekennzeichnet,
dass eine schleifbare und polierbare Oberflächenbeschichtung (6) auf der C/SIC-Frontplatte
(1) aufgebracht ist und die Oberflächenbeschichtung mit der C/SiC-Frontplatte
(1) monolithisch verbunden ist.</claim-text>
    </claim>
    <claim num="7">
      <claim-text>Verfahren zur Herstellung eines Reflektors, wobei ein keramisches Material
(2) mit niedrigem Flächengewicht auf eine erste Oberfläche (4) einer gemäß der
Reflektorkontur vorgeformten keramischen Frontplatte (1) aufgebracht wird und
mit der Frontplatte (1) monolithisch verbunden wird, dadurch gekennzeichnet,
dass eine polymere Schaumstruktur mit einer Suspension aus einem keramischen
Ausgangsmaterial, welches Silizium enthält, überzogen wird, anschließend zur
Erzeugung eines keramischen Zwischenproduktes mit einer Schaumstruktur unter
Luftabschluss pyrolysiert wird, dass nach der Pyrolyse das keramische Zwischenprodukt
auf eine Carbon/Carbon-Frontplatte (1) aufgebracht wird und anschließend
eine Infiltration eines Siliziums enthaltenden Materials bei Temperaturen über
1350° C zur Herstellung einer monolithischen C/SiC-Struktur aus einem
C/SiC-Schaum (2) und einer C/SIC-Frontplatte (1) erfolgt.</claim-text>
    </claim>
    <claim num="8">
      <claim-text>Verfahren nach Anspruch 7, dadurch gekennzeichnet, dass vor dem
Aufbringen des Schaumes (2) auf der ersten Oberfläche (4) der Frontplatte (1)
Erhebungen und/oder Vertiefungen (7) aus dem gleichen Material wie das der
Frontplatte (1) erzeugt werden.</claim-text>
    </claim>
    <claim num="9">
      <claim-text>Verfahren nach einem der Ansprüche 7 oder 8, dadurch gekennzeichnet,
dass vor der Infiltration des Silizium enthaltenden Materials auf den Schaum (2)
eine Carbon/Carbon-Rückplatte (3) aufgebracht wird und dass die Carbon/Carbon-Rückplatte
(3) mit dem Schaum (2) durch die Infiltration des Siliziums
enthaltenden Materials monolithisch verbunden wird.</claim-text>
    </claim>
    <claim num="10">
      <claim-text>Verfahren nach einem der Ansprüche 7 bis 9, dadurch gekennzeichnet,
dass eine schleifbare und polierbare Oberflächenbeschichtung (6) auf der C/SIC-Frontplatte
(1) aufgebracht wird und die Oberflächenbeschichtung (6) mit der
C/SiC-Frontplatte (1) monolithisch verbunden wird.</claim-text>
    </claim>
    <claim num="11">
      <claim-text>Verfahren nach einem der Ansprüche 7 bis 10, dadurch gekennzeichnet,
dass die polymere Struktur mit einer Suspension bestehend aus einer Aufschlämmung
von SiC, Silizium und Kohlenstoff in einem organischen Flüssigkeitsgemisch
überzogen wird.</claim-text>
    </claim>
    <claim num="12">
      <claim-text>Verwendung eines Reflektors nach einem der Ansprüche 1 bis 6, insbesondere
hergestellt nach einem Verfahren nach einem der Ansprüche 7 bis 11, als
Element für optische Geräte in der Raumfahrttechnik.</claim-text>
    </claim>
  </claims>
  <copyright>User acknowledges that the Information Retrieval Facility (IRF) and its third party providers retain all right, title and interest in and to this xml under applicable copyright laws. User acquires no ownership rights to this xml including but not limited to its format. User hereby accepts the terms and conditions of the Licence Agreement set forth at http://www.ir-facility.org/legal/marec/data_licence</copyright>
</patent-document>
