<?xml version="1.0" encoding="utf-8"?>
<!DOCTYPE patent-document PUBLIC "-//MXW//DTD patent-document XML//EN" "http://www.ir-facility.org/dtds/patents/v1.4/patent-document.dtd">
<patent-document ucid="EP-1258607-A2" country="EP" doc-number="1258607" kind="A2" lang="DE" family-id="7684839" status="new" date-produced="20090516" date="20021120">
  <bibliographic-data>
    <publication-reference ucid="EP-1258607-A2" status="new" fvid="23614573">
      <document-id status="new" format="original">
        <country>EP</country>
        <doc-number>1258607</doc-number>
        <kind>A2</kind>
        <date>20021120</date>
      </document-id>
    </publication-reference>
    <application-reference ucid="EP-02010399-A" status="new" is-representative="NO">
      <document-id status="new" format="epo">
        <country>EP</country>
        <doc-number>02010399</doc-number>
        <kind>A</kind>
        <date>20020508</date>
      </document-id>
    </application-reference>
    <priority-claims status="new">
      <priority-claim ucid="DE-10123567-A" status="new">
        <document-id status="new" format="epo">
          <country>DE</country>
          <doc-number>10123567</doc-number>
          <kind>A</kind>
          <date>20010515</date>
        </document-id>
      </priority-claim>
    </priority-claims>
    <technical-data status="new">
      <classifications-ipcr>
        <classification-ipcr status="new">F01N   7/08        20060101A I20051008RMEP        </classification-ipcr>
        <classification-ipcr status="new">F01N   7/08        20060101C I20051008RMEP        </classification-ipcr>
        <classification-ipcr status="new">F01N   7/18        20060101A I20051008RMEP        </classification-ipcr>
        <classification-ipcr status="new">F01N   7/18        20060101C I20051008RMEP        </classification-ipcr>
      </classifications-ipcr>
      <classification-ecla status="new">
        <classification-symbol scheme="EC">F01N   7/08B</classification-symbol>
        <classification-symbol scheme="EC">F01N   7/18B</classification-symbol>
        <classification-symbol scheme="EC">F01N   7/18D1B</classification-symbol>
        <classification-symbol scheme="ICO">R01N470:18</classification-symbol>
      </classification-ecla>
      <invention-title load-source="ep" status="new" lang="DE">Montierbares Auslassrohr für einen Endschalldämpfer sowie Endschalldämpfer für ein Kraftfahrzeug</invention-title>
      <invention-title load-source="ep" status="new" lang="EN">Mountable exit pipe for a tail pipe silencer as well as a tail pipe silencer for a vehicle</invention-title>
      <invention-title load-source="ep" status="new" lang="FR">Tube de sortie montable pour un silencieux terminal et aussi un silencieux terminal pour un véhicule</invention-title>
    </technical-data>
    <parties>
      <applicants>
        <applicant status="new" format="epo">
          <addressbook>
            <name>GILLET HEINRICH GMBH</name>
            <address>
              <country>DE</country>
            </address>
          </addressbook>
        </applicant>
        <applicant status="new" format="epo">
          <addressbook>
            <name>PORSCHE AG</name>
            <address>
              <country>DE</country>
            </address>
          </addressbook>
        </applicant>
        <applicant status="new" format="intermediate">
          <addressbook>
            <name>DR.ING. H.C.F. PORSCHE AKTIENGESELLSCHAFT</name>
          </addressbook>
        </applicant>
        <applicant status="new" format="intermediate">
          <addressbook>
            <name>HEINRICH GILLET GMBH &amp; CO. KG</name>
          </addressbook>
        </applicant>
        <applicant status="new" format="original">
          <addressbook>
            <last-name>Dr.Ing. h.c.F. Porsche Aktiengesellschaft</last-name>
            <address>
              <street>Porscheplatz 1</street>
              <city>70435 Stuttgart</city>
              <country>DE</country>
            </address>
          </addressbook>
        </applicant>
        <applicant status="new" format="original">
          <addressbook>
            <last-name>Heinrich Gillet GmbH &amp;amp; CO. KG</last-name>
            <address>
              <street>Luitpoldstrasse 83</street>
              <city>67480 Edenkoben</city>
              <country>DE</country>
            </address>
          </addressbook>
        </applicant>
      </applicants>
      <inventors>
        <inventor status="new" format="epo">
          <addressbook>
            <name>HEIN MANFRED</name>
            <address>
              <country>DE</country>
            </address>
          </addressbook>
        </inventor>
        <inventor status="new" format="epo">
          <addressbook>
            <name>SCHORN JUERGEN</name>
            <address>
              <country>DE</country>
            </address>
          </addressbook>
        </inventor>
        <inventor status="new" format="epo">
          <addressbook>
            <name>WESSELS MICHAEL</name>
            <address>
              <country>DE</country>
            </address>
          </addressbook>
        </inventor>
        <inventor status="new" format="intermediate">
          <addressbook>
            <name>HEIN, MANFRED</name>
          </addressbook>
        </inventor>
        <inventor status="new" format="intermediate">
          <addressbook>
            <name>SCHORN, JUERGEN</name>
          </addressbook>
        </inventor>
        <inventor status="new" format="intermediate">
          <addressbook>
            <name>WESSELS, MICHAEL</name>
          </addressbook>
        </inventor>
        <inventor status="new" format="original">
          <addressbook>
            <last-name>HEIN, MANFRED</last-name>
            <address>
              <street>Obere Tannenbergstrasse 18</street>
              <city>71229 Leonberg</city>
              <country>DE</country>
            </address>
          </addressbook>
        </inventor>
        <inventor status="new" format="original">
          <addressbook>
            <last-name>Schorn, Jürgen</last-name>
            <address>
              <street>Fontanestrasse 8</street>
              <city>71277 Rutesheim</city>
              <country>DE</country>
            </address>
          </addressbook>
        </inventor>
        <inventor status="new" format="original">
          <addressbook>
            <last-name>WESSELS, MICHAEL</last-name>
            <address>
              <street>Ölmühle 2</street>
              <city>71287 Weissach</city>
              <country>DE</country>
            </address>
          </addressbook>
        </inventor>
      </inventors>
    </parties>
    <international-convention-data>
      <designated-states>
        <ep-contracting-states>
          <country>DE</country>
          <country>FR</country>
          <country>GB</country>
          <country>IT</country>
        </ep-contracting-states>
      </designated-states>
    </international-convention-data>
  </bibliographic-data>
  <abstract load-source="ep" status="new" lang="DE">
    <p>Die Erfindung geht aus von einem montierbaren Auslassrohr (18) für einen
Endschalldämpfer sowie einem Endschalldämpfer für ein Kraftfahrzeug mit Mitteln zum
Befestigen des Auslassrohres (18) am Endschalldämpfergehäuse (2). Es wird
vorgeschlagen, dass am Auslassrohr (18) ein Haken (22) vorgesehen ist, der am
Endschalldämpfergehäuse (2) einhängbar ist und dass am Auslassrohr (18) eine mit einer
Öffnung (24) versehene Haltelasche (26) angeordnet ist, die am
Endschalldämpfergehäuse (2) über eine Mutter-Schraubenverbindung (28, 30) befestigbar
ist.</p>
    <p>Damit wird auf einfache Art und Weise eine leicht montierbare Befestigung eines
Auslassrohres an einem Endschalldämpfergehäuse erreicht.
<img id="img-00000001" orientation="unknown" wi="157" img-format="tif" img-content="ad" file="00000001.tif" inline="no" he="100"/></p>
  </abstract>
  <abstract load-source="docdb" source="EPO" status="new" lang="EN">
    <p>A hook (22) on the exhaust pipe (18) hangs onto the housing (2) and a holding strap with opening for a nut of a screwdown fixing is welded or soldered to the strap. Hook (22) and strap are made from a single strip as fixed between manifold pipes. The housing is in two parts (2A,2B) joined by beaded edges (4). The strap (16) is on the housing side facing the pipe (18). The housing parts have collared (10) outlets (12), each to take an outlet pipe (14).</p>
  </abstract>
  <description load-source="ep" status="new" lang="DE">
    <p num="0001">Die Erfindung geht aus von einem montierbaren Auslassrohr für einen Endschalldämpfer
eines Kraftfahrzeuges sowie von einem Endschalldämpfer für ein Kraftfahrzeug.</p>
    <p num="0002">Aus der DE 199 14 426 A1 ist ein luftspaltisoliertes Endrohr für ein Abgasrohr einer
Abgasanlage bekannt, das als Stecksitz auf einem Abgasrohr aufgeschoben und mit Hilfe
einer Schraubverbindung gesichert ist. Damit ein Anlaufen des doppelwandig
ausgebildeten Endrohres aufgrund der thermischen Anbindung an das Abgasrohr
verhindert wird, sind zusätzliche Maßnahmen, wie z.B. Lufteintrittsöffnungen zur
Erhöhung der Kühlwirkung im Endrohr vorgesehen.</p>
    <p num="0003">Es ist Aufgabe der Erfindung, die Anbindung eines montierbaren Auslassrohres für einen
Endschalldämpfer eines Kraftfahrzeuges dahingehend zu verbessern, dass einerseits eine
einfache und schnell zu lösende Anbindung des Endrohres am Endschalldämpfer
gewährleistet ist und andererseits die Befestigung so erfolgt, dass eine Wärmeleitung
vom Endschalldämpfergehäuse zum Endrohr weitgehend vermieden wird, so dass ein
Anlaufen des nach außen hin sichtbaren Endrohres verhindert wird.</p>
    <p num="0004">Darüber hinaus ist ein Endschalldämpfergehäuse mit Befestigungsmitteln zu versehen,
mit deren Hilfe das erfindungsgemäße montierbare Auslassrohr am
Endschaldämpfergehäuse befestigt werden kann.</p>
    <p num="0005">Die Lösung der Aufgabe erfolgt durch die Merkmale der Ansprüche 1 und 4.</p>
    <p num="0006">Das mit einem Haken versehene Auslassrohr kann auf einfache Art und Weise an einer
geeigneten Stelle am Endschalldämpfergehäuse eingehakt werden und mittels einer auf
der Unterseite des Auslassrohres vorgesehenen Lasche über eine Mutter-Schraubenverbindung
am Endschalldämpfergehäuse gesichert werden. Durch diese Art 
der Befestigung wird das Auslassrohr selbst nicht direkt mit dem
Endschalldämpfergehäuse verbunden, so dass eine Wärmeleitung vom
Endschalldämpfergehäuse zum Auslassrohr weitgehend unterbunden ist.</p>
    <p num="0007">In den Unteransprüchen sind weitere vorteilhafte Ausgestaltungen des
erfindungsgemäßen montierbaren Auslassrohres enthalten.</p>
    <p num="0008">Der zur Befestigung des Auslassrohres vorgesehene Haken und die mit einer Öffnung
versehene Lasche sind in vorteilhafter Weise aus einem einteiligen Blechstreifen
hergestellt, der zwischen zwei Einzelrohren des Auslassrohres, z.B. an Einzelpunkten
verschweißt, befestigt ist.</p>
    <p num="0009">Wenn das Auslassrohr an einem Endschalldämpfergehäuse montiert wird, ist es
besonders vorteilhaft, wenn eine mit der Öffnung in der Lasche korrespondierende Mutter
auf der Lasche aufgeschweißt oder aufgelötet ist.</p>
    <p num="0010">Ein für die Befestigung des Auslassrohres vorgesehener Endschalldämpfer zeichnet sich
dadurch aus, dass das aus zwei Halbschalen bestehende Gehäuse einen umgebördelten
Rand ausbildet, an dem in vorteilhafter Weise der am Auslassrohr vorgesehene Haken
eingehängt werden kann. Das Endschalldämpfergehäuse weist ebenfalls eine mit einer
Öffnung versehenen Lasche auf, die über eine Mutter- Schraubenverbindung mit der am
Auslassrohr vorgesehenen Lasche verbunden ist.</p>
    <p num="0011">Das Gehäuse des Endschalldämpfers ist mit zwei Auslassöffnungen versehen, die von
jeweils einem Kragen umgeben sind. Zur abgasseitigen Anbindung der Auslassöffnungen
an das mit zwei Einzelrohren versehene Endrohr greifen im Kragen befestigte Abgasrohre
des Endschalldämpfers in die beiden Einzelrohre ein. Dabei ist der Durchmesser der im
Kragen befestigten Abgasrohre kleiner als der Durchmesser der Einzelrohre, so dass
eine direkte thermische Anbindung des Endschalldämpfergehäuses an das Auslassrohr
verhindert wird. </p>
    <p num="0012">Die Erfindung ist nachstehend anhand eines in den Figuren dargestellten
Ausführungsbeispieles näher erläutert. Es zeigen:
<dl compact="compact" tsize="6"><dt>Fig. 1</dt><dd>eine Draufsicht auf ein montierbares Auslassrohr eines Endschalldämpfers,</dd><dt>Fig. 2</dt><dd>einen Schnitt entlang der Linie II-II in Fig. 1,</dd><dt>Fig. 3</dt><dd>eine Seitenansicht des Auslassrohres im Schnitt,</dd><dt>Fig. 4</dt><dd>eine Ansicht des Auslassrohres von hinten und</dd><dt>Fig. 5</dt><dd>eine Seitenansicht des Endschalldämpfers mit montiertem Auslassrohr.</dd></dl></p>
    <heading>Beschreibung des Ausführungsbeispieles</heading>
    <p num="0013">Ein Endschalldämpfergehäuse 2 besteht aus zwei Halbschalen 2A und 2B, die an ihren
Umfangsrändern so miteinander verbunden sind, dass ein umgebördelter Kragenrand 4
ausgebildet ist. Das Schalldämpfergehäuse 2 ist für eine zweiflutige Abgasanlage
ausgebildet, wofür an den beiden Seiten des Endschalldämpfergehäuses 2 zwei
einlassseitige Öffnungen 6 (in Fig. 5 nur eine Seite dargestellt) vorgesehen sind, an die
entsprechend zwei nicht dargestellte Abgasrohre angeflanscht sind. Eine Aufhängung 8
ermöglicht die Montage des Schalldämpfergehäuses 2 am Chassis eines
Kraftfahrzeuges.</p>
    <p num="0014">Das Endschalldämpfergehäuse 2 weist zwei mit einem Kragen 10 versehene Öffnungen
12 auf, in die jeweils das Ende eines im Endschalldämpfergehäuse 2 angeordneten
Abgasrohres 14 eingesteckt und mit dem Kragen 10 verschweißt ist. Da beide Kragen
10 bzw. Öffnungen 12 hintereinander liegen, ist in Fig. 5 jeweils nur ein Kragen 10 bzw.
ein Abgasrohr 14 erkennbar. Auf der Unterseite der unteren Halbschale 2B des
Endschalldämpfergehäuses 2 ist eine mit einer Öffnung versehene Lasche 16 befestigt,
die zur Befestigung eines im folgenden näher beschriebenen montierbaren Auslassrohres
18 vorgesehen ist. Das Auslassrohr 18 besteht aus zwei miteinander verbundenen,
doppelwandig ausgebildeten Einzelrohren 18A und 18B. Zwischen den beiden 
Einzelrohren 18A und 18B ist ein aus einem Blechstreifen herausgebildetes
Befestigungselement 20 vorgesehen, welches beispielsweise an den beiden Einzelrohren
18A und 18B durch Punktschweißen befestigt ist. Das Befestigungselement 20 bildet in
Bezug auf das am Endschalldämpfergehäuse 2 montierte Auslassrohr 18 oben einen
Haken 22 und unten eine mit einer Öffnung 24 versehene Haltelasche 26 aus. Auf die
Öffnung 24 der Haltelasche 26 ist eine Mutter 28 aufgelötet oder aufgeschweißt.</p>
    <p num="0015">Das Auslassrohr 18 wird auf folgende Weise am Endschalldämpfergehäuse 2 montiert:</p>
    <p num="0016">Mit dem Haken 22 wird das Auslassrohr 18 am umgebördelten Kragenrand 4 des
Endschalldämpfergehäuses 2 eingehängt; die am Auslassrohr 18 vorgesehene
Haltelasche 26 wird über die Mutter- Schraubenverbindung (28, 30) verliersicher an der
am Endschalldämpfergehäuse 2 vorgesehenen Lasche 16 befestigt. Im befestigten
Zustand greifen die im Endschalldämpfergehäuse 2 angeordneten Abgasrohre 14 in die
beiden Innenteile 32 und 34 des Auslassrohres 18 ein, ohne jedoch mit diesen in
Berührung zu kommen.</p>
  </description>
  <claims load-source="ep" status="new" lang="DE">
    <claim num="1">
      <claim-text>Montierbares Auslassrohr für einen Endschalldämpfer eines Kraftfahrzeuges, mit
Mitteln zum Befestigen an einem Endschalldämpfergehäuse, dadurch gekennzeichnet,
dass am Auslassrohr (18) ein Haken (22) vorgesehen ist, der am Endschalldämpfergehäuse
(2) einhängbar ist und dass am Auslassrohr (18) eine mit einer Öffnung (24)
versehene Haltelasche (26) angeordnet ist, die am Endschalldämpfergehäuse (2) über
eine Mutter-Schraubenverbindung (28, 30) befestigbar ist.</claim-text>
    </claim>
    <claim num="2">
      <claim-text>Montierbares Auslassrohr nach Anspruch 1, dadurch gekennzeichnet, dass der Haken
(22) und die Haltelasche (26) aus einem Blechstreifen (20) herausgebildet sind, der
zwischen zwei Einzelrohren (18a, 18b) des Auslassrohres (18) befestigt ist.</claim-text>
    </claim>
    <claim num="3">
      <claim-text>Montierbares Auslassrohr nach Anspruch 1 oder 2, dadurch gekennzeichnet, dass
eine mit der Öffnung (24) in der Haltelasche (26) korrespondierende Mutter (28) auf der
Haltelasche (26) aufgeschweißt oder aufgelötet ist.</claim-text>
    </claim>
    <claim num="4">
      <claim-text>Endschalldämpfer für ein Kraftfahrzeug mit einem Gehäuse, das mindestens eine
einlassseitige und eine auslassseitige Öffnung aufweist, wobei an der auslassseitigen
Öffnung (12) ein montierbares Auslassrohr (18) zumindest nach einem der Ansprüche 1
bis 3 vorgesehen ist und dass das Gehäuse aus zwei Halbschalen (2A, 2B) besteht, die
über ihre umgebördelten Ränder (4) miteinander verbunden sind und dass an der dem
Auslassrohr (18) zugewandten Seite des Gehäuses (2) eine mit einer Öffnung versehene
Lasche (16) vorgesehen ist, die über eine Mutter- Schraubenverbindung (28, 30) mit der
am Auslassrohr (18) vorgesehenen Haltelasche (26) verbunden ist.</claim-text>
    </claim>
    <claim num="5">
      <claim-text>Endschalldämpfer nach Anspruch 4, dadurch gekennzeichnet, dass das
Endschalldämpfergehäuse (2) zwei mit jeweils einem Kragen (10) versehene
Auslassöffnungen (12) aufweist, in denen jeweils das Ende eines Abgasrohres (14)
Aufnahme findet.</claim-text>
    </claim>
  </claims>
  <copyright>User acknowledges that the Information Retrieval Facility (IRF) and its third party providers retain all right, title and interest in and to this xml under applicable copyright laws. User acquires no ownership rights to this xml including but not limited to its format. User hereby accepts the terms and conditions of the Licence Agreement set forth at http://www.ir-facility.org/legal/marec/data_licence</copyright>
</patent-document>
