<?xml version="1.0" encoding="utf-8"?>
<!DOCTYPE patent-document PUBLIC "-//MXW//DTD patent-document XML//EN" "http://www.ir-facility.org/dtds/patents/v1.4/patent-document.dtd">
<patent-document ucid="EP-1245826-A2" country="EP" doc-number="1245826" kind="A2" lang="DE" family-id="7679338" status="new" date-produced="20090516" date="20021002">
  <bibliographic-data>
    <publication-reference ucid="EP-1245826-A2" status="new" fvid="23561977">
      <document-id status="new" format="original">
        <country>EP</country>
        <doc-number>1245826</doc-number>
        <kind>A2</kind>
        <date>20021002</date>
      </document-id>
    </publication-reference>
    <application-reference ucid="EP-02004834-A" status="new" is-representative="NO">
      <document-id status="new" format="epo">
        <country>EP</country>
        <doc-number>02004834</doc-number>
        <kind>A</kind>
        <date>20020302</date>
      </document-id>
    </application-reference>
    <priority-claims status="new">
      <priority-claim ucid="DE-10115214-A" status="new">
        <document-id status="new" format="epo">
          <country>DE</country>
          <doc-number>10115214</doc-number>
          <kind>A</kind>
          <date>20010328</date>
        </document-id>
      </priority-claim>
    </priority-claims>
    <technical-data status="new">
      <classifications-ipcr>
        <classification-ipcr status="new">F02M  55/00        20060101A I20051008RMEP        </classification-ipcr>
        <classification-ipcr status="new">F02M  55/00        20060101C I20051008RMEP        </classification-ipcr>
        <classification-ipcr status="new">F02M  61/00        20060101C I20051008RMEP        </classification-ipcr>
        <classification-ipcr status="new">F02M  61/16        20060101A I20051008RMEP        </classification-ipcr>
      </classifications-ipcr>
      <classification-ecla status="new">
        <classification-symbol scheme="EC">F02M  55/00D2</classification-symbol>
        <classification-symbol scheme="EC">F02M  61/16</classification-symbol>
      </classification-ecla>
      <invention-title load-source="ep" status="new" lang="DE">Dichtung für ein Kraftstoffhochdrucksystem einer Brennkraftmaschine</invention-title>
      <invention-title load-source="ep" status="new" lang="EN">Sealing for a high-pressure fuel system of an internal combustion engine</invention-title>
      <invention-title load-source="ep" status="new" lang="FR">Joint d'étanchéité pour un système de carburant haute-pression d'un moteur à combustion interne</invention-title>
    </technical-data>
    <parties>
      <applicants>
        <applicant status="new" format="epo">
          <addressbook>
            <name>BOSCH GMBH ROBERT</name>
            <address>
              <country>DE</country>
            </address>
          </addressbook>
        </applicant>
        <applicant status="new" format="intermediate">
          <addressbook>
            <name>ROBERT BOSCH GMBH</name>
          </addressbook>
        </applicant>
        <applicant status="new" format="original">
          <addressbook>
            <last-name>ROBERT BOSCH GMBH</last-name>
            <address>
              <street>Postfach 30 02 20</street>
              <city>70442 Stuttgart</city>
              <country>DE</country>
            </address>
          </addressbook>
        </applicant>
      </applicants>
      <inventors>
        <inventor status="new" format="epo">
          <addressbook>
            <name>BOECKING FRIEDRICH</name>
            <address>
              <country>DE</country>
            </address>
          </addressbook>
        </inventor>
        <inventor status="new" format="epo">
          <addressbook>
            <name>FRANK KURT</name>
            <address>
              <country>DE</country>
            </address>
          </addressbook>
        </inventor>
        <inventor status="new" format="epo">
          <addressbook>
            <name>HAEFELE MARCUS</name>
            <address>
              <country>DE</country>
            </address>
          </addressbook>
        </inventor>
        <inventor status="new" format="epo">
          <addressbook>
            <name>HANNEKE JUERGEN</name>
            <address>
              <country>DE</country>
            </address>
          </addressbook>
        </inventor>
        <inventor status="new" format="epo">
          <addressbook>
            <name>KURZ MICHAEL</name>
            <address>
              <country>DE</country>
            </address>
          </addressbook>
        </inventor>
        <inventor status="new" format="intermediate">
          <addressbook>
            <name>BOECKING, FRIEDRICH</name>
          </addressbook>
        </inventor>
        <inventor status="new" format="intermediate">
          <addressbook>
            <name>FRANK, KURT</name>
          </addressbook>
        </inventor>
        <inventor status="new" format="intermediate">
          <addressbook>
            <name>HAEFELE, MARCUS</name>
          </addressbook>
        </inventor>
        <inventor status="new" format="intermediate">
          <addressbook>
            <name>HANNEKE, JUERGEN</name>
          </addressbook>
        </inventor>
        <inventor status="new" format="intermediate">
          <addressbook>
            <name>KURZ, MICHAEL</name>
          </addressbook>
        </inventor>
        <inventor status="new" format="original">
          <addressbook>
            <last-name>BOECKING, FRIEDRICH</last-name>
            <address>
              <street>Kahlhieb 34</street>
              <city>70499 Stuttgart</city>
              <country>DE</country>
            </address>
          </addressbook>
        </inventor>
        <inventor status="new" format="original">
          <addressbook>
            <last-name>FRANK, KURT</last-name>
            <address>
              <street>Schelmenwasen 14</street>
              <city>73614 Schondorf</city>
              <country>DE</country>
            </address>
          </addressbook>
        </inventor>
        <inventor status="new" format="original">
          <addressbook>
            <last-name>HAEFELE, MARCUS</last-name>
            <address>
              <street>Albert-Sauer-Strasse 12</street>
              <city>69124 Heidelberg</city>
              <country>DE</country>
            </address>
          </addressbook>
        </inventor>
        <inventor status="new" format="original">
          <addressbook>
            <last-name>HANNEKE, JUERGEN</last-name>
            <address>
              <street>Bei Den Gaerten 7a</street>
              <city>70499 Stuttgart</city>
              <country>DE</country>
            </address>
          </addressbook>
        </inventor>
        <inventor status="new" format="original">
          <addressbook>
            <last-name>KURZ, MICHAEL</last-name>
            <address>
              <street>Panoramastrasse 78</street>
              <city>70839 Gerlingen</city>
              <country>DE</country>
            </address>
          </addressbook>
        </inventor>
      </inventors>
    </parties>
    <international-convention-data>
      <designated-states>
        <ep-contracting-states>
          <country>DE</country>
          <country>FR</country>
          <country>GB</country>
        </ep-contracting-states>
      </designated-states>
    </international-convention-data>
  </bibliographic-data>
  <abstract load-source="ep" status="new" lang="DE">
    <p>Kraftstoffhochdrucksystem für Brennkraftmaschinen mit einem
Gehäuse, das zwei Hochdruckkörper (1; 10) umfaßt. Die Hochdruckkörper
(1; 10) liegen zumindest mittelbar mit Anlageflächen
(101; 110) aneinander an und werden durch eine
Spannvorrichtung gegeneinander gepreßt. In den Hochdruckkörpern
(1; 10) ist ein Zulaufkanal (20) ausgebildet, der
Kraftstoff unter hohem Druck führt und der durch die Anlageflächen
(101; 110) der beiden Hochdruckkörper (1; 10) hindurchtritt.
Zwischen den beiden Hochdruckkörpern (1; 10) ist
eine Dichtfolie (35) angeordnet, die den Durchtritt des
Hochdruckkanals (20) umgibt und so für eine gute Abdichtung
sorgt (Figur 2).
<img id="img-00000001" orientation="unknown" wi="79" img-format="tif" img-content="ad" file="00000001.tif" inline="no" he="106"/></p>
  </abstract>
  <abstract load-source="docdb" source="EPO" status="new" lang="EN">
    <p>The high pressure fuel system has two high pressure components (1,10) bearing one upon the other by contact surfaces (101,110) with a feed channel (20) formed in each component. A sealing foil (35) is installed between the two HP components and encompasses at least the passage of the HP fuel channel through the contact surfaces. The sealing foil consists of metal, and the HP components consist of metal, with the metal of the sealing foil softer than the steel of the HP components. The metal material may be copper or soft iron.</p>
  </abstract>
  <description load-source="ep" status="new" lang="DE">
    <heading>Stand der Technik</heading>
    <p num="0001">Die Erfindung geht von einem Kraftstoffhochdrucksystem für
Brennkraftmaschinen aus, wie es aus der Offenlegungsschrift
DE 198 27 628 A1 bekannt ist. Bei einem solchen Kraftstoffhochdrucksystem,
wie es in dieser Schrift in Form eines
Kraftstoffeinspritzventils vorliegt, ist ein Ventilhaltekörper
und ein Ventilkörper vorhanden, die durch eine Spannmutter
aneinandergepreßt werden. Durch die Anlagefläche der
beiden Körper tritt ein Zulaufkanal hindurch, durch den
Kraftstoff unter hohem Druck zu den Einspritzöffnungen des
Kraftstoffeinspritzventils gelangt. Um die Dichtheit des Zulaufkanals
beim Durchtritt durch die Anlagefläche der beiden
Körper zu gewährleisten, sind an einer der Anlageflächen der
beiden Körper erhabene Bereiche ausgebildet, die insbesondere
den Durchtritt des Zulaufkanals umgeben. Bei gleichem Anzugsmoment
der Spannmutter wird so die Flächenpressung in
diesem Bereich erhöht, so daß sich eine bessere Abdichtung
des Zulaufkanals ergibt. Hierbei weist das bekannte Kraftstoffhochdrucksystem
jedoch den Nachteil auf, daß die Ausbildung
solcher erhabener Bereiche relativ aufwendig ist und
damit kostenintensiv. Darüber hinaus sind die beiden Körper
aus einem harten Stahl gefertigt, der sich beim Anpressen 
durch die Spannmutter nicht plastisch verformt, so daß an
die Oberflächengüte der erhabenen Bereiche hohe Anforderungen
gestellt werden müssen, um eine gute Dichtung zu erreichen.</p>
    <heading>Vorteile der Erfindung</heading>
    <p num="0002">Das erfindungsgemäße Kraftstoffhochdrucksystem mit den kennzeichnenden
Merkmalen des Patentanspruchs 1 hat demgegenüber
den Vorteil, daß zwischen den beiden Hochdruckkörpern eine
Dichtfolie angeordnet ist, die den Durchtritt des Kanals
durch die Anlagefläche umgibt und so in einfacher und kostengünstiger
Weise zu einer Abdichtung führt. Die Dichtfolie
kann dabei so ausgebildet sein, daß sie neben dem Zulaufkanal
auch noch weitere Durchtritte von Kanälen und Bohrungen
umgibt, die im Kraftstoffhochdrucksystem ausgebildet
sind. Die Dichtfolie kann separat gefertigt werden und beispielsweise
aus einer entsprechenden Platte ausgestanzt
sein, so daß sie einfach und kostengünstig herzustellen ist.</p>
    <p num="0003">Besonders vorteilhaft ist die Ausbildung der erfindungsgemäßen
Dichtfolie an einem Kraftstoffeinspritzventil, bei dem
die Dichtfolie zwischen einem als Hochdruckkörper ausgebildeten
Ventilhaltekörper und einem als Hochdruckkörper ausgebildeten
Ventilkörper angeordnet ist. Insbesondere bei Einspritzsystemen,
die mit einem konstant anliegenden Druck im
Ventilkörper arbeiten, sogenannten Common Rail-Systemen,
kann so mit einfachen Mitteln eine gute Dichtheit des Zulaufkanals,
der im Ventilhaltekörper durch die Dichtfläche
hindurch zum Ventilkörper hin verläuft, erreicht werden.</p>
    <p num="0004">In einer vorteilhaften Ausgestaltung des Gegenstandes der
Erfindung ist die Dichtfolie aus einem Metall ausgebildet.
Dieses Metall ist vorzugsweise weich im Vergleich zum Stahl,
aus dem die beiden Hochdruckkörper gefertigt sind. Als besonders 
vorteilhaft hat sich Kupfer oder Weicheisen als Material
der Dichtfolie erwiesen.</p>
    <p num="0005">Die Dichtfolie weist vorzugsweise eine Dicke im Bereich von
wenigen µm bis zu einigen hundert µm auf. Hierdurch können
die Dichtwirkung und die Fließeigenschaften der Dichtfolie
beim Verspannen der beiden Hochdruckkörper gegeneinander optimal
auf die gewünschte Dichtheit abgestimmt werden.</p>
    <p num="0006">Weitere Vorteile und vorteilhafte Ausgestaltungen des Gegenstandes
der Erfindung sind der Zeichnung, der Beschreibung
und den Ansprüchen entnehmbar.</p>
    <heading>Zeichnung</heading>
    <p num="0007">In der Zeichnung ist ein Ausführungsbeispiel des erfindungsgemäßen
Kraftstoffhochdrucksystems dargestellt. Es zeigt
<ul list-style="bullet"><li>Figur 1 ein Kraftstoffhochdrucksystem in Form eines
Kraftstoffeinspritzventils im Längsschnitt,</li><li>Figur 2 eine Vergrößerung im Bereich der Dichtfläche zwischen
Ventilhaltekörper und Ventilkörper in einer Explosionsdarstellung,</li><li>Figur 3 eine Vergrößerung von Figur 1 im Bereich der
Dichtfolie und</li><li>Figur 4 eine Draufsicht der Anlagefläche des Ventilkörpers
mit darin eingelegter Dichtfolie.</li></ul></p>
    <heading>Beschreibung des Ausführungsbeispiels</heading>
    <p num="0008">In Figur 1 ist ein erfindungsgemäßes Ausführungsbeispiel eines
Kraftstoffhochdrucksystems im Längsschnitt dargestellt.
Das Kraftstoffhochdrucksystem ist hier ein Kraftstoffeinspritzventil,
das ein Gehäuse aufweist, das zwei Hochdruckkörper,
einen Ventilhaltekörper 1 und einen Ventilkörper 10
umfaßt. Hierbei ist der Ventilkörper 10 mittels einer Spannmutter 
12 gegen den Ventilhaltekörper 1 axial verspannt, so
daß sich die beiden Körper 1,10 in einer Dichtfläche 14 berühren.
Im Ventilkörper 10 ist eine Bohrung 8 ausgebildet,
in der eine kolbenförmige Ventilnadel 16 längsverschiebbar
angeordnet ist. Die Ventilnadel 16 weist an ihrem brennraumzugewandten
Ende eine Ventildichtfläche 25 auf, die mit einem
am brennraumzugewandten Ende der Bohrung 8 ausgebildeten
Ventilsitz 23 zusammenwirkt und so über ihre Längsbewegung
die Öffnung wenigstens einer Einspritzöffnung 27 steuert,
die am Ventilsitz 23 ausgebildet ist. Die Ventilnadel 16
weist eine Druckschulter 13 auf, die auf den Brennraum zu
gerichtet ist und die von einem Druckraum 11 umgeben ist,
der durch eine radiale Erweiterung der Bohrung 8 im Ventilkörper
10 ausgebildet ist. Der Druckraum 11 ist über einen
im Ventilkörper 10 und im Ventilhaltekörper 1 ausgebildeten
Zulaufkanal 20 mit einer in der Zeichnung nicht dargestellten
Kraftstoffhochdruckquelle verbunden, so daß der Druckraum
11 mit Kraftstoff unter hohem Druck befüllt werden
kann.</p>
    <p num="0009">An ihrem brennraumabgewandten Ende geht die Ventilnadel 16
in einen Druckbolzen 7 über, der in einem im Ventilhaltekörper
1 ausgebildeten Federraum 3 koaxial zur Ventilnadel 16
längsverschiebbar angeordnet ist. Im Federraum 3 sind Mittel
zur Erzeugung einer Schließkraft auf die Ventilnadel 16 angeordnet,
die hier in Form einer Schließfeder 5 vorliegen,
welche zwischen dem Druckbolzen 7 und dem brennraumabgewandten
Ende des Federraums 3 unter Druckvorspannung angeordnet
ist, so daß die Ventilnadel 16 durch die Schließfeder 5 in
Schließrichtung beaufschlagt ist. Brennraumabgewandt geht
der Druckbolzen 7 in einen Ventilkolben 18 über, der in einer
im Ventilhaltekörper 1 ausgebildeten Kolbenbohrung 17
längsverschiebbar angeordnet ist und über den durch eine in
der Zeichnung nicht dargestellte Vorrichtung eine Schließkraft
auf die Ventilnadel 16 ausgeübt werden kann. Je nach 
Größe dieser Schließkraft wird die Ventilnadel 16 durch den
Druck im Druckraum 11 und die damit verbundene hydraulische
Kraft auf die Druckschulter 13 in Öffnungsrichtung, d.h. vom
Brennraum weg, bewegt oder durch die Schließkraft des Ventilkolbens
18 mit der Ventildichtfläche 25 auf den Ventilsitz
23 gepreßt, so daß die dortigen Einspritzöffnungen 27
verschlossen werden.</p>
    <p num="0010">Der als Hochdruckkörper ausgebildete Ventilhaltekörper 1
liegt mit einer Anlagefläche 101 an der am Ventilkörper 10
ausgebildeten Anlagefläche 110 an. Figur 2 zeigt den Bereich
der Anlageflächen von Ventilhaltekörper 1 und Ventilkörper
10 in einer Explosionsdarstellung. Zwischen den Anlageflächen
101 und 110 ist eine Dichtfolie 35 angeordnet, die so
ausgebildet ist, daß sie die Durchtritte des Zulaufkanals 20
und von Zentrierstiftbohrungen 32 durch die Dichtfläche 14
umgibt. In den Zentrierstiftbohrungen 32 sind Zentrierstifte
30 angeordnet, die sowohl in den Ventilhaltekörper 1 als
auch in den Ventilkörper 10 ragen und so eine präzise Ausrichtung
der beiden Hochdruckkörper gegeneinander ermöglichen.
In Figur 2 ist eine mögliche Ausgestaltung der Dichtfolie
35 gezeigt. Die Dichtfolie 35 umfaßt in dem hier gezeigten
Ausführungsbeispiel, bei dem im Ventilkörper 10 neben
dem Zulaufkanal 20 und der Bohrung 8 zwei Zentrierstiftbohrungen
32 ausgebildet sind, drei ringscheibenförmige Bereiche,
die den Zulaufkanal 20 und die beiden Zentrierstiftbohrungen
32 umgeben und die untereinander durch Verbindungsstege
36 verbunden sind. Hierdurch erhält man eine zusammenhängende
Dichtfolie 35, die sich bei bereits montierten
Zentrierstiften 30 im Ventilkörper 10 einfach über diese
positionieren läßt und so ohne eine weitere Justage alle
Durchgänge durch die Anlageflächen 101 und 110 umgibt. Figur
3 ist eine Vergrößerung von Figur 1 im Bereich der Anlageflächen,
wobei hier die Dichtfolie 35 der Deutlichkeit halber
verdickt dargestellt ist. Man sieht, daß die Dichtfolie 
35 sowohl den Durchtritt des Zulaufkanals 20 als auch den
Durchtritt der Zentrierstiftbohrungen 32 umgibt, ohne in den
jeweiligen Durchtritt hineinzuragen.</p>
    <p num="0011">In Figur 4 ist ein weiteres Ausführungsbeispiel einer erfindungsgemäßen
Dichtfolie 35 gezeigt. Es ist hier eine Draufsicht
auf den Ventilkörper 10 gezeigt, wobei der hier gezeigte
Ventilkörper 10 nur eine Zentrierstiftbohrung 32 aufweist
und daneben nur die Bohrung 8 und den Zulaufkanal 20.
Da hier der Zulaufkanal 20 und die Zentrierstiftbohrung 32
den gleichen Durchmesser haben und einander bezüglich des
Mittelpunkts der kreisförmigen Anlagefläche 110 gegenüberliegen,
kann die Dichtfolie 35 spiegelsymmetrisch gestaltet
werden, so daß sie bei der Montage des Kraftstoffeinspritzventils
nicht in falscher Art und Weise eingebaut werden
kann. In der Anlagefläche 110 des Ventilkörpers 10 ist eine
Vertiefung 37 ausgebildet, in die die Dichtfolie 35 eingelegt
ist. Hierbei ist die Vertiefung 37 so ausgebildet, daß
die Dichtfolie 35 nicht auf der Anlagefläche 110 seitlich
verrutschen kann. Die Vertiefung 37 ist jedoch nicht so
tief, daß die Dichtfolie 35 ganz darin eintaucht, so daß sie
gegenüber der Anlagefläche 110 erhaben ist. Bei der Montage
des Kraftstoffeinspritzventils kommt so die Anlagefläche 101
des Ventilhaltekörpers 1 an der Dichtfolie 35 zur Anlage und
nicht an der Anlagefläche 110.</p>
    <p num="0012">Die Dichtfolie 35 kann aus verschiedenen Materialien gefertigt
sein. In Frage kommen z.B. Stahl, der eine größere oder
eine geringere Härte aufweisen kann als der Stahl, aus dem
die Hochdruckkörper gefertigt sind. Darüber hinaus kann es
vorgesehen sein, die Dichtfolie 35 aus einem im Vergleich zu
Stahl weichen Metall herzustellen, beispielsweise aus Kupfer
oder Weicheisen. Ein solch weiches Metall ermöglicht es, daß
das Material fließt beim Anziehen der Spannmutter, so daß
kleinere Unebenheiten an den Anlageflächen oder Schmutzpartikel 
die Dichtheit nicht beeinträchtigen. Die Dicke der
Dichtfolie 35 kann den entsprechenden Anforderungen des
Kraftstoffeinspritzventils oder des sonstigen Kraftstoffhochdrucksystems
angepaßt werden. Sie kann nur wenige µm betragen
oder auch einige Zehntel Millimeter, vorzugsweise
weist die Dichtfolie 35 eine Dicke von 5 bis 500 µm auf. Je
nach Dicke der Dichtfolie 35, der Härte des Materials und
dem Anzugsmoment der Schraubenmutter ergibt sich mehr oder
weniger starkes Fließen der Dichtfolie 35 zwischen den beiden
Hochdruckkörpern. Hierbei muß darauf geachtet werden,
daß das Material der Dichtfolie 35 nicht in den Zulaufkanal
20 einfließt und dort zu einer Verengung des Durchflußquerschnitts
führt. Daneben kann es auch vorgesehen sein, die
Dichtfolie 35 aus einem Kunststoff zu fertigen, der vom
Kraftstoff nicht gelöst wird und der durch seine Weichheit
eine gute Abdichtung bei geringer Anpreßkraft gewährleistet.</p>
    <p num="0013">Neben den in den Figuren 2, 3 und 4 gezeigten Formen der
Dichtfolie 35 kann es auch vorgesehen sein, je nach Anzahl
der Durchtritte von Kanälen oder Bohrungen durch die Anlageflächen
der Hochdruckkörper der Dichtfolie 35 andere Formen
zu geben. Hierbei ist jedoch stets darauf zu achten, daß die
Dichtfolie 35 die Kanäle im Bereich des Durchtritts ringscheibenförmig
umgibt, so daß sich dort stets eine gute Abdichtung
ergibt. Neben dem in der Zeichnung dargestellten
Beispiel eines Kraftstoffhochdrucksystems in Form eines
Kraftstoffeinspritzventils kann eine erfindungsgemäße Dichtfolie
auch in anderen Kraftstoffhochdrucksystemen vorgesehen
sein, bei denen der Durchtritt eines Kraftstoffhochdruckkanals
durch die Anlageflächen zweier Hochdruckkörper abgedichtet
werden soll. Beispiele für solche Kraftstoffhochdrucksysteme
sind Kraftstoffhochdruckpumpen, Leitungsdichtungen
oder Pumpe-Düse-Einheiten und beliebige Anschlüsse
von Hochdruckleitungen an Hochdruckkörpern. </p>
    <p num="0014">Neben den in der Zeichnung dargestellten Dichtfolien 35 kann
es auch vorgesehen sein, die Dichtfolie 35 nicht als separates
Teil zu fertigen, sondern als Anformung direkt auf eine
Anlagefläche eines Hochdruckkörpers aufzubringen. Dies kann
beispielsweise dadurch geschehen, daß eine entsprechende
Schicht elektrolytisch, galvanisch oder mit einem phototechnischen
Verfahren auf die Anlagefläche aufgebracht wird, so
daß die Durchtritte der hochdruckführenden Kanäle und der
sonstigen Bohrungen von einer erhabenen Fläche umgeben sind.</p>
  </description>
  <claims load-source="ep" status="new" lang="DE">
    <claim num="1">
      <claim-text>Kraftstoffhochdrucksystem für Brennkraftmaschinen mit einem
Gehäuse, das zwei Hochdruckkörper (1; 10) umfaßt, die
zumindest mittelbar mit Anlageflächen (101; 110) aneinander
anliegen und durch eine Spannvorrichtung gegeneinander
gepreßt werden, und mit einem in den Hochdruckkörpern
(1; 10) ausgebildeten Zulaufkanal (20), der Kraftstoff
unter hohem Druck führt und der durch die Anlageflächen
(101; 110) der beiden Hochdruckkörper (1; 10) hindurchtritt,
dadurch gekennzeichnet, daß zwischen den beiden
Hochdruckkörpern (1; 10) eine Dichtfolie (35) angeordnet
ist, die zumindest den Durchtritt des Hochdruckkanals
(20) durch die Anlageflächen (101; 110) umgibt.</claim-text>
    </claim>
    <claim num="2">
      <claim-text>Kraftstoffhochdrucksystem nach Anspruch 1, dadurch gekennzeichnet,
daß die Dichtfolie (35) aus Metall besteht.</claim-text>
    </claim>
    <claim num="3">
      <claim-text>Kraftstoffhochdrucksystem nach Anspruch 2, dadurch gekennzeichnet,
daß die Hochdruckkörper (1; 10) aus Metall
bestehen und daß das Metall der Dichtfolie (35) weicher
als der Stahl der Hochdruckkörper (1; 10) ist.</claim-text>
    </claim>
    <claim num="4">
      <claim-text>Kraftstoffhochdrucksystem nach Anspruch 3, dadurch gekennzeichnet,
daß das Metall Kupfer ist.</claim-text>
    </claim>
    <claim num="5">
      <claim-text>Kraftstoffhochdrucksystem nach Anspruch 3, dadurch gekennzeichnet,
daß das Metall Weicheisen ist.</claim-text>
    </claim>
    <claim num="6">
      <claim-text>Kraftstoffhochdrucksystem nach Anspruch 1, dadurch gekennzeichnet,
daß die Dichtfolie nur einen Teil der Anlageflächen
(101; 110) der Hochdruckkörper (1;10) bedeckt.</claim-text>
    </claim>
    <claim num="7">
      <claim-text>Kraftstoffhochdrucksystem nach Anspruch 6, dadurch gekennzeichnet,
daß die Dichtfolie (35) den Durchtritt des
Hochdruckkanals (20) und gegebenenfalls weiterer Durchtritte
ringscheibenförmig umgibt.</claim-text>
    </claim>
    <claim num="8">
      <claim-text>Kraftstoffhochdrucksystem nach Anspruch 7, dadurch gekennzeichnet,
daß die ringscheibenförmigen Bereiche der
Dichtfolie (35) durch Verbindungsstege (36) miteinander
verbunden sind.</claim-text>
    </claim>
    <claim num="9">
      <claim-text>Kraftstoffhochdrucksystem nach Anspruch 1, dadurch gekennzeichnet,
daß die Dichtfolie (35) in eine Vertiefung
(37) eingelegt ist, die in einer der Anlageflächen (101;
110) ausgebildet ist.</claim-text>
    </claim>
    <claim num="10">
      <claim-text>Kraftstoffhochdrucksystem nach Anspruch 1, dadurch gekennzeichnet,
daß die Dichtfolie (35) eine Dicke im Bereich
von 5 bis 500 µm aufweist.</claim-text>
    </claim>
    <claim num="11">
      <claim-text>Kraftstoffhochdrucksystem nach einem der vorstehenden Ansprüche,
dadurch gekennzeichnet, daß die Dichtfolie (35)
durch Anformung auf einer Anlagefläche (101; 110) eines
Hochdruckkörpers (1; 10) ausgebildet ist.</claim-text>
    </claim>
    <claim num="12">
      <claim-text>Kraftstoffhochdrucksystem nach einem der vorstehenden Ansprüche,
dadurch gekennzeichnet, daß das Kraftstoffhochdrucksystem
ein Kraftstoffeinspritzventil ist.</claim-text>
    </claim>
    <claim num="13">
      <claim-text>Kraftstoffeinspritzventil nach Anspruch 12, dadurch gekennzeichnet,
daß einer der Hochdruckkörper ein Ventilkörper
(10) ist, in dem eine Ventilnadel (16) längsverschiebbar
angeordnet ist.</claim-text>
    </claim>
    <claim num="14">
      <claim-text>Kraftstoffeinspritzventil nach Anspruch 13, dadurch gekennzeichnet,
daß der andere Hochdruckkörper ein Ventilhaltekörper
(1) ist, in dem Mittel vorhanden sind, die
eine Schließkraft auf die Ventilnadel (16) ausüben.</claim-text>
    </claim>
  </claims>
  <copyright>User acknowledges that the Information Retrieval Facility (IRF) and its third party providers retain all right, title and interest in and to this xml under applicable copyright laws. User acquires no ownership rights to this xml including but not limited to its format. User hereby accepts the terms and conditions of the Licence Agreement set forth at http://www.ir-facility.org/legal/marec/data_licence</copyright>
</patent-document>
