<?xml version="1.0" encoding="utf-8"?>
<!DOCTYPE patent-document PUBLIC "-//MXW//DTD patent-document XML//EN" "http://www.ir-facility.org/dtds/patents/v1.4/patent-document.dtd">
<patent-document ucid="EP-1246100-A2" country="EP" doc-number="1246100" kind="A2" lang="DE" family-id="7679480" status="new" date-produced="20090516" date="20021002">
  <bibliographic-data>
    <publication-reference ucid="EP-1246100-A2" status="new" fvid="23561423">
      <document-id status="new" format="original">
        <country>EP</country>
        <doc-number>1246100</doc-number>
        <kind>A2</kind>
        <date>20021002</date>
      </document-id>
    </publication-reference>
    <application-reference ucid="EP-02006123-A" status="new" is-representative="NO">
      <document-id status="new" format="epo">
        <country>EP</country>
        <doc-number>02006123</doc-number>
        <kind>A</kind>
        <date>20020318</date>
      </document-id>
    </application-reference>
    <priority-claims status="new">
      <priority-claim ucid="DE-10115428-A" status="new">
        <document-id status="new" format="epo">
          <country>DE</country>
          <doc-number>10115428</doc-number>
          <kind>A</kind>
          <date>20010329</date>
        </document-id>
      </priority-claim>
    </priority-claims>
    <technical-data status="new">
      <classifications-ipcr>
        <classification-ipcr status="new">G06F  13/00        20060101AFI20051220RMJP        </classification-ipcr>
        <classification-ipcr status="new">G06F  13/00        20060101CFI20051220RMJP        </classification-ipcr>
        <classification-ipcr status="new">G06Q  10/00        20060101A I20051008RMEP        </classification-ipcr>
        <classification-ipcr status="new">G06Q  10/00        20060101C I20051008RMEP        </classification-ipcr>
        <classification-ipcr status="new">H04L  12/58        20060101A I20051008RMEP        </classification-ipcr>
        <classification-ipcr status="new">H04L  12/58        20060101C I20051008RMEP        </classification-ipcr>
      </classifications-ipcr>
      <classification-ecla status="new">
        <classification-symbol scheme="EC">G06Q  10/00F2</classification-symbol>
        <classification-symbol scheme="EC">H04L  12/58F</classification-symbol>
        <classification-symbol scheme="ICO">T04L12:58N</classification-symbol>
      </classification-ecla>
      <invention-title load-source="ep" status="new" lang="DE">Verfahren, Vorrichtung und E-Mailserver zum Erkennen einer unerwünschten E-Mail</invention-title>
      <invention-title load-source="ep" status="new" lang="EN">Method, device and e-mail server for recognizing unwanted e-mails</invention-title>
      <invention-title load-source="ep" status="new" lang="FR">Méthode, appareil et serveur du courrier électronique pour reconnaître des courriers électroniques indésirés</invention-title>
    </technical-data>
    <parties>
      <applicants>
        <applicant status="new" format="epo">
          <addressbook>
            <name>SIEMENS AG</name>
            <address>
              <country>DE</country>
            </address>
          </addressbook>
        </applicant>
        <applicant status="new" format="intermediate">
          <addressbook>
            <name>SIEMENS AKTIENGESELLSCHAFT</name>
          </addressbook>
        </applicant>
        <applicant status="new" format="original">
          <addressbook>
            <last-name>SIEMENS AKTIENGESELLSCHAFT</last-name>
            <address>
              <street>Wittelsbacherplatz 2</street>
              <city>80333 München</city>
              <country>DE</country>
            </address>
          </addressbook>
        </applicant>
      </applicants>
      <inventors>
        <inventor status="new" format="epo">
          <addressbook>
            <name>KUTH RAINER</name>
            <address>
              <country>DE</country>
            </address>
          </addressbook>
        </inventor>
        <inventor status="new" format="intermediate">
          <addressbook>
            <name>KUTH, RAINER</name>
          </addressbook>
        </inventor>
        <inventor status="new" format="original">
          <addressbook>
            <last-name>KUTH, RAINER</last-name>
            <address>
              <street>Sudetenring 39a</street>
              <city>91074 Herzogenaurach</city>
              <country>DE</country>
            </address>
          </addressbook>
        </inventor>
      </inventors>
    </parties>
    <international-convention-data>
      <designated-states>
        <ep-contracting-states>
          <country>DE</country>
          <country>FR</country>
          <country>GB</country>
          <country>IT</country>
          <country>NL</country>
        </ep-contracting-states>
      </designated-states>
    </international-convention-data>
  </bibliographic-data>
  <abstract load-source="ep" status="new" lang="DE">
    <p>Die Erfindung betrifft ein Verfahren, eine Vorrichtung und
einen E-Mailserver (21) zum Erkennen einer unerwünschten E-Mail
(300) bevor ein Adressat (27-31) der unerwünschten E-Mail
(300) die unerwünschte E-Mail (300) liest. Für das Verfahren
wird eine für den Adressaten (27-31) bestimmte erste
E-Mail (300) mit wenigstens einem vorbestimmten Kriterium bewertet,
bevor der Adressat (27-31) die erste E-Mail (300)
liest. Basierend auf der Bewertung wird automatisch eine
zweite E-Mail (400, 500) mit einem Hinweise, für den Adressaten
(27-31) liege eine eventuell unerwünschte E-Mail vor, automatisch
erstellt und an den Adressaten (27-31) der ersten
E-Mail (300) geschickt.
<img id="img-00000001" orientation="unknown" wi="82" img-format="tif" img-content="ad" file="00000001.tif" inline="no" he="122"/></p>
  </abstract>
  <abstract load-source="docdb" source="EPO" status="new" lang="EN">
    <p>Method for recognition of unwanted e-mails has the following steps: receipt of an e-mail addressed to an addressee; storage of the e-mail for 24 hours; evaluation of criteria to determine if an addressee will want to view an e-mail; according to the results of the evaluation sending of short e-mails (400, 500) to the addressee inquiring whether he would like to open the originating e-mail and if the answer is no, automatic deletion of the e-mail. User can select criteria according to which e-mail is to be deleted, e.g. total number of addresses and the number of times an e-mail with the same subject has been received in 24 hours and receives a brief message listing the subject and sender's address to the addressee before an e-mail is deleted. Independent claims are also included for the following; (1) a device for recognizing unwanted e-mail, (2) an e-mail server that manages delivery of e-mail to an addressee.</p>
  </abstract>
  <description load-source="ep" status="new" lang="DE">
    <p num="0001">Die Erfindung betrifft ein Verfahren, eine Vorrichtung und
einen E-Mailserver zum Erkennen einer unerwünschten E-Mail
bevor ein Adressat der unerwünschten E-Mail diese liest.</p>
    <p num="0002">Es kommt leider immer wieder vor, dass Personen eine unerwünschte
E-Mail, wie beispielsweise eine Werbe- oder eine einen
Computervirus umfassende E-Mail erhalten. Die Werbe-E-Mail
ist zwar nur lästig oder vergeudet kostbare Arbeitszeit,
wenn sie während der Arbeitszeit gelesen wird. Die einen Computervirus
umfassende E-Mail kann aber, wenn sie erst einmal
mit einem Rechner von einem die E-Mail speichernden E-Mailserver
herunter geladen und zum Lesen geöffnet wurde,
Schäden an Hard- und Software des Rechners bewirken.</p>
    <p num="0003">Es gibt zwar schon sogenannte Virenscanner, also Computerprogramme,
die E-Mails auf Computerviren untersuchen und die erkannten
Computerviren unschädlich machen. Bekannte Virenscanner
können aber nur bekannte Computerviren identifizieren.
Lästige Werbe-E-Mails werden mit den Virenscannern auch nicht
entdeckt.</p>
    <p num="0004">In der US 6,023,723 ist ein Verfahren zum automatischen Erkennen
und Löschen von unerwünschten E-Mails offenbart. Jede
ankommende E-Mail wird überprüft, ob sie von einem unerwünschten
oder von einem erwünschten Absender stammt. Diese
Informationen sind in entsprechenden Listen enthalten. Stammt
eine E-Mail von einem unerwünschten Absender, wird sie automatisch
gelöscht, bevor der Adressat sie lesen kann. Stammt
die E-Mail von einem erwünschten Absender, wird sie in den
Eingangskorb des Adressaten geleitet. Stammt die E-Mail weder
von einem erwünschten noch von einem unerwünschten Absender, 
wird sie in einen separaten, extra gekennzeichneten Ordner
geleitet, den der Adressat einsehen kann.</p>
    <p num="0005">Aus der US 5,999,932 ist ein Verfahren bekannt, dass automatisch
E-Mails in erwünschte, potenziell interessante und unerwünschte
E-Mails kategorisiert und entsprechend kennzeichnet.
Eine E-Mail wird als erwünscht erkannt, wenn Daten von
ausgefüllten Feldern der E-Mail, wie z.B. das Adress- oder
das Betreff-Feld der E-Mail, mit in einer Liste gespeicherten
Daten übereinstimmen. Die E-Mail wird dann beispielsweise mit
"OK" gekennzeichnet. Stimmen die Daten der Felder nicht mit
den in der Liste gespeicherten Daten überein, wird die E-Mail
mit vorbestimmten Kriterien bewertet und entsprechend der Bewertung
als potenziell interessant oder als unerwünscht bewertet.
Eine potenziell interessante E-Mail wird beispielsweise
mit "NEW" und eine unerwünschte E-Mail mit "JUNK" gekennzeichnet.</p>
    <p num="0006">Der US 6,052,709 ist ein System zum Überwachen von Junk-Mails
zu entnehmen. Das System umfasst ein Kommunikationsnetzwerk
mit mehreren Terminals, denen jeweils eine E-Mail Adresse zugeordnet
ist, und ein Kontrollzentrum. Das Kontrollzentrum
ist derart ausgeführt, dass es zusätzliche E-Mail Adressen
erzeugt und auf dem Kommunikationsnetzwerk verteilt. Die zusätzlichen
E-Mail Adressen sind keiner speziellen Person zugeordnet.
Empfängt einer der zusätzlichen E-Mail Adressen eine
E-Mail, werden ihre Absenderdaten extrahiert und in einer
Datenbank des Kontrollzentrums gespeichert. Anschließend werden
auf den Terminals gespeicherte Filter derart modifiziert,
dass jeder Terminal erkennt, wenn er eine E-Mail von dem Absender
empfängt, der vorher eine E-Mail an eine der zusätzlichen
E-Mail Adressen verschickt hat.</p>
    <p num="0007">In der US 6,112,227 ist ein weiteres Verfahren beschrieben,
mit dessen Hilfe das Empfangen von unerwünschten E-Mails verhindert
werden soll. Empfängt ein E-Mailserver eine E-Mail,
ermittelt er, ob der Absender der E-Mail registriert ist, bevor 
er die E-Mail an den Client, an den die E-Mail adressiert
ist, weiterleitet. Ist der Absender nicht registriert,
schickt der E-Mailserver ein Registrierungsformular an den
Absender der E-Mail, um diesen zu registrieren. Nach der Registrierung
leitet er die E-Mail an den Client, an den die E-Mail
adressiert ist, weiter.</p>
    <p num="0008">Ein weiteres Verfahren zum Klassifizieren von E-Mails in erwünschte
und unerwünschte E-Mails ist in der US 6,161,130 offenbart.
Der Inhalt einer empfangenen E-Mail wird nach vorbestimmten
Wörtern oder Phrasen automatisch überprüft. Anschließend
wird aufgrund von gefundenen Wörtern bzw. Phrasen
und aufgrund von Wahrscheinlichkeiten automatisch bestimmt,
ob die E-Mail unerwünscht oder erwünscht ist; die E-Mail wird
danach in entsprechende Ordner weiter geleitet. Sollte der
Adressat eine E-Mail anders klassifizieren, wie durch das automatische
Klassifizieren geschehen, werden die Wahrscheinlichkeiten
zur automatischen Klassifizierung neu bestimmt.</p>
    <p num="0009">Mittels des in der US 6,167,434 offenbarten Computerprogramms
wird es einem Adressaten einer Spam-Mail erleichtert, sich
von einer Versender-Liste des Absenders der Spam-Mail streichen
zu lassen. Das Computerprogramm ist derart ausgeführt,
dass es, nachdem der Adressat der Spam-Mail diese gelöscht
hat, automatisch eine E-Mail an den Absender der Spam-Mail
geschickt wird. Die E-Mail umfasst eine Aufforderung, den Adressaten
von der Versender-Liste zu streichen.</p>
    <p num="0010">Aus der US 6,199,103 B1 ist ein Verfahren zum Bestimmen von
Kriterien zum Ermitteln einer Junk-Mail bekannt. Eine empfangene
E-Mail wird mittels bekannter Kriterien als Junk-Mail
erkannt. Die Junk-Mail wird daraufhin gespeichert und ihr Inhalt
daraufhin analysiert, ob er weitere geeignete Kriterien
zum Erkennen einer Junk-Mail enthält. Enthält die Junk-Mail
weitere geeignete Kriterien, werden sie zu den bereits bekannten
Kriterien zugefügt. </p>
    <p num="0011">Aus der GB 2 350 747 A ist ein Verfahren zum Unterbinden unerwünschter,
an ein Netzwerk adressierter E-Mails offenbart.
Ein Teilnehmer des Netzwerkes empfängt eine E-Mail und kategorisiert
sie als unerwünscht. Daraufhin wird überprüft, ob
der Teilnehmer oder weitere Teilnehmer des Netzwerkes zumindest
ähnliche E-Mails empfangen. Basierend auf der Überprüfung
werden geeignete Gegenmaßnahmen eingeleitet.</p>
    <p num="0012">Aufgrund des in der WO 00/49776 vorgeschlagenen Verfahrens
werden von einem Server übermittelte E-Mails an einen Proxy
Host geleitet, der vor der Weiterleitung der E-Mails an den
entsprechenden Client Junk-Mails herausfiltert. Der Proxy
Host kann derart ausgeführt sein, dass er hersausgefilterte
Junk-Mails über ein sicheres World Wide Web Dokument an einen
Administrator weiterleitet, so dass dieser sie überprüfen
kann.</p>
    <p num="0013">In der WO 01/16695 A1 wird vorgeschlagen, nur solche E-Mails
von dem Server an den Adressaten weiter zuleiten, die von
vorbestimmten Absendern stammen. Empfängt der Server eine E-Mail,
die nicht von einem der vorbestimmten Absendern stammt,
wird der Absender aufgefordert, seine Berechtigung nachzuweisen.
Weist der Absender seine Berechtigung innerhalb einer
vorgegebenen Zeitdauer nach, wird die E-Mail dem Adressaten
zugestellt, andernfalls wird sie automatisch gelöscht.</p>
    <p num="0014">Der JP 2000163341 A ist ein Verfahren zu entnehmen, bei dem
ein E-Mailserver den Absender und Adressaten einer empfangenen
E-Mail extrahiert, und automatisch ermittelt, ob die E-Mail
gelöscht werden soll. Wird die E-Mail automatisch gelöscht,
dann bekommt der Absender der E-Mail automatisch eine
Hinweis E-Mail geschickt, mit der er über die Löschung der
empfangenen E-Mail und die Gründe für die automatische Löschung
informiert wird.</p>
    <p num="0015">In der JP 2000339236 A ist ein Verfahren beschrieben, aufgrund
dessen der Absender einer empfangenen E-Mail extrahiert 
und mit Absendern einer Liste verglichen wird. Sollte der Absender
in der Liste enthalten sein, wird die E-Mail automatisch
gelöscht, eine Hinweis E-Mail an den Absender verschickt
oder die E-Mail für den Adressaten gekennzeichnet.</p>
    <p num="0016">Die Aufgabe der Erfindung ist daher ein Verfahren anzugeben,
welches Voraussetzungen schafft, unerwünschte E-Mails zu beseitigen,
bevor sie Schäden anrichten können. Weitere Aufgaben
der Erfindung sind eine Vorrichtung und einen E-Mailserver
derart auszugestalten, dass Voraussetzungen geschaffen
werden, unerwünschte E-Mails zu beseitigen, bevor
sie Schäden anrichten können.</p>
    <p num="0017">Die erste Aufgabe wird erfindungsgemäß gelöst mit einem Verfahren
zum Erkennen einer unerwünschten E-Mail, aufweisend
folgende Verfahrensschritte:
<ul list-style="bullet"><li>Empfangen einer an einen Adressaten gesendeten ersten E-Mail
mit einem E-Mailserver,</li><li>automatisches Bewerten der ersten E-Mail mit wenigstens einem
vorbestimmten Kriterium und</li><li>basierend auf der Bewertung der ersten E-Mail, automatisches
Herstellen und Versenden einer zweiten E-Mail an einen
Rechner des Adressaten der ersten E-Mail mit einem Hinweis,
für den Adressaten liege eine eventuell unerwünschte
E-Mail vor, bevor die erste E-Mail an den Rechner des Adressat
weiter geleitet wird.</li></ul></p>
    <p num="0018">Unter einer unerwünschter E-Mail wird insbesondere eine einen
Computervirus umfassende E-Mail oder eine sogenannte Junk-Mail
wie z.B. eine unaufgefordert erhaltene Werbe-E-Mail verstanden.
Die den Computervirus umfassende E-Mail kann im
schlimmsten Fall zur Beschädigung eines Rechners des Adressaten
oder von auf diesem Rechner gespeicherter Rechnerprogramme
führen. Das Lesen von Junk-Mails kann dagegen unnötig
Arbeitszeit vergeuden. </p>
    <p num="0019">Erfindungsgemäß wird also die erste E-Mail nach wenigstens
einem Kriterium bewertet, bevor der Adressat diese E-Mail lesen
kann; d.h. die erste E-Mail wird bewertet, bevor sie der
Adressat mit seinem Rechner von einem E-Mailserver herunterladen
und öffnen kann, bzw. bevor der E-Mailserver die erste
E-Mail an den Rechner des Adressaten weiterleitet. Die erste
E-Mail wird somit bewertet, bevor sie einen Schaden anrichten
kann. Die Bewertung der ersten E-Mail kann z.B. mittels eines
auf dem E-Mailserver gespeicherten Rechnerprogramms erfolgen.</p>
    <p num="0020">Ein Kriterium zum Bewerten der ersten E-Mail ist beispielsweise
gemäß einer Ausführungsform der Erfindung eine Anzahl
von weiteren Adressaten, an die ebenfalls die erste E-Mail
adressiert ist. Gerade eine Junk-Mail oder eine einen Computervirus
umfassende E-Mail werden an viele Adressaten geschickt,
um z.B. einen möglichst großen Schaden anzurichten.
Eine große Anzahl von Adressaten derselben E-Mail kann also
ein Anzeichen für eine unerwünschte E-Mail sein.</p>
    <p num="0021">Ein weiteres Anzeichen für eine unerwünschte E-Mail ist, dass
der Adressat oder die Adressaten wiederholt in einer relativ
kurzen Zeit dieselbe E-Mail mehrmals geschickt bekommt, damit
ein Absender der E-Mail seine Chance erhöht, dass der Adressat
oder wenigstens einer der Adressaten die E-Mail öffnet
und liest. Eine besondere bevorzugte Variante der Erfindung
sieht deshalb vor, dass das Kriterium eine Anzahl von weiteren
E-Mails ist, die in einer vorgegebenen Zeitdauer an den
Adressaten oder weiteren Adressaten gesendet wurden und denselben
Betreff aufweisen wie die erste E-Mail.</p>
    <p num="0022">Gemäß einer Variante der Erfindung ist das Kriterium eine Anzahl
von weiteren E-Mails, die dieselbe Checksumme des Datensatzes
des Betreffs und/oder der Mitteilung aufweisen wie die
erste E-Mail. Die Checksumme ist dadurch charakterisiert,
dass eine Änderung eines einzelnen Bits im ganzen Datensatz,
über den die Checksumme gebildet wird, die Checksumme ändert.
Dies wird erreicht indem alle Bytes eines Datensatzes aufsummiert 
werden. Wenn die Datensätze im 8 Bit Verfahren, wie
z.B. im ASCII bzw. im erweiterten ASCII Format übertragen
werden, entspricht die Checksumme einer Zahl zwischen 1 und
256. Sie ändert sich, sobald ein Bit innerhalb des Datensatzes
verschieden ist. D.h., zwei E-Mails mit derselben Mitteilung,
also zwei gleiche E-Mails, haben dieselbe Checksumme
der Datensätze ihrer Mitteilungen.</p>
    <p num="0023">Nach der Bewertung der E-Mail wird erfindungsgemäß und basierend
auf der Bewertung der ersten E-Mail automatisch eine
zweite E-Mail an den Adressaten mit einem Hinweis geschickt,
eine eventuell unerwünschte E-Mail sei am E-Mailserver eingetroffen.
Diese zweite E-Mail wird beispielsweise automatisch
von dem E-Mailserver hergestellt und automatisch an den Adressaten
verschickt. Der Hinweis kann vorteilhafter Weise den
Betreff, den Absender und die Anzahl weitere Adressaten der
ersten E-Mail umfassen. Aufgrund dieser zweiten E-Mail ist
der Adressat gewarnt und kann selber entscheiden, ob er die
erste E-Mail von dem E-Mailserver herunter laden, öffnen und
lesen möchte.</p>
    <p num="0024">Nach einer weiteren Variante der Erfindung ist vorgesehen,
dass die erste E-Mail nur dann bewertet wird, wenn sie von
einem Rechner versendet wurde, der außerhalb eines lokalen
Rechnernetzwerkes angeschlossen ist, wobei das lokale Rechnernetzwerk
einen Rechner des Adressaten umfasst und von dem
Rechner kontaktiert werden kann, von dem die erste E-Mail
versendet wurde. Das lokale Rechnernetzwerk kann z.B. einem
Unternehmen oder einer staatlichen Behörde zugeordnet sein.
Innerhalb des lokalen Rechnernetzwerkes versendete E-Mails
werden folglich nicht bewertet, da es unwahrscheinlich ist,
dass sie Junk-Mails sind oder mit einem Computervirus versehen
sind. Somit werden insbesondere E-Mails, welche an einen
größeren Adressatenkreis innerhalb des Unternehmens oder der
staatlichen Behörde gerichtet sind, unbewertet versendet. </p>
    <p num="0025">Die weitere Aufgabe der Erfindung wird gelöst durch eine Vorrichtung
zum Erkennen einer unerwünschten E-Mail bevor ein
Adressat der unerwünschten E-Mail die unerwünschte E-Mail
liest, aufweisend
<ul list-style="bullet"><li>einen E-Mailserver und</li><li>einen mit dem E-Mailserver verbundenen Rechner zum Lesen
von an den Adressaten bestimmten E-Mails,</li></ul>
wobei der E-Mailserver derart ausgeführt ist, dass er eine an
den Adressaten gesendete erste E-Mail mit wenigstens einem
vorbestimmten Kriterium bewertet, basierend auf der Bewertung
der ersten E-Mail automatisch eine zweite E-Mail herstellt
und sie an den Rechner des Adressaten der ersten E-Mail sendet,
bevor er die erste E-Mail an den Rechner des Adressaten
weiter leitet, wobei die zweite E-Mail einen Hinweis, für den
Adressaten liege eine eventuell unerwünschte E-Mail vor, umfasst.</p>
    <p num="0026">Vorteilhafte Ausgestaltungen der erfindungsgemäßen Vorrichtung
ergeben sich aus den Unteransprüchen.</p>
    <p num="0027">Die weitere Aufgabe wird auch gelöst durch einen E-Mailserver,
der an einen Adressaten gesendete E-Mails an einen
Rechner des Adressaten weiterleitet, wobei
<ul list-style="bullet"><li>auf dem E-Mailserver ein Rechnerprogramm läuft, das eine an
den Adressaten gesendete erste E-Mail mit wenigstens einem
vorbestimmten Kriterium bewertet und</li><li>der E-Mailserver, basierend auf der Bewertung der ersten E-Mail,
automatisch eine zweite E-Mail herstellt und sie an
den Rechner des Adressaten der ersten E-Mail verschickt,
bevor er die erste E-Mail an den Rechner des Adressat weiter
leitet, wobei die zweite E-Mail einen Hinweis, für den
Adressaten liege eine eventuell unerwünschte E-Mail vor,
umfasst.</li></ul></p>
    <p num="0028">Vorteilhafte Ausgestaltungen des erfindungsgemäßen E-Mailservers
ergeben sich aus den Unteransprüchen. </p>
    <p num="0029">Ein Ausführungsbeispiel der Erfindung ist in den beigefügten
schematischen Zeichnungen exemplarisch dargestellt. Es zeigen:
<dl tsize="12"><dt>Fig. 1</dt><dd>ein das erfindungsgemäße Verfahren veranschaulichendes
Flussdiagramm,</dd><dt>Fig. 2</dt><dd>ein lokales Rechnernetzwerk,</dd><dt>Fig. 3</dt><dd>eine erste E-Mail und</dd><dt>Fig. 4 und 5</dt><dd>jeweils eine zweite E-Mail.</dd></dl></p>
    <p num="0030">In der Fig. 1 ist ein Flussdiagramm mit Schritten 1 bis 11
zur Veranschaulichung des erfindungsgemäßen Verfahrens dargestellt,
welches anhand der Fig. 2 näher erläutert wird.</p>
    <p num="0031">Die Fig. 2 zeigt exemplarisch und schematisch ein lokales
Rechnernetzwerk 20 eines Industrieunternehmens, das einen E-Mailserver
21 umfasst, mit dem mehrere Rechner 22 bis 26 verbunden
sind. Der E-Mailserver 21 kann auch von externen Rechnern,
wie einen in der Fig. 2 exemplarisch dargestellten
Rechner 32, der nicht Teil des Rechnernetzwerkes 20 ist, kontaktiert
werden. Somit kann auch eine Person 33 mit dem Rechner
32 einer der Personen 27 bis 31 eine E-Mail schicken, die
diese mit einem der Rechner 22 bis 26 des Rechnernetzwerkes
20 lesen kann.</p>
    <p num="0032">Bevor die Personen 27 bis 31 eine an sie adressierte E-Mail
lesen können, müssen sie sie mit einem der Rechner 22 bis 26
in allgemein bekannter Weise vom E-Mailserver 21 abfragen oder
der E-Mailserver 21 muss die entsprechende E-Mail an denjenigen
Rechner der Rechner 22 bis 26 weiterleiten, an dem
die entsprechende Person der Personen 27 bis 31 gerade arbeitet. </p>
    <p num="0033">Im Falle des vorliegenden Ausführungsbeispieles schickt die
Person 33 mit dem Rechner 32 eine einen Computervirus umfassende
erste E-Mail 300 an die Person 27, um dem Industrieunternehmen
zu schaden. Diese erste E-Mail 300 ist also unerwünscht
und schematisch in der Fig. 3 gezeigt. Um einen möglichst
großen Schaden zu verursachen, schickt die Person 33
dieselbe erste E-Mail 300 auch an die Personen 28 bis 31.</p>
    <p num="0034">Die in der Fig. 3 gezeigte erste E-Mail 300 weist im Falle
des vorliegenden Ausführungsbeispiels vier Felder 301 bis 304
auf. Das Feld 301 umfasst ein Angabe über den Absender der
ersten E-Mail 300, also die Person 33, das Feld 302 umfasst
Angaben über die Adressaten der ersten E-Mail 300, also die
Personen 27 bis 31, das Feld 303 umfasst einen Betreff, der
im Falle des vorliegenden Ausführungsbeispiels XYZ lautet,
und das Feld 304 umfasst die Mitteilung, also den Inhalt der
ersten E-Mail 300.</p>
    <p num="0035">Nachdem die Person 33 die erste E-Mail 300 an die Personen 27
bis 31 abgeschickt hat, trifft sie auf dem E-Mailserver 21
ein (Schritt 1 des Flussdiagramms), der im Falle des vorliegenden
Ausführungsbeispiels automatisch den Betreff und den
oder die dazugehörigen Adressaten einer von einem externen
Rechner verschickte E-Mail für die nächsten 24 Stunden speichert
(Schritt 2 des Flussdiagramms), also auch den Betreff
und die Adressaten der von der Person 33 mit dem Rechner 32
verschickten erste E-Mail 300.</p>
    <p num="0036">Im Falle des vorliegenden Ausführungsbeispieles ermittelt der
E-Mailserver 21 automatisch mit einem geeigneten, auf dem E-Mailserver
21 gespeicherten Rechnerprogramm die Anzahl der
Adressaten, an die dieselbe E-Mail von einem externen Rechner
gesendet wurde. Wenn diese Anzahl größer als drei ist, stellt
der E-Mailserver 21 automatisch eine weitere E-Mail her und
schickt sie den Adressaten der externen E-Mail. (Schritt 3
des Flussdiagramms). </p>
    <p num="0037">Im Falle des vorliegenden Ausführungsbeispiels schickte die
Person 33 den Personen 27 bis 31 dieselbe erste E-Mail 300,
die Anzahl der Adressaten, an die dieselben E-Mail geschickt
wurde, ist also fünf. Die Anzahl der Adressaten wird anhand
des Feldes 302 der ersten E-Mail 300 ermittelt. Daraufhin erstellt
der E-Mailserver 21 für jede der Personen 27 bis 31
eine weitere E-Mail und schickt sie den Personen 27 bis 31,
bevor die Personen 27 bis 31 die erste E-Mail 300 von dem E-Mailserver
21 abrufen und mit einem der Rechner 22 bis 26 lesen
können (Schritt 4 des Flussdiagramms). Die Fig. 4 zeigt
exemplarisch und schematisch eine E-Mail 400 dieser weiteren
E-Mails, welche an die Person 27 geschickt wird. Mit dieser
weiteren E-Mail 400 wird die Person 27 darüber informiert,
dass für sie eine eventuell unerwünschte E-Mail, also die von
der Person 33 abgeschickte erste E-Mail 300 am E-Mailserver
21 eingetroffen und abrufbar ist. Die weitere E-Mail 400 umfasst
auch noch Angaben über die Person 33 und die Anzahl der
Adressaten der ersten E-Mail 300. Jede der Personen 27 bis 31
kann daraufhin entscheiden, ob sie die an sie adressierte
erste E-Mail 300 lesen will oder nicht (Schritt 5 des Flussdiagramms).</p>
    <p num="0038">Im Falle des vorliegenden Ausführungsbeispiel entscheiden die
Personen 28 bis 31, dass Sie die an sie adressierte erste E-Mail
300 nicht lesen wollen. Daraufhin klicken sie mit einer
Rechnermaus desjenigen Rechners der Rechner 22 bis 26, den
sie gerade benützen, das Wort "nicht lesen" derjenigen von
dem E-Mailserver 21 automatisch jeweils an sie geschickte
weitere E-Mail 400, worauf die für sie bestimmte erste E-Mail
300 vom E-Mailserver 21 gelöscht wird (Schritt 6 des Flussdiagramms).
Die Person 27 möchte aber die für sie bestimmte
erste E-Mail 300 lesen, worauf sie das Wort "lesen" der E-Mail
400 anklickt.</p>
    <p num="0039">Anschließend berechnet im Falle des vorliegenden Ausführungsbeispiels
der E-Mailserver 21 automatisch die Anzahl von weiteren
E-Mails, die von einem externen Rechner innerhalb der 
letzten 24 Stunden abgeschickt wurden und denselben Betreff
aufweisen (Schritt 7 des Flussdiagramms). Diese weiteren E-Mails
können an denselben oder an verschiedene Adressaten gesendet
worden sein und können ferner auch von verschiedenen
Absendern stammen. Sollte diese Anzahl im Falle des vorliegenden
Ausführungsbeispiels größer als fünf sein, erstellt
der E-Mailserver 21 automatisch eine weitere E-Mail und
schickt sie an diesen Adressaten (Schritt 8 des Flussdiagramms).
Andernfalls wird die am E-Mailserver 21 eingetroffene
E-Mail direkt an den Adressaten weitergeleitet, der diese
E-Mail daraufhin lesen kann.</p>
    <p num="0040">Im Falle des vorliegenden Ausführungsbeispiels schickte die
Person 33 innerhalb von 24 Stunden jeweils zehn weitere E-Mails
an die Person 27, die denselben Betreff aufweisen, wie
die an die Personen 27 abgeschickte erste E-Mail 300. Die Anzahl
der weiteren E-Mails, die innerhalb der letzten 24 Stunden
am E-Mailserver 21 eingetroffenen sind, denselben Betreff
aufweisen wie die erste E-Mail 300 und für die Person 27 bestimmt
sind, ist also zehn. Daraufhin erstellt der E-Mailserver
21 automatisch eine in der Fig. 5 gezeigte weitere
E-Mail 500, die automatisch an die Person 27 geschickt wird.</p>
    <p num="0041">Mittels der E-Mail 500 wird die Person 27 nochmals darauf
hingewiesen, dass für sie eine eventuell unerwünschte E-Mail,
also die von der Person 33 abgeschickte erste E-Mail 300 am
E-Mailserver 21 eingetroffen ist. Die E-Mail 500 umfasst des
weiteren Angaben über den Betreff der ersten E-Mail 300, über
die Person 33 und die Anzahl weiterer E-Mails, die innerhalb
der letzten 24 Stunden für die Person 27 mit demselben
Betreff am E-Mailserver 21 eingetroffen sind. Die Person 27
kann daraufhin entscheiden, ob sie die an sie adressierte
erste E-Mail 300 lesen will oder nicht (Schritt 9 des Flussdiagramms).</p>
    <p num="0042">Im Falle des vorliegenden Ausführungsbeispiel entscheidet die
Personen 27, dass Sie die an sie adressierte erste E-Mail 300 
doch nicht lesen will. Daraufhin klickt sie das Wort "nicht
lesen" der E-Mail 500 an, worauf die für sie bestimmte erste
E-Mail 300 vom E-Mailserver 21 gelöscht wird, bevor die Person
27 diese erste E-Mail 300 öffnet, bevor also diese erste
E-Mail 300 einen Schaden anrichten kann (Schritt 10 des
Flussdiagramms).</p>
    <p num="0043">Sollte die Person 27 jedoch trotzdem die erste E-Mail 300 lesen
wollen, klickt sie das Wort "lesen" der E-Mail 500 an,
worauf die erste E-Mail 300 an den Rechner der Rechner 22 bis
26 weitergeleitet wird, den die Person 27 gerade benützt.
Daraufhin kann die Person 27 die erste E-Mail 300 öffnen und
lesen (Schritt 11 des Flussdiagramms).</p>
    <p num="0044">Sollte im Falle des vorliegenden Ausführungsbeispiel die Anzahl
der Adressaten einer am E-Mailserver 21 eingetroffenen
und von einem externen Rechner abgeschickten E-Mail kleiner
als vier sein (Schritt 3 des Flussdiagramms), erstellt der
E-Mailserver 21 keine weitere E-Mail 400, sondern berechnet
gleich automatisch die Anzahl von weiteren E-Mails, die von
einem externen Rechner innerhalb der letzten 24 Stunden an
denselben Adressaten abgeschickt wurden und denselben Betreff
aufweisen (Schritt 7 des Flussdiagramms). Wenn diese Anzahl
größer als fünf ist, erstellt der E-Mailserver 21 wieder automatisch
eine weitere E-Mail entsprechend der in der Fig. 5
dargestellten E-Mail 500 und schickt sie dem Adressaten. Andernfalls
leitet der E-Mailserver 21 diese E-Mail direkt an
den Adressaten weiter.</p>
    <p num="0045">Da der E-Mailserver 21 im Falle des vorliegenden Ausführungsbeispiels
nur E-Mails überprüft, die von externen Rechnern
wie den Rechner 31 abgeschickt wurden, werden E-Mails, die
von einem der Rechner 22 bis 31 verschickt werden, nicht überprüft.</p>
    <p num="0046">Für das erfindungsgemäße Verfahren ist es aber nicht notwendig,
dass nur externe E-Mails überprüft werden. Das erfindungsgemäße 
Verfahren kann auch dann verwendet werden, wenn
es kein lokales Rechnernetzwerk gibt. Dann ist es denkbar,
dass ein öffentlich zugänglicher E-Mailserver, der z.B. von
einem Service-Anbieter betrieben wird, das erfindungsgemäße
Verfahren durchführt.</p>
    <p num="0047">Für das erfindungsgemäße Verfahren ist es im Übrigen auch
nicht zwingend nötig, dass die Schritte 3 und 7 des Flussdiagramms
ausgeführt werden, dass also der E-Mailserver 21 die
Anzahl der Adressaten überprüft, an die dieselbe E-Mail adressiert
ist und anschließend die Anzahl der E-Mails überprüft,
die an denselben Adressaten oder weiteren Adressaten
innerhalb einer vorgegeben Zeit mit demselben Betreff geschickt
wurden. Es kann auch nur der Schritt 3 oder nur der
Schritt 7 oder erst der Schritt 7 und dann der Schritt 3 des
Flussdiagramms ausgeführt werden. Für den Schritt 7 kann auch
nur die Anzahl von E-Mails überprüft werden, die an denselben
Adressaten innerhalb der vorgegebenen Zeitdauer verschickt
wurden. Es kann aber auch ein anderes Kriterium zur Bewertung
der ersten E-Mail verwendet werden.</p>
    <p num="0048">Ein Kriterium zum Erkennen einer unerwünschten E-Mail ist
beispielsweise eine Überprüfung der Checksumme des dem Feld
303 zugeordneten Datensatzes und/oder eine Überprüfung der
Checksumme des dem Feld 304 zugeordneten Datensatzes der in
der Fig. 3 gezeigten ersten E-Mail 300. Das Feld 303 ist dem
Betreff und das Feld 304 ist der eigentlichen Mitteilung der
ersten E-Mail 300 zugeordnet. Die Checksumme einer dieser Datensätze
kann z.B. folgendermäßen ermittelt werden.</p>
    <p num="0049">Die Checksumme ist dadurch charakterisiert, dass grundsätzlich
eine Änderung eines einzelnen Bits im ganzen Datensatz
die Checksumme ändert. Dies wird erreicht, in dem alle Bytes
eines Datensatzes aufsummiert werden.</p>
    <p num="0050">Die Checksumme kann z.B. mit folgender Programmroutine, die
im Falle des vorliegenden Ausführungsbeispiels in der Programmiersprache 
BASIC ausgeführt ist, ermittelt werden. Ferner
wird angenommen, dass die erste E-Mail 300 im ASCII oder
im erweiterten ASCII Format übertragen wird.</p>
    <p num="0051">FOR i=1 to Datensatzlänge

CHECKSUM = MOD(CHECKSUM + ASC(MID$(DATENSATZ$,i,1)), 256)

NEXT i

END</p>
    <p num="0052">Es wird also die Zeichennummer der i-te Zeichen zur bisherigen
Checksumme addiert und anschließend von der neu ermittelten
Checksumme 256 subtrahiert, wenn die neu ermittelte
Checksumme größer als 256 ist. Die Checksumme ist daher ein
Wert zwischen 1 und 256. Solange zwei Datensätze identisch
sind, sind auch ihre Checksummen identisch. Eine höhere Sicherheit
kann man erreichen, indem man anstelle der 256 eine
höhere Zweierpotenz nimmt.</p>
    <p num="0053">Aufgrund der ermittelten Checksummen der Betreffs und/oder
der Mitteilungen von E-Mails, die am E-Mailserver 21 eintreffen,
kann z.B. die Anzahl gleicher E-Mails in einfacher Weise
ermittelt werden.</p>
    <p num="0054">Die im Ausführungsbeispiel genannten Werte, bei denen die E-Mails
400 und 500 hergestellt werden, und die E-Mails 400 und
500 sind nur exemplarischer Natur.</p>
    <p num="0055">Das Rechnernetzwerk 20 muss auch nicht notwendigerweise einem
Industrieunternehmen zugeordnet sein. Es kann insbesondere
auch einer staatlichen Behörde, einer Universität oder einer
Forschungseinrichtung zugeordnet sein.</p>
  </description>
  <claims load-source="ep" status="new" lang="DE">
    <claim num="1">
      <claim-text>Verfahren zum Erkennen einer unerwünschten E-Mail, aufweisend
folgende Verfahrensschritte:
<claim-text><claim-text>Empfangen einer an einen Adressaten (27-31) gesendeten ersten
E-Mail (300) mit einem E-Mailserver (21),</claim-text><claim-text>automatisches Bewerten der ersten E-Mail (300) mit wenigstens
einem vorbestimmten Kriterium und</claim-text><claim-text>basierend auf der Bewertung der ersten E-Mail (300), automatisches
Herstellen und Versenden einer zweiten E-Mail
(400, 500) an einen Rechner (22-26) des Adressaten (27-31)
der ersten E-Mail (300) mit einem Hinweis, für den Adressaten
(27-31) liege eine eventuell unerwünschte E-Mail vor,
bevor die erste E-Mail (300) an den Rechner (22-26) des Adressat
(27-31) weiter geleitet wird.</claim-text></claim-text></claim-text>
    </claim>
    <claim num="2">
      <claim-text>Verfahren nach Anspruch 1, aufweisend folgende zusätzliche
Verfahrensschritte:
<claim-text><claim-text>Entscheiden, ob der Adressat (27-31) der ersten E-Mail
(300) aufgrund des Hinweises der zweiten E-Mail (27-31) die
erste E-Mail lesen möchte und</claim-text><claim-text>Weiterleiten der ersten E-Mail (300) an den Rechner des Adressaten,
wenn dieser die erste E-Mail lesen möchte und automatisches
Löschen der ersten E-Mail (300), wenn der Adressat
(22-27) die erste E-Mail (300) nicht lesen möchte.</claim-text></claim-text></claim-text>
    </claim>
    <claim num="3">
      <claim-text>Verfahren nach einem der Ansprüche 1 oder 2, bei dem das
Kriterium eine Anzahl von weiteren Adressaten (27-31) ist, an
denen ebenfalls die erste E-Mail (300) adressiert ist.</claim-text>
    </claim>
    <claim num="4">
      <claim-text>Verfahren nach einem der Ansprüche 1 bis 3, bei dem das
Kriterium eine Anzahl von weiteren E-Mails ist, die in einer
vorgegebenen Zeitdauer an den Adressaten (27-31) oder weiteren
Adressaten (27-31) gesendet wurden und denselben Betreff
(303) aufweisen wie die erste E-Mail (300).</claim-text>
    </claim>
    <claim num="5">
      <claim-text>Verfahren nach einem der Ansprüche 1 bis 4, bei dem das
Kriterium eine Anzahl von weiteren E-Mails ist, die dieselbe
Checksumme des Datensatzes des Betreffs (303) und/oder der
Mitteilung (304) aufweisen wie die erste E-Mail (300).</claim-text>
    </claim>
    <claim num="6">
      <claim-text>Verfahren nach einem der Ansprüche 1 bis 5, bei dem die
erste E-Mail (300) nur dann bewertet wird, wenn sie von einem
Rechner (32) versendet wurde, der außerhalb eines lokalen
Rechnernetzwerkes (20) betrieben wird, wobei das lokale Rechnernetzwerk
(20) den E-Mailserver (21) und den Rechner (22-26)
des Adressaten (27-31) umfasst.</claim-text>
    </claim>
    <claim num="7">
      <claim-text>Vorrichtung zum Erkennen einer unerwünschten E-Mail bevor
ein Adressat (27-31) der unerwünschten E-Mail die unerwünschte
E-Mail liest, aufweisend
<claim-text><claim-text>einen E-Mailserver (21) und</claim-text><claim-text>einen mit dem E-Mailserver (21) verbundenen Rechner (27-31)</claim-text></claim-text>
   zum Lesen von an den Adressaten (27-31) bestimmten E-Mails,
wobei der E-Mailserver (21) derart ausgeführt ist, dass er
eine an den Adressaten (27-31) gesendete erste E-Mail (300)
mit wenigstens einem vorbestimmten Kriterium bewertet, basierend
auf der Bewertung der ersten E-Mail (300) automatisch
eine zweite E-Mail (400, 500) herstellt und sie an den Rechner
(22-26)des Adressaten (27-31) der ersten E-Mail (300)
sendet, bevor er die erste E-Mail (300) an den Rechner (22-26)
des Adressaten (27-31) weiter leitet, wobei die zweite E-Mail
(400, 500) einen Hinweis, für den Adressaten (27-31)
liege eine eventuell unerwünschte E-Mail vor, umfasst.</claim-text>
    </claim>
    <claim num="8">
      <claim-text>Vorrichtung nach Anspruch 7, bei der der E-Mailserver
(21), basierend auf einer Nachricht als Antwort auf die zweite
E-Mail (400, 500), die ersten E-Mail (300) an den Rechner
des Adressaten weiter leitet, wenn dieser die erste E-Mail
lesen möchte, und automatisch die erste E-Mail (300) E-Mail
(300) löscht, wenn der Adressat (22-27) die erste E-Mail
(300) nicht lesen möchte.</claim-text>
    </claim>
    <claim num="9">
      <claim-text>Vorrichtung nach einem der Ansprüche 7 oder 8, bei der das
Kriterium eine Anzahl von weiteren Adressaten (27-31) ist, an
denen ebenfalls die erste E-Mail (300) adressiert ist.</claim-text>
    </claim>
    <claim num="10">
      <claim-text>Vorrichtung nach einem der Ansprüche 7 bis 8, bei der
das Kriterium eine Anzahl von weiteren E-Mails ist, die in
einer vorgegebenen Zeitdauer an den Adressaten (27-31) oder
weiteren Adressaten (27-31) gesendet wurden und denselben
Betreff (303) aufweisen wie die erste E-Mail (300).</claim-text>
    </claim>
    <claim num="11">
      <claim-text>Vorrichtung nach einem der Ansprüche 7 bis 9, bei der das
Kriterium eine Anzahl von weiteren E-Mails ist, die dieselbe
Checksumme des Datensatzes des Betreffs (303) und/oder der
Mitteilung (304) aufweisen wie die erste E-Mail (300).</claim-text>
    </claim>
    <claim num="12">
      <claim-text>Vorrichtung nach einem der Ansprüche 7 bis 11, bei der
der E-Mailserver (21) und der Rechner (22-26) des Adressaten
(27-31) ein lokales Rechnernetzwerk (20) bilden und die erste
E-Mail (300) nur dann bewertet wird, wenn sie von einem Rechner
(32) versendet wurde, der außerhalb des lokalen Rechnernetzwerkes
(20) betrieben wird.</claim-text>
    </claim>
    <claim num="13">
      <claim-text>E-Mailserver, der an einen Adressaten (27-31) gesendete
E-Mails an einen Rechner (22-26) des Adressaten (27-31) weiterleitet,
wobei
<claim-text><claim-text>auf dem E-Mailserver ein Rechnerprogramm läuft, das eine an
den Adressaten (27-31) gesendete erste E-Mail (300) mit wenigstens
einem vorbestimmten Kriterium bewertet und</claim-text><claim-text>der E-Mailserver (21), basierend auf der Bewertung der ersten
E-Mail (300), automatisch eine zweite E-Mail (400, 500)
herstellt und sie an den Rechner (22-26) des Adressaten
(27-31) der ersten E-Mail (300) verschickt, bevor er die
erste E-Mail (300) an den Rechner (22-26) des Adressat (27-31)
weiter leitet, wobei die zweite E-Mail (400, 500) einen
Hinweis, für den Adressaten (27-31) liege eine eventuell
unerwünschte E-Mail vor, umfasst.</claim-text></claim-text></claim-text>
    </claim>
    <claim num="14">
      <claim-text>E-Mailserver nach Anspruch 13, bei dem der E-Mailserver
(21), basierend auf einer Nachricht als Antwort auf die zweite
E-Mail (400, 500), die ersten E-Mail (300) an den Rechner
des Adressaten weiter leitet, wenn dieser die erste E-Mail
lesen möchte, und automatisch die erste E-Mail (300) E-Mail
(300) löscht, wenn der Adressat (22-27) die erste E-Mail
(300) nicht lesen möchte.</claim-text>
    </claim>
    <claim num="15">
      <claim-text>E-Mailserver nach einem der Ansprüche 13 oder 14, bei dem
das Kriterium eine Anzahl von weiteren Adressaten (27-31)
ist, an denen ebenfalls die erste E-Mail (300) adressiert
ist.</claim-text>
    </claim>
    <claim num="16">
      <claim-text>E-Mailserver nach einem der Ansprüche 13 bis 15, bei dem
das Kriterium eine Anzahl von weiteren E-Mails ist, die in
einer vorgegebenen Zeitdauer an den Adressaten (27-31) oder
weiteren Adressaten (27-31) gesendet wurden und denselben
Betreff (303) aufweisen wie die erste E-Mail (300).</claim-text>
    </claim>
    <claim num="17">
      <claim-text>E-Mailserver nach einem der Ansprüche 13 bis 16, bei dem
das Kriterium eine Anzahl von weiteren E-Mails ist, die dieselbe
Checksumme des Datensatzes des Betreffs (303) und/oder
der Mitteilung (304) aufweisen wie die erste E-Mail (300).</claim-text>
    </claim>
    <claim num="18">
      <claim-text>E-Mailserver nach einem der Ansprüche 13 bis 17, bei dem
die erste E-Mail (300) nur dann bewertet wird, wenn sie von
einem Rechner (32) versendet wurde, der außerhalb eines lokalen
Rechnernetzwerkes (20) betrieben wird, wobei das lokale
Rechnernetzwerk (20) den E-Mailserver (21) und den Rechner
(22-26) des Adressaten (27-31) umfasst.</claim-text>
    </claim>
  </claims>
  <copyright>User acknowledges that the Information Retrieval Facility (IRF) and its third party providers retain all right, title and interest in and to this xml under applicable copyright laws. User acquires no ownership rights to this xml including but not limited to its format. User hereby accepts the terms and conditions of the Licence Agreement set forth at http://www.ir-facility.org/legal/marec/data_licence</copyright>
</patent-document>
