<?xml version="1.0" encoding="utf-8"?>
<!DOCTYPE patent-document PUBLIC "-//MXW//DTD patent-document XML//EN" "http://www.ir-facility.org/dtds/patents/v1.4/patent-document.dtd">
<patent-document ucid="EP-1234571-A1" country="EP" doc-number="1234571" kind="A1" lang="FR" family-id="8860274" status="new" date-produced="20090516" date="20020828">
  <bibliographic-data>
    <publication-reference ucid="EP-1234571-A1" status="new" fvid="23544530">
      <document-id status="new" format="original">
        <country>EP</country>
        <doc-number>1234571</doc-number>
        <kind>A1</kind>
        <date>20020828</date>
      </document-id>
    </publication-reference>
    <application-reference ucid="EP-02290413-A" status="new" is-representative="NO">
      <document-id status="new" format="epo">
        <country>EP</country>
        <doc-number>02290413</doc-number>
        <kind>A</kind>
        <date>20020220</date>
      </document-id>
    </application-reference>
    <priority-claims status="new">
      <priority-claim ucid="FR-0102353-A" status="new">
        <document-id status="new" format="epo">
          <country>FR</country>
          <doc-number>0102353</doc-number>
          <kind>A</kind>
          <date>20010221</date>
        </document-id>
      </priority-claim>
    </priority-claims>
    <technical-data status="new">
      <classifications-ipcr>
        <classification-ipcr status="new">A61K   8/00        20060101ALI20060310RMJP        </classification-ipcr>
        <classification-ipcr status="new">A61K   8/00        20060101CLI20060310RMJP        </classification-ipcr>
        <classification-ipcr status="new">A61K   8/30        20060101AFI20060310RMJP        </classification-ipcr>
        <classification-ipcr status="new">A61K   8/30        20060101C I20051008RMEP        </classification-ipcr>
        <classification-ipcr status="new">A61K   8/33        20060101ALI20060310RMJP        </classification-ipcr>
        <classification-ipcr status="new">A61K   8/34        20060101A I20051008RMEP        </classification-ipcr>
        <classification-ipcr status="new">A61K   8/36        20060101ALI20060310RMJP        </classification-ipcr>
        <classification-ipcr status="new">A61K   8/365       20060101ALI20060310RMJP        </classification-ipcr>
        <classification-ipcr status="new">A61K   8/63        20060101A I20051008RMEP        </classification-ipcr>
        <classification-ipcr status="new">A61K   8/72        20060101CLI20060310RMJP        </classification-ipcr>
        <classification-ipcr status="new">A61K   8/86        20060101ALI20060310RMJP        </classification-ipcr>
        <classification-ipcr status="new">A61K   8/89        20060101ALI20060310RMJP        </classification-ipcr>
        <classification-ipcr status="new">A61K   8/891       20060101ALI20060310RMJP        </classification-ipcr>
        <classification-ipcr status="new">A61K   8/92        20060101ALI20060310RMJP        </classification-ipcr>
        <classification-ipcr status="new">A61K   8/92        20060101CLI20060310RMJP        </classification-ipcr>
        <classification-ipcr status="new">A61K  31/045       20060101CLI20060310RMJP        </classification-ipcr>
        <classification-ipcr status="new">A61K  31/05        20060101ALI20060310RMJP        </classification-ipcr>
        <classification-ipcr status="new">A61P  17/00        20060101ALI20060310RMJP        </classification-ipcr>
        <classification-ipcr status="new">A61P  17/00        20060101CLI20060310RMJP        </classification-ipcr>
        <classification-ipcr status="new">A61Q   1/00        20060101A I20051008RMEP        </classification-ipcr>
        <classification-ipcr status="new">A61Q   1/00        20060101C I20051008RMEP        </classification-ipcr>
        <classification-ipcr status="new">A61Q   1/02        20060101ALI20060310RMJP        </classification-ipcr>
        <classification-ipcr status="new">A61Q   1/02        20060101CLI20060310RMJP        </classification-ipcr>
        <classification-ipcr status="new">A61Q   5/00        20060101ALI20060310RMJP        </classification-ipcr>
        <classification-ipcr status="new">A61Q   5/00        20060101CLI20060310RMJP        </classification-ipcr>
        <classification-ipcr status="new">A61Q   5/04        20060101ALI20060310RMJP        </classification-ipcr>
        <classification-ipcr status="new">A61Q   5/04        20060101CLI20060310RMJP        </classification-ipcr>
        <classification-ipcr status="new">A61Q  19/00        20060101A I20051008RMEP        </classification-ipcr>
        <classification-ipcr status="new">A61Q  19/00        20060101C I20051008RMEP        </classification-ipcr>
        <classification-ipcr status="new">A61Q  19/08        20060101A I20051008RMEP        </classification-ipcr>
        <classification-ipcr status="new">A61Q  19/08        20060101C I20051008RMEP        </classification-ipcr>
      </classifications-ipcr>
      <classification-ecla status="new">
        <classification-symbol scheme="EC">A61K   8/34D</classification-symbol>
        <classification-symbol scheme="EC">A61K   8/34F</classification-symbol>
        <classification-symbol scheme="EC">A61K   8/63</classification-symbol>
        <classification-symbol scheme="EC">A61Q   1/00</classification-symbol>
        <classification-symbol scheme="EC">A61Q  19/00</classification-symbol>
        <classification-symbol scheme="EC">A61Q  19/08</classification-symbol>
      </classification-ecla>
      <invention-title load-source="ep" status="new" lang="DE">Topische Zusammensetzung enthaltend ein Hydroxystilben und ein Polyol</invention-title>
      <invention-title load-source="ep" status="new" lang="EN">Topical composition containing a hydroxystilbene and a polyol</invention-title>
      <invention-title load-source="ep" status="new" lang="FR">Composition pour application topique comprenant un hydroxystilbène et un polyol</invention-title>
    </technical-data>
    <parties>
      <applicants>
        <applicant status="new" format="epo">
          <addressbook>
            <name>OREAL</name>
            <address>
              <country>FR</country>
            </address>
          </addressbook>
        </applicant>
        <applicant status="new" format="intermediate">
          <addressbook>
            <name>L'OREAL</name>
          </addressbook>
        </applicant>
        <applicant status="new" format="original">
          <addressbook>
            <last-name>L'OREAL</last-name>
            <address>
              <street>14, rue Royale</street>
              <city>75008 Paris</city>
              <country>FR</country>
            </address>
          </addressbook>
        </applicant>
      </applicants>
      <inventors>
        <inventor status="new" format="epo">
          <addressbook>
            <name>BALDO FRANCINE</name>
            <address>
              <country>FR</country>
            </address>
          </addressbook>
        </inventor>
        <inventor status="new" format="epo">
          <addressbook>
            <name>ROGER VERONIQUE</name>
            <address>
              <country>FR</country>
            </address>
          </addressbook>
        </inventor>
        <inventor status="new" format="intermediate">
          <addressbook>
            <name>BALDO, FRANCINE</name>
          </addressbook>
        </inventor>
        <inventor status="new" format="intermediate">
          <addressbook>
            <name>ROGER, VERONIQUE</name>
          </addressbook>
        </inventor>
        <inventor status="new" format="original">
          <addressbook>
            <last-name>BALDO, FRANCINE</last-name>
            <address>
              <street>10, rue Paul Couderc</street>
              <city>9330 Sceaux</city>
              <country>FR</country>
            </address>
          </addressbook>
        </inventor>
        <inventor status="new" format="original">
          <addressbook>
            <last-name>Roger, Véronique</last-name>
            <address>
              <street>12 Sentier de Paris à Sceaux</street>
              <city>92220 Bagneux</city>
              <country>FR</country>
            </address>
          </addressbook>
        </inventor>
      </inventors>
      <agents>
        <agent status="new" format="original">
          <addressbook>
            <last-name>Catherine, Alain</last-name>
            <address>
              <street>Cabinet Harlé &amp;amp; Phélip 7, rue de Madrid</street>
              <city>75008 Paris</city>
              <country>FR</country>
            </address>
          </addressbook>
        </agent>
      </agents>
    </parties>
    <international-convention-data>
      <designated-states>
        <ep-contracting-states>
          <country>DE</country>
          <country>ES</country>
          <country>FR</country>
          <country>GB</country>
          <country>IT</country>
        </ep-contracting-states>
      </designated-states>
    </international-convention-data>
  </bibliographic-data>
  <abstract load-source="docdb" source="EPO" status="new" lang="EN">
    <p>A composition for topical application to the skin comprising one or more hydroxystilbenes and one or more polyols in a polyol to hydroxystilbene ratio of at least 150:1 and a method for preparing it.</p>
  </abstract>
  <abstract load-source="ep" status="new" lang="FR">
    <p>L'invention concerne une composition adaptée à une application
topique sur la peau comprenant, dans un milieu physiologiquement
acceptable, au moins un hydroxystilbène et au moins un polyol pour
solubiliser l'hydroxystilbène, dans un rapport pondéral du polyol à
l'hydroxystilbène d'au moins 150/1.</p>
    <p>L'invention concerne également l'utilisation d'une telle
composition pour la fabrication de produits de soin et/ou de
maquillage de la peau et/ou capillaires.</p>
  </abstract>
  <description load-source="ep" status="new" lang="FR">
    <p num="0001">La présente invention concerne une composition adaptée à une
application topique sur la peau, comprenant, dans un milieu
physiologiquement acceptable, au moins un hydroxystilbéne, de préférence
le resvératrol, et au moins un polyol.</p>
    <p num="0002">Les hydroxystilbènes sont des composés répondant à la formule
générale (I) :
<img id="img-00010001" orientation="unknown" wi="108" img-format="tif" img-content="cf" file="00010001.tif" inline="no" he="43"/>
dans laquelle n est un nombre entier compris entre 0 et 4 inclusivement et m
est un nombre entier compris entre 0 et 5 inclusivement. Ces composés
peuvent être sous une forme cis ou trans.</p>
    <p num="0003">Selon l'invention, le terme hydroxystilbène recouvre aussi bien les
composés de formule (I) que leurs dérivés hydroxyalkylés.</p>
    <p num="0004">Les hydroxystilbènes sont des composés que l'on retrouve à l'état
naturel notamment dans les végétaux de la classe des spermatophytes et
particulièrement dans la vigne et le raisin, et dans le vin.</p>
    <p num="0005">Le resvératrol, ou 3, 4', 5 - trihydroxystilbène, fait partie des stilbènes
qui sont des composés produits chez les plantes, essentiellement chez les
spermatophytes, et appartiennent à la classe des molécules antibiotiques
connues sous le nom de phytoalexines.</p>
    <p num="0006">Le resvératrol existe naturellement dans de nombreuses plantes et
fruits sous forme simple ou glucosylée. On trouve les deux formes, simple et
glucosylée, en particulier dans la peau du raisin (Vrhovsek <i>et al</i>., Am. J.
Enol. Vitic., vol. 48, n° 2, 1997) ou encore dans des surnageants de cultures
<i>in vitro</i> de <i>vitis vinifera</i> (Teguo <i>et al</i>., <i>J.</i> Nat. Prod., 61, 655-657, 1998).</p>
    <p num="0007">Le resvératrol est libéré en présence de glucosidases. Cette réaction
se produit naturellement chez la plante, par exemple, an niveau de la peau
du raisin. Au cours de la fermentation des vins rouges (fermentation 
alcoolique), cette réaction est réalisée par les glycosidases des levures, mais
elle n'est pas totale et il reste une proportion importante de dérivés
glucosylés. La forme glucosylée est présente en quantité variable selon les
vins, certaines variétés de Pinot Noir contiennent exclusivement des
hydroxystilbènes glucosylés (Soleas <i>et al</i>., Clinical Biochemistry, vol. 30,
Mars 1997).</p>
    <p num="0008">Différentes études <i>in vitro</i> et <i>in vivo</i> ont mis en évidence les propriétés
biologiques intéressantes des hydroxystilbènes, en particulier leurs
propriétés anti-inflammatoires, anti-oxydantes et anti-mutagènes, et leur
influence sur le métabolisme des lipides et sur l'agrégation des plaquettes
(Soleas et al., 1997 ; Jang et al., Science, vol. 275, 10 Janvier 1997).</p>
    <p num="0009">Ces propriétés ont été mises à profit dans la réalisation de
compositions cosmétiques contenant ces composés.</p>
    <p num="0010">Par exemple, la demande de brevet internationale WO 99/04747
décrit des compositions cosmétiques comprenant du resvératrol, ainsi que
leurs utilisations pour lutter contre les signes du vieillissement cutané, lisser
la peau ou traiter les rides et les ridules</p>
    <p num="0011">Malgré ces propriétés intéressantes, les hydroxystilbènes, et plus
particulièrement, le resvératrol, présentent certains inconvénients, en raison
de leur faible solubilité dans les solvants cosmétiques. En effet, les
hydroxystilbènes ont tendance à recristalliser. Il s'ensuit une perte
d'efficacité plus ou moins importante de ces composés dans les
compositions en contenant, selon le degré de recristallisation. En outre, cette
recristallisaton peut modifier la stabilité globale de ces compositions ainsi
que leur aspect, ce qui pourrait détourner l'utilisateur de celles-ci.</p>
    <p num="0012">La demanderesse a maintenant découvert que l'utilisation d'une
grande quantité de polyols, éventuellement en association avec de l'éthanol,
permettait d'éviter la recristallisation des hydroxystilbènes, en particulier du
resvératrol, et ce, dans tous les supports cosmétiques classiquement
utilisés, notamment les émulsions huile-dans-eau (H/E) ou eau-dans-huile
(E/H), les nanoémulsions, les microémulsions, les gels aqueux, les gels
anhydres, les solutions, ainsi que les bases oléosomes.</p>
    <p num="0013">Par bases oléosomes, on entend, au sens de la demande, des
émulsions du type huile-dans-eau formées de globules huileux pourvus d'un
enrobage cristal liquide lamellaire, et dispersés dans une phase aqueuse. 
Ces bases sont décrites et revendiquées dans le brevet européen EP-0 641
557.</p>
    <p num="0014">L'homme de l'art connaít l'utilisation d'hydroxystilbène dans des
compositions cosmétiques ou pour la préparation de compositions
cosmétiques et/ou adaptées à une application topique sur la peau.</p>
    <p num="0015">En effet, la demande de brevet européen EP-0 953 344 décrit
l'utilisation en tant que composé actif dans une composition ou pour la
préparation d'une composition, d'une quantité efficace d'au moins un
hydroxystilbène pour favoriser la desquamation de la peau, et/ou stimuler le
renouvellement épidermique et/ou lutter contre le vieillissement de la peau.
Rien n'est dit toutefois, dans ce document, sur la solubilisation de
l'hydroxystilbène.</p>
    <p num="0016">De même, la demande internationale WO 99/04747 décrit une
composition de soin de la peau comprenant du resvératrol et un véhicule
cosmétiquement acceptable. Cependant, cette demande ne concerne pas
la solubilisation du resvératrol.</p>
    <p num="0017">La présente invention a donc pour objet une composition adaptée à
une application topique sur la peau comprenant, dans un milieu
physiologiquement acceptable, au moins un hydroxystilbène et au moins un
polyol, dans un rapport pondéral du polyol à l'hydroxystilbène d'au moins
150/1.</p>
    <p num="0018">Selon l'invention, les hydroxystilbènes peuvent être utilisés seuls ou
en mélanges de toute nature et peuvent être d'origine naturelle ou
synthétique.</p>
    <p num="0019">Parmi les hydroxystilbènes utilisables selon l'invention, on peut citer :
<ul list-style="bullet"><li>le 4'-hydroxystilbène,</li><li>le 2',4'-dihydroxystilbène,</li><li>le 3',4'-dihydroxystilbène,</li><li>le 4,4'-dihydroxystilbène,</li><li>le 2',4',4-trihydroxystilbène,</li><li>le 3',4',4-trihydroxystilbène,</li><li>le 2,4,4'-trihydroxystilbène,</li><li>le 3,4,4'-trihydroxystilbène,</li><li>le 3,4',5-trihydroxystilbène,</li><li>le 2',3,4-trihydroxystilbène, </li><li>le 2,3',4-trihydroxystilbène,</li><li>le 2',2,4'-trihydroxystilbène,</li><li>le 2,4,4',5-tétrahydroxystilbène,</li><li>le 2',3,4',5-tétrahydroxystilbène,</li><li>le 2,2',4,4'-tétrahydroxystilbène,</li><li>le 3,3',4',5-tétrahydroxystilbène,</li><li>le 2,3',4,4'-tétrahydroxystilbène,</li><li>le 3,3',4,4'-tétrahydroxystilbène,</li><li>le 3,3',4',5,5'-pentahydroxystilbène,</li><li>le 2,2',4,4',6-pentahydroxystilbène,</li><li>le 2,3',4,4',6-pentahydroxystilbène, et</li><li>le 2,2',4,4',6,6'-hexahydroxystilbène.</li></ul></p>
    <p num="0020">Préférentiellement, on utilise selon l'invention le 3,4',5-trihydroxystilbène,
également appelé resvératrol.</p>
    <p num="0021">La quantité d'hydroxystilbène utilisable selon l'invention dépend bien
évidemment de l'effet recherché. A titre d'exemple, la quantité
d'hydroxystilbène utilisable selon l'invention peut aller par exemple de
0,001% à 10%, et de préférence de 0,005% à 0,5% du poids total de la
composition.</p>
    <p num="0022">Les polyols peuvent être notamment choisis parmi la glycérine, les
glycols, tels que le mono- ou di-propylène glycol, le butylène glycol, le
pentylène glycol, et les polyéthylènes glycols, en particulier comportant de 4
à 8 motifs oxyde d'éthylène, et leurs mélanges.</p>
    <p num="0023">Les polyols particulièrement préférés sont les polyéthylène glycols, en
particulier le polyéthylène glycol 8 OE, le butylène-1,3-glycol, le 5-[2-(4-hydroxyphényl)vinyl]benzène-1,
3-diol et l'octyl -2-dodécanol.</p>
    <p num="0024">De préférence, les compositions selon l'invention comprennent en
outre un alcanol ayant de 1 à 6 atomes de carbone, en particulier de
l'éthanol.</p>
    <p num="0025">La quantité d'alcanol présent dans la composition peut atteindre
jusqu'à 10% en poids, de préférence 5% en poids par rapport au poids total
de la composition.</p>
    <p num="0026">La composition selon l'invention peut être constituée par une
émulsion, notamment huile-dans-eau (H/E) ou eau-dans-huile (E/H), voire
sous forme d'une émulsion multiple. </p>
    <p num="0027">La composition selon l'invention peut également être constituée par
une émulsion du type huile-dans-eau formée de globules huileux pourvus
d'un enrobage cristal liquide lamellaire, et dispersés dans une phase
aqueuse.</p>
    <p num="0028">Chaque globule huileux, de taille inférieure à 500 nanomètres et de
préférence inférieure à 300 nanomètres, est enrobé d'une couche
monolamellaire ou oligolamellaire obtenue à partir d'au moins un agent
tensioactif lipophile, d'au moins un agent actif hydrophile et d'au moins un
acide gras.</p>
    <p num="0029">Par couche oligolamellaire, on entend, au sens de la demande, une
couche comprenant de 2 à 5 lamelles lipidiques.</p>
    <p num="0030">La phase aqueuse contient à l'état dissous l'hydroxystilbène et le
polyol solubilisant.</p>
    <p num="0031">Ce type d'émulsion, également appelé base oléosome, est décrit dans
le brevet européen EP-0 641557.</p>
    <p num="0032">La composition selon l'invention peut comprendre une phase huileuse
à base d'huile animale, végétale, minérale, siliconée, fluorée et/ou
synthétique.</p>
    <p num="0033">La phase huileuse peut également comprendre au moins un alcool
gras ou au moins un acide gras, ainsi qu'au moins un tensioactif.</p>
    <p num="0034">On peut notamment citer les huiles hydrocarbonées telles que l'huile
de paraffine ou de vaseline ; le perhydrosqualène ; le beurre de karité ;
l'huile d'arara, l'huile d'amande douce, de calophyllum, de palme, de ricin,
d'avocat, de jojoba, d'olive ou de germes de céréales ; des alcools tels que
l'alcool oléique, l'alcool linoléique ou linolénique, l'alcool isostéarique ou
l'octyl dodécanol.</p>
    <p num="0035">On peut également citer les huiles siliconées telles que les PDMS,
éventuellement phénylées telles que les phényltriméthicones.</p>
    <p num="0036">Un tel ester peut en particulier être choisi dans le groupe constitué par
l'adipate de dioctyle, le palmitate d'éthyl-2 hexyle, l'adipate de diisopropyle,
l'hexanoate d'éthyl-2 hexyle, le laurate d'éthyle, le myristate de méthyle,
l'octanoate d'octyldodécyle, le néopentanoate d'isodécyle, le myristate
d'éthyle, le propionate de myristyle, l'éthyl-2 hexanoate d'éthyl-2 hexyle,
l'octanoate d'éthyl-2 hexyle, le caprate/caprylate d'éthyl-2 hexyle, le
palmitate de méthyle, le myristate de butyle, le myristate d'isobutyle, le 
palmitate d'éthyle, le laurate d'isohexyle, le laurate d'hexyle, l'isostéarate
d'isopropyle.</p>
    <p num="0037">Lorsque la composition est une émulsion, la phase huileuse peut être
présente à raison de 5 à 95% du poids total de la composition.</p>
    <p num="0038">La composition selon l'invention peut, en outre, comprendre :
<ul list-style="bullet"><li>un agent permettant la mise en suspension de la phase grasse, par
exemple un copolymère d'acrylates d'alkyle en C<sub>10</sub>-C<sub>30</sub> et d'acide
acrylique ou méthacrylique ou de leur ester (Pemulen® TR1, Pemulen®
TR2, Carbopol® 1342 de GOODRICH) ; ou un copolymère
acrylamide/acide méthylpropane sulfonique (Sepigel® de SEPPIC), et/ou</li><li>un agent de mise en dispersion de la phase grasse, tel qu'un système
émulsionnant ou vésiculaire à base de vésicules, éventuellement de taille
nanométrique, constituées de lipides ioniques (liposomes) ou non
ioniques, et en particulier les systèmes émulsionnants bien connus de
l'homme du métier constitués de stéarate de glycéryl/PEG 100 stéarate
(CTFA), d'alcool cétylique et d'alcool stéarylique, le stéarate de PEG-50,
le stéarate de PEG-40, le tristéarate de sorbitane, et les stéarates de
sorbitane oxyéthylénés.</li></ul></p>
    <p num="0039">La composition de l'invention peut en outre comprendre un agent pour
modifier sa viscosité et obtenir des textures plus ou moins gélifiées, tel que :
<ul list-style="bullet"><li>les dérivés cellulosiques (carboxyméthylcellulose, hydroxyéthylcellulose,
hydroxypropylméthylcellulose),</li><li>les gommes naturelles telles que les gommes de xanthane, de guar, de
caroube, les scléroglucanes, les dérivés de chitine ou de chitosane, les
carraghénanes,</li><li>les cires ou les gommes ayant par exemple des propriétés émollientes ou
lubrifiantes,</li><li>les dérivés polycarboxyvinyliques du type Carbomer (commercialisées par
la société GOODRICH sous les dénominations Carbopol® 940, 951, ou
par la société 3V-SIGMA sous la dénomination Synthalen® K ou
Synthalen® L).</li></ul></p>
    <p num="0040">Les compositions selon l'invention peuvent encore contenir des
adjuvants couramment utilisés dans le domaine considéré, tels que des
agents conservateurs, des antioxydants, des agents séquestrants, ou des
agents gélifiants (notamment hydrophiles), des parfums, des charges telles 
que du kaolin et de l'amidon, voire les microsphères creuses, les filtres UV,
les actifs de soin de la peau, en particulier les composés anti-irritants et/ou
les rétinoides et/ou les (alpha) hydroxy-acides, et/ou des vitamines, et/ou
des dérivés de DHEA.</p>
    <p num="0041">Comme agents conservateurs selon l'invention, on peut citer par
exemple les alkylparaben, les arylparaben, les dérivés de chlorhexidine, les
alkylbenzoates, les acides salicylique, sorbique et propionique, le phénoxy
éthanol, les esters d'alkyle et les sels alcalins et alcalino-terreux de ces
acides.</p>
    <p num="0042">Comme agents gélifiants hydrophiles selon l'invention, on peut citer
en particulier les polymères carboxyvinyliques (carbomer), les copolymères
acryliques tels que les copolymères d'acrylates/alkylacrylates, les
polyacrylamides, les polysaccharides, les gommes naturelles et les argiles,
et, comme agents gélifiants lipophiles, on peut citer les argiles modifiées
comme les bentones, les sels métalliques d'acides gras et la silice
hydrophobe.</p>
    <p num="0043">Les compositions se présentent le plus fréquemment sous forme de
lait, crème, gel, ou microémulsions, d'autres modes de présentation n'étant
pas exclus.</p>
    <p num="0044">Bien entendu, l'homme du métier veillera à choisir ce ou ces
éventuels composés complémentaires et/ou leur quantité, de manière telle
que les propriétés avantageuses de la composition selon l'invention ne
soient pas, ou substantiellement pas, altérées par l'adjonction envisagée. En
particulier, ces composés ne devront pas nuire aux propriétés avantageuses
de l'hydroxystilbène, ni favoriser sa cristallisation.</p>
    <p num="0045">La composition selon l'invention peut être utilisée comme produit de
soin, ou comme produit de maquillage de la peau, ou encore comme produit
capillaire, tel qu'un shampooing ou un après-shampooing.</p>
    <p num="0046">La présente invention se rapporte également à l'utilisation cosmétique
de la composition selon l'invention pour prévenir ou traiter les signes du
vieillissement cutané.</p>
    <p num="0047">Enfin, la présente invention se rapporte également à un procédé de
préparation d'une composition selon l'invention, caractérisée en ce qu'il
comprend une étape consistant à mélanger au moins un hydroxystilbène à 
au moins un polyol, dans un rapport pondéral du polyol à l'hydroxystilbène
d'au moins 150/1.</p>
    <p num="0048">Les compositions selon l'invention se présentant sous la forme
d'émulsions eau-dans-huile (E/H), ou huile-dans-eau (H/E), ou multiple sont
préparées de manière classique par préparation des phases aqueuses et
huileuses et incorporation d'une des phases dans l'autre sous agitation.</p>
    <p num="0049">Les compositions selon l'invention se présentant sous forme d'une
base oléosome sont préparées de la manière suivante :
<ul list-style="bullet"><li>dans une première étape, on mélange sous agitation la phase grasse
comprenant le tensioactif lipophile, le tensioactif hydrophile et l'acide gras, et
la phase aqueuse comprenant l'agent basique, l'hydroxystilbène et le (ou les)
polyol(s), et</li><li>dans une deuxième étape, on soumet le mélange obtenu à une
homogénéisation basée sur le principe de la cavitation.</li></ul></p>
    <p num="0050">Dans la première étape, le mélange est soumis à une agitation
classique, par exemple dans un homogénéisateur tournant à une vitesse
comprise entre 500 et 5000 t/mn environ, pendant un temps compris entre
10 et 60 mn environ, et à une température comprise entre 20 et 95°C
environ.</p>
    <p num="0051">Dans la deuxième étape, l'homogénéisation résulte du phénomène de
cavitation créé et entretenu au sein du mélange, alors sous forme liquide, en
mouvement à une vitesse linéaire d'au moins 100 m/s. Elle peut être opérée
par utilisation d'un homogénéisateur haute pression fonctionnant sous des
pressions comprises entre 200 et 1000 bars environ.</p>
    <p num="0052">Le principe d'utilisation de ce type d'homogénéisateur est bien connu
de l'homme de l'art. On opère par passages successifs, généralement de 2 à
10 passages, sous la pression retenue, le mélange étant ramené à pression
normale entre chaque passage.</p>
    <p num="0053">L'homogénéisation de la deuxième étape peut également être
obtenue sous l'action d'ultrasons ou encore par utilisation
d'homogénéisateurs équipés d'une tête de type rotor-stator.</p>
    <p num="0054">Si l'hydroxystilbène et le (ou les) polyol(s) sont introduits à l'état libre
dans la phase aqueuse, ils sont introduits au cours de la première étape. </p>
    <p num="0055">Si, par contre, ils sont introduits dans la phase aqueuse à l'état
encapsulés, ils sont introduits dans une troisième étape ultérieure, par
simple mélange.</p>
    <p num="0056">De manière préférée, l'hydroxystilbène et le (ou les) polyol(s) sont
introduit(s) à l'état libre dans la phase aqueuse.</p>
    <p num="0057">L'invention sera mieux illustrée à l'aide des exemples non limitatifs
suivants.</p>
    <p num="0058">Dans les exemples, sauf indication contraire, tous les pourcentages et
parties sont exprimés en poids.</p>
    <heading>
      <b>EXEMPLES :</b>
    </heading>
    <heading>
      <b>Produits :</b>
    </heading>
    <p num="0059">
      <ul list-style="bullet">
        <li>hydroxystilbènes :
<ul list-style="bullet"><li>3,4',5-trihydroxystilbène commercialisé par la société SIGMA sous
la dénomination resvératrol®</li></ul></li>
        <li>polyols :
<ul list-style="bullet"><li>polyéthylène glycol (8 OE)</li><li>butylène-1,3-glycol</li><li>5-[2-(4-hydroxyphényl)vinyl]benzène-1,3-diol</li></ul></li>
        <li>éthanol</li>
      </ul>
    </p>
    <heading>
      <b>Emulsions :</b>
    </heading>
    <p num="0060">Pour la mise en solution des polyols et du resvératrol, on utilise des
émulsions huile-dans-eau (H/E), avec et sans éthanol, des émulsions eau-dans-huile
(E/H), et des bases oléosomes.
<ul list-style="bullet"><li>émulsions huile-dans-eau (H/E) :
<ul list-style="bullet"><li>5 émulsions E<sub>1</sub>, E<sub>2</sub>, E<sub>3</sub>, E<sub>4</sub> et E<sub>5</sub> dont les compositions sont
respectivement présentées dans les tableaux 1 à 5,</li></ul></li><li>émulsions eau-dans-huile (E/H) :
<ul list-style="bullet"><li>2 émulsions E<sub>6</sub> et E<sub>7</sub> dont les compositions sont respectivement
présentées dans les tableaux 6 et 7,</li></ul></li><li>bases oléosomes :
<ul list-style="bullet"><li>2 émulsions E<sub>8</sub> et E<sub>9</sub> dont les compositions sont respectivement
présentées dans les tableaux 8 et 9.</li></ul></li></ul></p>
    <heading>
      <b>Emulsion E<sub>1</sub> (H/E)</b>
    </heading>
    <p num="0061">
      <tables>
        <table>
          <tgroup cols="3">
            <tbody>
              <row>
                <entry align="center">Phase</entry>
                <entry align="center">Nom chimique</entry>
                <entry align="center">Quantité (%)</entry>
              </row>
              <row>
                <entry align="center">a<sub>1</sub></entry>
                <entry align="left">Eau déminéralisée stérilisée</entry>
                <entry align="center">71,8</entry>
              </row>
              <row>
                <entry align="left" namest="2">Copolymère acide acrylique/méthacrylate de stéaryle polymérisé dans un mélange acétate d'éthyle/cyclohexane</entry>
                <entry align="center" namest="3">0,5</entry>
              </row>
              <row>
                <entry align="center">a<sub>2</sub></entry>
                <entry align="left">Butylène-1,3-glycol</entry>
                <entry align="center">1</entry>
              </row>
              <row>
                <entry align="left" namest="2">p-hydroxybenzoate de méthyle</entry>
                <entry align="center" namest="3">0,2</entry>
              </row>
              <row>
                <entry align="center">b</entry>
                <entry align="left">Eau déminéralisée stérilisée</entry>
                <entry align="center">2</entry>
              </row>
              <row>
                <entry align="left" namest="2">Triéthanolamine à 99%</entry>
                <entry align="center" namest="3">0,3</entry>
              </row>
              <row>
                <entry align="center">c</entry>
                <entry align="left">Néopentanoate d'isodécyle</entry>
                <entry align="center">10</entry>
              </row>
              <row>
                <entry align="left" namest="2">P-hydroxybenzoate de propyle</entry>
                <entry align="center" namest="3">0,1</entry>
              </row>
              <row>
                <entry align="center">d</entry>
                <entry align="left">Polyéthylène glycol (8 OE)</entry>
                <entry align="center">5</entry>
              </row>
              <row>
                <entry align="left" namest="2">Butylène-1,3-glycol</entry>
                <entry align="center" namest="3">4</entry>
              </row>
              <row>
                <entry align="left" namest="2">5-[2-(4-hydroxyphényl)vinyl]benzène-1,3-diol</entry>
                <entry align="center" namest="3">0,1</entry>
              </row>
              <row>
                <entry align="left" namest="2">alcool éthylique 96 degrés non dénaturé</entry>
                <entry align="center" namest="3">5</entry>
              </row>
            </tbody>
          </tgroup>
        </table>
      </tables>
    </p>
    <heading>
      <b>Emulsion E<sub>2</sub> (H/E)</b>
    </heading>
    <p num="0062">
      <tables>
        <table>
          <tgroup cols="3">
            <tbody>
              <row>
                <entry align="center">Phase</entry>
                <entry align="center">Nom chimique</entry>
                <entry align="center">Quantité (%)</entry>
              </row>
              <row>
                <entry align="center">a<sub>1</sub></entry>
                <entry align="left">Eau déminéralisée stérilisée</entry>
                <entry align="center">66,6</entry>
              </row>
              <row>
                <entry align="left" namest="2">Sel penta-sodique de l'acide éthylène diamine tétra-méthylène phosphonique dans l'eau à 33% non stabilisé</entry>
                <entry align="center" namest="3">0,1</entry>
              </row>
              <row>
                <entry align="left" namest="2">Copolymère acide acrylique/méthacrylate de stéaryle polymérisé dans un mélange acétate d'éthyle/cyclohexane</entry>
                <entry align="center" namest="3">0,5</entry>
              </row>
              <row>
                <entry align="center">a<sub>2</sub></entry>
                <entry align="left">Butylène-1,3-glycol</entry>
                <entry align="center">1</entry>
              </row>
              <row>
                <entry align="left" namest="2">p-hydroxybenzoate de méthyle</entry>
                <entry align="center" namest="3">0,2</entry>
              </row>
              <row>
                <entry align="center">b</entry>
                <entry align="left">Eau déminéralisée stérilisée</entry>
                <entry align="center">2</entry>
              </row>
              <row>
                <entry align="left" namest="2">Tri-éthanolamine à 99%</entry>
                <entry align="center" namest="3">0,3</entry>
              </row>
              <row>
                <entry align="center">c</entry>
                <entry align="left">Néopentanoate d'isodécyle</entry>
                <entry align="center">10</entry>
              </row>
              <row>
                <entry align="left" namest="2">P-hydroxybenzoate de propyle</entry>
                <entry align="center" namest="3">0,1</entry>
              </row>
              <row>
                <entry align="center">d</entry>
                <entry align="left">Polyéthylène glycol (8 OE)</entry>
                <entry align="center">7</entry>
              </row>
              <row>
                <entry align="left" namest="2">Butylène-1,3-glycol</entry>
                <entry align="center" namest="3">7</entry>
              </row>
              <row>
                <entry align="left" namest="2">5-[2-(4-hydroxyphényl)vinyl]benzène-1,3-diol</entry>
                <entry align="center" namest="3">0,2</entry>
              </row>
              <row>
                <entry align="right"/>
                <entry align="left">alcool éthylique 96 degrés non dénaturé</entry>
                <entry align="center">5</entry>
              </row>
            </tbody>
          </tgroup>
        </table>
      </tables>
    </p>
    <heading>
      <b>Emulsion E<sub>3</sub> (H/E)</b>
    </heading>
    <p num="0063">
      <tables>
        <table>
          <tgroup cols="3">
            <tbody>
              <row>
                <entry align="center">Phase</entry>
                <entry align="center">Nom chimique</entry>
                <entry align="center">Quantité (%)</entry>
              </row>
              <row>
                <entry align="center">a<sub>1</sub></entry>
                <entry align="left">Eau déminéralisée stérilisée</entry>
                <entry align="center">71,6</entry>
              </row>
              <row>
                <entry align="left" namest="2">Sel penta-sodique de l'acide éthylène diaminé tétra-méthylène phosphonique dans l'eau à 33% non stabilisé</entry>
                <entry align="center" namest="3">0,1</entry>
              </row>
              <row>
                <entry align="left" namest="2">Copolymère acide acrylique/méthacrylate de stéaryle polymérisé dans un mélange acétate d'éthyle/cyclohexane</entry>
                <entry align="center" namest="3">0,5</entry>
              </row>
              <row>
                <entry align="center">a<sub>2</sub></entry>
                <entry align="left">Butylène-1,3-glycol</entry>
                <entry align="center">1</entry>
              </row>
              <row>
                <entry align="left" namest="2">p-hydroxybenzoate de méthyle</entry>
                <entry align="center" namest="3">0,2</entry>
              </row>
              <row>
                <entry align="center">b</entry>
                <entry align="left">Eau déminéralisée stérilisée</entry>
                <entry align="center">2</entry>
              </row>
              <row>
                <entry align="left" namest="2">Triéthanolamine à 99%</entry>
                <entry align="center" namest="3">0,3</entry>
              </row>
              <row>
                <entry align="center">c</entry>
                <entry align="left">Néopentanoate d'isodécyle</entry>
                <entry align="center">10</entry>
              </row>
              <row>
                <entry align="left" namest="2">P-hydroxybenzoate de propyle</entry>
                <entry align="center" namest="3">0,1</entry>
              </row>
              <row>
                <entry align="center">d</entry>
                <entry align="left">Polyéthylène glycol (8 OE)</entry>
                <entry align="center">7</entry>
              </row>
              <row>
                <entry align="left" namest="2">Butylène-1,3-glycol</entry>
                <entry align="center" namest="3">7</entry>
              </row>
              <row>
                <entry align="left" namest="2">5-[2-(4-hydroxyphényl)vinyl]benzène-1,3-diol</entry>
                <entry align="center" namest="3">0,2</entry>
              </row>
            </tbody>
          </tgroup>
        </table>
      </tables>
    </p>
    <heading>
      <b>Emulsion E<sub>4</sub> (H/E)</b>
    </heading>
    <p num="0064">
      <tables>
        <table>
          <tgroup cols="3">
            <tbody>
              <row>
                <entry align="center">Phase</entry>
                <entry align="center">Nom chimique</entry>
                <entry align="center">Quantité (%)</entry>
              </row>
              <row>
                <entry align="center">a</entry>
                <entry align="left">Tristéarate de sorbitane</entry>
                <entry align="center">0,9</entry>
              </row>
              <row>
                <entry align="left" namest="2">Stéarate de polyéthylène glycol (40 OE)</entry>
                <entry align="center" namest="3">2</entry>
              </row>
              <row>
                <entry align="left" namest="2">Alcool cétylique pur, d'origine naturelle</entry>
                <entry align="center" namest="3">4</entry>
              </row>
              <row>
                <entry align="left" namest="2">Mono,di,tri-palmito-stéarate de glycéryle</entry>
                <entry align="center" namest="3">3</entry>
              </row>
              <row>
                <entry align="left" namest="2">Myristate de myristyle</entry>
                <entry align="center" namest="3">2</entry>
              </row>
              <row>
                <entry align="left" namest="2">Palmitate d'éthyl-2-hexyle</entry>
                <entry align="center" namest="3">2</entry>
              </row>
              <row>
                <entry align="left" namest="2">Isoparaffine (6-8 moles d'isobutylène) hydrogéné (viscosité : 34 cst à 25°C)</entry>
                <entry align="center" namest="3">3</entry>
              </row>
              <row>
                <entry align="left" namest="2">Alcool héxyl-2 décylique-1</entry>
                <entry align="center" namest="3">5</entry>
              </row>
              <row>
                <entry align="left" namest="2">p-hydroxybenzoate de propyle</entry>
                <entry align="center" namest="3">0,15</entry>
              </row>
              <row>
                <entry align="center">b</entry>
                <entry align="left">Eau déminéralisée stérilisée</entry>
                <entry align="center">43,7</entry>
              </row>
              <row>
                <entry align="left" namest="2">P-hydroxybenzoate de méthyle</entry>
                <entry align="center" namest="3">0,25</entry>
              </row>
              <row>
                <entry align="center">c</entry>
                <entry align="left">Cyclopentadiméthylsiloxane (viscosité : 4 cst)</entry>
                <entry align="center">10</entry>
              </row>
              <row>
                <entry align="center">d</entry>
                <entry align="left">Polyéthylène glycol (8 OE)</entry>
                <entry align="center">9</entry>
              </row>
              <row>
                <entry align="left" namest="2">Butylène-1,3-glycol</entry>
                <entry align="center" namest="3">9</entry>
              </row>
              <row>
                <entry align="left" namest="2">5-[2-(4-hydroxyphényl)vinyl]benzène-1,3-diol</entry>
                <entry align="center" namest="3">0,2</entry>
              </row>
              <row>
                <entry align="center">e</entry>
                <entry align="left">Eau déminéralisée stérilisée</entry>
                <entry align="center">5</entry>
              </row>
              <row>
                <entry align="left" namest="2">Imidazolidinyl urée</entry>
                <entry align="center" namest="3">0,3</entry>
              </row>
              <row>
                <entry align="left" namest="2">Acide polyacrylamidométhyl propane sulfonique neutralisé partiellement à l'ammoniaque et hautement réticulé</entry>
                <entry align="center" namest="3">0,5</entry>
              </row>
            </tbody>
          </tgroup>
        </table>
      </tables>
    </p>
    <heading>
      <b>Emulsion E<sub>5</sub> (H/E)</b>
    </heading>
    <p num="0065">
      <tables>
        <table>
          <tgroup cols="3">
            <tbody>
              <row>
                <entry align="center">Phase</entry>
                <entry align="center">Nom chimique</entry>
                <entry align="center">Quantité (%)</entry>
              </row>
              <row>
                <entry align="center">a</entry>
                <entry align="left">Tristéarate de sorbitane</entry>
                <entry align="center">0,9</entry>
              </row>
              <row>
                <entry align="left" namest="2">Stéarate de polyéthylène glycol (40 OE)</entry>
                <entry align="center" namest="3">2</entry>
              </row>
              <row>
                <entry align="left" namest="2">Alcool cétylique pur, d'origine naturelle</entry>
                <entry align="center" namest="3">4</entry>
              </row>
              <row>
                <entry align="left" namest="2">Mono,di,tri-palmito-stéarate de glycéryle</entry>
                <entry align="center" namest="3">3</entry>
              </row>
              <row>
                <entry align="left" namest="2">Myristate de myristyle</entry>
                <entry align="center" namest="3">2</entry>
              </row>
              <row>
                <entry align="left" namest="2">Palmitate d'éthyl-2-héxyle</entry>
                <entry align="center" namest="3">2</entry>
              </row>
              <row>
                <entry align="left" namest="2">Iso-paraffine (6-8 moles d'isobutylène) hydrogéné (viscosité : 34 cst à 25°C)</entry>
                <entry align="center" namest="3">3</entry>
              </row>
              <row>
                <entry align="left" namest="2">Alcool héxyl-2-décylique-1</entry>
                <entry align="center" namest="3">5</entry>
              </row>
              <row>
                <entry align="left" namest="2">p-hydroxybenzoate de propyle</entry>
                <entry align="center" namest="3">0,15</entry>
              </row>
              <row>
                <entry align="center">b</entry>
                <entry align="left">Eau déminéralisée stérilisée</entry>
                <entry align="center">45,7</entry>
              </row>
              <row>
                <entry align="left" namest="2">P-hydroxybenzoate de méthyle</entry>
                <entry align="center" namest="3">0,25</entry>
              </row>
              <row>
                <entry align="center">c</entry>
                <entry align="left">Cyclopentadiméthylsiloxane (viscosité : 4 cst)</entry>
                <entry align="center">10</entry>
              </row>
              <row>
                <entry align="center">d</entry>
                <entry align="left">Polyéthylène glycol (8 OE)</entry>
                <entry align="center">8</entry>
              </row>
              <row>
                <entry align="left" namest="2">Butylène-1,3-glycol</entry>
                <entry align="center" namest="3">8</entry>
              </row>
              <row>
                <entry align="left" namest="2">5-[2-(4-hydroxyphényl)vinyl]benzène-1,3-diol</entry>
                <entry align="center" namest="3">0,2</entry>
              </row>
              <row>
                <entry align="center">e</entry>
                <entry align="left">Eau déminéralisée stérilisée</entry>
                <entry align="center">5</entry>
              </row>
              <row>
                <entry align="left" namest="2">Imidazolidinyl urée</entry>
                <entry align="center" namest="3">0,3</entry>
              </row>
              <row>
                <entry align="left" namest="2">Acide polyacrylamidométhyl propane sulfonique neutralisé partiellement à l'ammoniaque et hautement réticulé</entry>
                <entry align="center" namest="3">0,5</entry>
              </row>
            </tbody>
          </tgroup>
        </table>
      </tables>
    </p>
    <heading>
      <b>Emulsion E<sub>6</sub> (E/H)</b>
    </heading>
    <p num="0066">
      <tables>
        <table>
          <tgroup cols="3">
            <tbody>
              <row>
                <entry align="center">Phase</entry>
                <entry align="center">Nom chimique</entry>
                <entry align="center">Quantité (%)</entry>
              </row>
              <row>
                <entry align="center">a</entry>
                <entry align="left">Polyméthylcétyldiméthylméthylsiloxane oxyéthyléné (20/75-5-viscosité 3000 cst)</entry>
                <entry align="center">1,5</entry>
              </row>
              <row>
                <entry align="left" namest="2">Isostéarate polyglycérole (4 moles)</entry>
                <entry align="center" namest="3">0,5</entry>
              </row>
              <row>
                <entry align="left" namest="2">Isohexadécane</entry>
                <entry align="center" namest="3">5</entry>
              </row>
              <row>
                <entry align="left" namest="2">Octyl-2-dodécanol</entry>
                <entry align="center" namest="3">8</entry>
              </row>
              <row>
                <entry align="left" namest="2">Mélange de stéarate d'éthylène glycol acétyle, tristéarate de glycéryle</entry>
                <entry align="center" namest="3">1</entry>
              </row>
              <row>
                <entry align="left" namest="2">P-hydroxybenzoate de propyle</entry>
                <entry align="center" namest="3">0,15</entry>
              </row>
              <row>
                <entry align="right"/>
                <entry align="left">Huile d'amandes d'abricot désodorisée (triglycérides d'acides oléique-linoléique 66/28) raffinée non stabilisée</entry>
                <entry align="center">5</entry>
              </row>
              <row>
                <entry align="center">b</entry>
                <entry align="left">Eau déminéralisée stérilisée</entry>
                <entry align="center">67,4</entry>
              </row>
              <row>
                <entry align="left" namest="2">P-hydroxybenzoate de méthyle</entry>
                <entry align="center" namest="3">0,25</entry>
              </row>
              <row>
                <entry align="left" namest="2">Sulfate de magnésium,7 H<sub>2</sub>O</entry>
                <entry align="center" namest="3">0,7</entry>
              </row>
              <row>
                <entry align="left" namest="2">Sel disodique de l'acide éthylène diamine tétraacétique,2 H<sub>2</sub>O</entry>
                <entry align="center" namest="3">0,1</entry>
              </row>
              <row>
                <entry align="center">c</entry>
                <entry align="left">Eau déminéralisée stérilisée</entry>
                <entry align="center">5</entry>
              </row>
              <row>
                <entry align="left" namest="2">Imidazolidinyl urée</entry>
                <entry align="center" namest="3">0,3</entry>
              </row>
              <row>
                <entry align="center">d</entry>
                <entry align="left">Polyéthylène glycol (8 OE)</entry>
                <entry align="center">5</entry>
              </row>
              <row>
                <entry align="left" namest="2">5-[2-(4-hydroxyphényl)vinyl]benzène-1,3-diol</entry>
                <entry align="center" namest="3">0,1</entry>
              </row>
            </tbody>
          </tgroup>
        </table>
      </tables>
    </p>
    <heading>
      <b>Emulsion E<sub>7</sub> (E/H)</b>
    </heading>
    <p num="0067">
      <tables>
        <table>
          <tgroup cols="3">
            <tbody>
              <row>
                <entry align="center">Phase</entry>
                <entry align="center">Nom chimique</entry>
                <entry align="center">Quantité (%)</entry>
              </row>
              <row>
                <entry align="center">a</entry>
                <entry align="left">Polyméthylcétyldiméthylméthylsiloxane oxyéthyléné (20/75-5-viscosité 3000 cst)</entry>
                <entry align="center">1,5</entry>
              </row>
              <row>
                <entry align="left" namest="2">Isostéarate polyglycérole (4 moles)</entry>
                <entry align="center" namest="3">0,5</entry>
              </row>
              <row>
                <entry align="left" namest="2">Isohexadécane</entry>
                <entry align="center" namest="3">5</entry>
              </row>
              <row>
                <entry align="left" namest="2">Octyl-2-dodécanol</entry>
                <entry align="center" namest="3">8</entry>
              </row>
              <row>
                <entry align="left" namest="2">Mélange de stéarate d'éthylène glycol acétyle, tristéarate de glycéryle</entry>
                <entry align="center" namest="3">1</entry>
              </row>
              <row>
                <entry align="left" namest="2">P-hydroxybenzoate de propyle</entry>
                <entry align="center" namest="3">0,15</entry>
              </row>
              <row>
                <entry align="right"/>
                <entry align="left">Huile d'amandes d'abricot désodorisée (triglycérides d'acides oléique-linoléique 66/28) raffinée non stabilisée</entry>
                <entry align="center">5</entry>
              </row>
              <row>
                <entry align="center">b</entry>
                <entry align="left">Eau déminéralisée stérilisée</entry>
                <entry align="center">56,3</entry>
              </row>
              <row>
                <entry align="left" namest="2">P-hydroxybenzoate de méthyle</entry>
                <entry align="center" namest="3">0,25</entry>
              </row>
              <row>
                <entry align="left" namest="2">Sulfate de magnésium,7 H<sub>2</sub>O</entry>
                <entry align="center" namest="3">0,7</entry>
              </row>
              <row>
                <entry align="left" namest="2">Sel disodique de l'acide éthylène diamine tétraacétique,2 H<sub>2</sub>O</entry>
                <entry align="center" namest="3">0,1</entry>
              </row>
              <row>
                <entry align="center">c</entry>
                <entry align="left">Eau déminéralisée stérilisée</entry>
                <entry align="center">5</entry>
              </row>
              <row>
                <entry align="left" namest="2">Imidazolidinyl urée</entry>
                <entry align="center" namest="3">0,3</entry>
              </row>
              <row>
                <entry align="center">d</entry>
                <entry align="left">Polyéthylène glycol (8 OE)</entry>
                <entry align="center">8</entry>
              </row>
              <row>
                <entry align="left" namest="2">Butylène-1,3-glycol</entry>
                <entry align="center" namest="3">8</entry>
              </row>
              <row>
                <entry align="right"/>
                <entry align="left">5-[2-(4-hydroxyphényl)vinyl]benzène-1,3-diol</entry>
                <entry align="center">0,2</entry>
              </row>
            </tbody>
          </tgroup>
        </table>
      </tables>
    </p>
    <heading>
      <b>Emulsion E<sub>8</sub> (base oléosome)</b>
    </heading>
    <p num="0068">
      <tables>
        <table>
          <tgroup cols="3">
            <tbody>
              <row>
                <entry align="center">Phase</entry>
                <entry align="center">Nom chimique</entry>
                <entry align="center">Quantité (%)</entry>
              </row>
              <row>
                <entry align="center">a</entry>
                <entry align="left">Distéarate polyglycérole (2 moles)</entry>
                <entry align="center">2</entry>
              </row>
              <row>
                <entry align="left" namest="2">Monostéarate de polyéthylène glycol (8 OE)</entry>
                <entry align="center" namest="3">1,35</entry>
              </row>
              <row>
                <entry align="left" namest="2">Acide stéarique (triple pression) (C<sub>16</sub>-C<sub>18</sub> : 50/50)</entry>
                <entry align="center" namest="3">1</entry>
              </row>
              <row>
                <entry align="left" namest="2">Stéarate d'isocétyle</entry>
                <entry align="center" namest="3">7</entry>
              </row>
              <row>
                <entry align="left" namest="2">Perhydrosqualène végétal raffiné</entry>
                <entry align="center" namest="3">13</entry>
              </row>
              <row>
                <entry align="left" namest="2">Di-tertio-butyl hydroxy-4-toluène</entry>
                <entry align="center" namest="3">0,07</entry>
              </row>
              <row>
                <entry align="center">b<sub>1</sub></entry>
                <entry align="left">Polyéthylène glycol (8 OE)</entry>
                <entry align="center">5</entry>
              </row>
              <row>
                <entry align="left" namest="2">5-[2-(4-hydroxyphényl)vinyl]benzène-1,3-diol</entry>
                <entry align="center" namest="3">0,1</entry>
              </row>
              <row>
                <entry align="center">b<sub>2</sub></entry>
                <entry align="left">Eau déminéralisée stérilisée</entry>
                <entry align="center">48,68</entry>
              </row>
              <row>
                <entry align="left" namest="2">Tri-éthanolamine à 99%</entry>
                <entry align="center" namest="3">0,25</entry>
              </row>
              <row>
                <entry align="left" namest="2">Phénoxy-2 éthanol</entry>
                <entry align="center" namest="3">1</entry>
              </row>
              <row>
                <entry align="left" namest="2">Chlorphénésine</entry>
                <entry align="center" namest="3">0,25</entry>
              </row>
              <row>
                <entry align="left" namest="2">Alcool phényléthylique</entry>
                <entry align="center" namest="3">0,25</entry>
              </row>
              <row>
                <entry align="left" namest="2">Sel pentasodique de l'acide éthylène diamine tétraméthylène phosphonique dans l'eau à 33% non stabilisée</entry>
                <entry align="center" namest="3">0,05</entry>
              </row>
              <row>
                <entry align="center">c</entry>
                <entry align="left">Eau déminéralisée stérilisée</entry>
                <entry align="center">19</entry>
              </row>
              <row>
                <entry align="left" namest="2">Acide polyacrylamidométhyl propane sulfonique neutralisé partiellement à l'ammoniaque et hautement réticulé</entry>
                <entry align="center" namest="3">1</entry>
              </row>
            </tbody>
          </tgroup>
        </table>
      </tables>
    </p>
    <heading>
      <b>Emulsion E<sub>9</sub> (base oléosome)</b>
    </heading>
    <p num="0069">
      <tables>
        <table>
          <tgroup cols="3">
            <tbody>
              <row>
                <entry align="center">Phase</entry>
                <entry align="center">Nom chimique</entry>
                <entry align="center">Quantité (%)</entry>
              </row>
              <row>
                <entry align="center">a</entry>
                <entry align="left">Distéarate polyglycérole (2 moles)</entry>
                <entry align="center">2</entry>
              </row>
              <row>
                <entry align="left" namest="2">Monostéarate de polyéthylène glycol (8 OE)</entry>
                <entry align="center" namest="3">1,35</entry>
              </row>
              <row>
                <entry align="left" namest="2">Acide stéarique (triple pression) (C<sub>16</sub>-C<sub>18</sub> :50/50)</entry>
                <entry align="center" namest="3">1</entry>
              </row>
              <row>
                <entry align="left" namest="2">Stéarate d'iso-cétyle</entry>
                <entry align="center" namest="3">7</entry>
              </row>
              <row>
                <entry align="left" namest="2">Perhydrosqualène végétal raffiné</entry>
                <entry align="center" namest="3">13</entry>
              </row>
              <row>
                <entry align="left" namest="2">Di-tertio-butyl hydroxy-4 toluène</entry>
                <entry align="center" namest="3">0,07</entry>
              </row>
              <row>
                <entry align="center">b</entry>
                <entry align="left">Eau déminéralisée stérilisée</entry>
                <entry align="center">37,58</entry>
              </row>
              <row>
                <entry align="left" namest="2">Triéthanolamine à 99%</entry>
                <entry align="center" namest="3">0,25</entry>
              </row>
              <row>
                <entry align="left" namest="2">Phénoxy-2-éthanol</entry>
                <entry align="center" namest="3">1</entry>
              </row>
              <row>
                <entry align="left" namest="2">Chlorphénésine</entry>
                <entry align="center" namest="3">0,25</entry>
              </row>
              <row>
                <entry align="left" namest="2">Alcool phényléthylique</entry>
                <entry align="center" namest="3">0,25</entry>
              </row>
              <row>
                <entry align="left" namest="2">Sel pentasodique de l'acide éthylène diamine tétraméthylène phosphonique dans l'eau à 33% non stabilisée</entry>
                <entry align="center" namest="3">0,05</entry>
              </row>
              <row>
                <entry align="center">c</entry>
                <entry align="left">Eau déminéralisée stérilisée</entry>
                <entry align="center">19</entry>
              </row>
              <row>
                <entry align="left" namest="2">Acide polyacrylamidométhyl propane sulfonique neutralisé partiellement à l'ammoniaque et hautement réticulé</entry>
                <entry align="center" namest="3">1</entry>
              </row>
              <row>
                <entry align="center">d</entry>
                <entry align="left">Polyéthylène glycol (8 OE)</entry>
                <entry align="center">8</entry>
              </row>
              <row>
                <entry align="left" namest="2">Butylène-1,3-glycol</entry>
                <entry align="center" namest="3">8</entry>
              </row>
              <row>
                <entry align="left" namest="2">5-[2-(4-hydroxyphényl)vinyl]benzène-1,3-diol</entry>
                <entry align="center" namest="3">0,2</entry>
              </row>
            </tbody>
          </tgroup>
        </table>
      </tables>
    </p>
    <heading>
      <b>Exemple 1 : Solubilisation en émulsion H/E</b>
    </heading>
    <p num="0070">On a ajouté aux émulsions E<sub>1</sub> à E<sub>5</sub> du resvératrol sous la forme et
dans les quantités indiquées au tableau 10.</p>
    <p num="0071">La stabilité physico-chimique des émulsions obtenues est vérifiée par
un contrôle macroscopique et microcospique, au bout de 24 heures et au-delà.</p>
    <p num="0072">Le comportement du resvératrol lors de la solubilisation dans les
émulsions E<sub>1</sub> à E<sub>5</sub>, ainsi que l'évolution dans le temps, sont reportés dans le
tableau 10 ci-après.
<tables><table><tgroup cols="4"><tbody><row><entry align="center" namest="1">Emulsions H/E</entry><entry nameend="4" align="center" namest="2">Stabilité physico-chimique</entry></row><row><entry align="center"/><entry align="center">24 heures</entry><entry align="center">1 mois</entry><entry align="center">2 mois</entry></row><row><entry align="center">E<sub>1</sub> + 0,1% de resvératrol pur [polyols]/[resvératrol]=100/1</entry><entry align="center">cristaux visibles au microscope</entry><entry align="center">-</entry><entry align="center">-</entry></row><row><entry align="center">E<sub>2</sub> + 0,2% de resvératrol à 52,5% de matière active [polyols]/[resvératrol]=150/1</entry><entry align="center">-</entry><entry align="center">-</entry><entry align="center">pas de cristaux à 4°C ni à 25°C</entry></row><row><entry align="center">E<sub>3</sub> + 0,2% de resvératrol à 52,5% de matière active [polyols]/[resvératrol]=150/1</entry><entry align="center">-</entry><entry align="center">cristaux à 4°C</entry><entry align="center">-</entry></row><row><entry align="center">E<sub>4</sub> + 0,2% de resvératrol à 52,5% de matière active [polyols]/[resvératrol]=180/1</entry><entry align="center">-</entry><entry align="center">-</entry><entry align="center">pas de cristaux à 25°C</entry></row><row><entry align="center">E<sub>5</sub> + 0,2% de resvératrol à 52,5% de matière active [polyols]/[resvératrol]=160/1</entry><entry align="center">-</entry><entry align="center">-</entry><entry align="center">pas de cristaux à 25°C</entry></row></tbody></tgroup></table></tables></p>
    <p num="0073">Le tableau 10 montre que les polyols permettent une bonne
solubilisation du resvératrol dans les émulsions H/E, lorsque le rapport
pondéral des polyols au resvératrol est d'au moins 150/1. </p>
    <p num="0074">La présence d'éthanol, associé aux polyols dans la composition,
améliore encore la solubilisation.</p>
    <heading>
      <b>Exemple 2 : Solubilisation en émulsion E/H</b>
    </heading>
    <p num="0075">On a ajouté aux émulsions E<sub>6</sub> et E<sub>7</sub> du resvératrol sous la forme et
dans les quantités indiquées au tableau 11.</p>
    <p num="0076">La stabilité physico-chimique des émulsions obtenues est, comme à
l'exemple 1, vérifiée par un contrôle macroscopique et microcospique, au
bout de 24 heures et au-delà.</p>
    <p num="0077">Le comportement du resvératrol lors de la solubilisation dans les
émulsions E<sub>6</sub> et E<sub>7</sub>, ainsi que l'évolution dans le temps, sont reportés dans le
tableau 11 ci-après.
<tables><table><tgroup cols="3"><tbody><row><entry align="center" namest="1">Emulsions E/H</entry><entry nameend="3" align="center" namest="2">Stabilité physico-chimique</entry></row><row><entry align="center"/><entry align="center">24 heures</entry><entry align="center">2 mois</entry></row><row><entry align="center">E<sub>6</sub> + 0,1% de resvératrol pur [polyols]/[resvératrol]=50/1</entry><entry align="center">cristaux à température ambiante</entry><entry align="center">-</entry></row><row><entry align="center">E<sub>7</sub> + 0,2% de resvératrol à 52,5% de matière active [polyols]/[resvératrol]=160/1</entry><entry align="center">-</entry><entry align="center">pas de cristaux à 25°C</entry></row></tbody></tgroup></table></tables></p>
    <p num="0078">Le tableau 11 montre que les polyols permettent une bonne
solubilisation du resvératrol dans des émulsions E/H lorsque le rapport
pondéral est polyol au resvératrol est d'au moins 150/1. </p>
    <heading>
      <b>Exemple 3 : Solubilisation dans une base oléosome</b>
    </heading>
    <p num="0079">On a ajouté aux émulsions E<sub>8</sub> et E<sub>9</sub> du resvératrol sous la forme et
dans les quantités indiquées au tableau 12.</p>
    <p num="0080">La stabilité physico-chimique des émulsions obtenues est, comme aux
exemples 1 et 2, vérifiée par un contrôle macroscopique et microcospique,
au bout de 24 heures et au-delà.</p>
    <p num="0081">Le comportement du resvératrol lors de la solubilisation dans les
émulsions E<sub>8</sub> et E<sub>9</sub>, ainsi que l'évolution dans le temps, sont reportés dans le
tableau 12 ci-après :
<tables><table><tgroup cols="3"><tbody><row><entry align="center" namest="1">Base oléosome</entry><entry nameend="3" align="center" namest="2">Stabilité physico-chimique</entry></row><row><entry align="center"/><entry align="center">1 mois</entry><entry align="center">2 mois</entry></row><row><entry align="center">E<sub>8</sub> + 0,1% de resvératrol pur [polyols]/[resvératrol]=50/1</entry><entry align="center">cristaux à 25°C</entry><entry align="center">-</entry></row><row><entry align="center">E<sub>9</sub> + 0,2% de resvératrol à 52,5% de matière active [polyols]/[resvératrol]=160/1</entry><entry align="center">-</entry><entry align="center">pas de cristaux à 25°C</entry></row></tbody></tgroup></table></tables></p>
    <p num="0082">Le tableau 12 montre que les polyols permettent une bonne
solubilisation du resvératrol dans des bases oléosomes lorsque le rapport
pondéral des polyols au resvératrol est d'au moins 150/1.</p>
  </description>
  <claims load-source="ep" status="new" lang="FR">
    <claim num="1">
      <claim-text>Composition adaptée à une application topique sur la peau comprenant,
dans un milieu physiologiquement acceptable, au moins un hydroxystilbène
et au moins un polyol, dans un rapport pondéral du polyol à l'hydroxystilbène
d'au moins 150/1.</claim-text>
    </claim>
    <claim num="2">
      <claim-text>Composition selon la revendication 1, caractérisée en ce que
l'hydroxystilbène est choisi parmi :
<claim-text><claim-text>le 4'-hydroxystilbène,</claim-text><claim-text>le 2',4'-dihydroxystilbène,</claim-text><claim-text>le 3',4'-dihydroxystilbène,</claim-text><claim-text>le 4,4'-dihydroxystilbène,</claim-text><claim-text>le 2',4',4-trihydroxystilbène,</claim-text><claim-text>le 3',4',4-trihydroxystilbène,</claim-text><claim-text>le 2,4,4'-trihydroxystilbène,</claim-text><claim-text>le 3,4,4'-trihydroxystilbène,</claim-text><claim-text>le 3,4',5-trihydroxystilbène,</claim-text><claim-text>le 2',3,4-trihydroxystilbène,</claim-text><claim-text>le 2,3',4-trihydroxystilbène,</claim-text><claim-text>le 2',2,4'-trihydroxystilbène,</claim-text><claim-text>le 2,4,4',5-tétrahydroxystilbène,</claim-text><claim-text>le 2',3,4',5-tétrahydroxystilbène,</claim-text><claim-text>le 2,2',4,4'-tétrahydroxystilbène,</claim-text><claim-text>le 3,3',4',5-tétrahydroxystilbène,</claim-text><claim-text>le 2,3',4,4'-tétrahydroxystilbène,</claim-text><claim-text>le 3,3',4,4'-tétrahydroxystilbène,</claim-text><claim-text>le 3,3',4',5,5'-pentahydroxystilbène,</claim-text><claim-text>le 2,2',4,4',6-pentahydroxystilbène,</claim-text><claim-text>le 2,3',4,4',6-pentahydroxystilbène, et</claim-text><claim-text>le 2,2',4,4',6,6'-hexahydroxystilbène.</claim-text></claim-text></claim-text>
    </claim>
    <claim num="3">
      <claim-text>Composition selon la revendication 1 ou 2, caractérisée en ce que
l'hydroxystilbène est le 3,4',5 trihydroxystilbène.</claim-text>
    </claim>
    <claim num="4">
      <claim-text>Composition selon l'une quelconque des revendications précédentes
caractérisée en ce que l'hydroxystilbène est présent en une quantité allant
de 0,001% à 10% en poids, et de préférence de 0,005% à 0,5% en poids par
rapport au poids total de la composition.</claim-text>
    </claim>
    <claim num="5">
      <claim-text>Composition selon l'une quelconque des revendications précédentes,
caractérisée en ce que les polyols sont choisis parmi la glycérine, les glycols,
les polyéthylènes glycols et leurs mélanges.</claim-text>
    </claim>
    <claim num="6">
      <claim-text>Composition selon la revendication 5, caractérisée en ce que les polyols
sont choisis parmi le polyéthylène glycol, le butylène-1,3-glycol et le 5-[2-(4-hydroxyphényl)vinyl]benzène-1,3-diol.</claim-text>
    </claim>
    <claim num="7">
      <claim-text>Composition selon l'une quelconque des revendications précédentes,
caractérisée en ce qu'elle comprend en outre un alcanol en C1-C6, de
préférence l'éthanol.</claim-text>
    </claim>
    <claim num="8">
      <claim-text>Composition selon la revendication 7, caractérisée en ce que l'alcanol
représente jusqu'à 10% en poids, de préférence jusqu'à 5% en poids du
poids total de la composition.</claim-text>
    </claim>
    <claim num="9">
      <claim-text>Composition selon l'une quelconque des revendications précédentes,
caractérisée en ce qu'elle est constituée par une émulsion du type huile-dans-eau
(H/E) ou eau-dans-huile (E/H), une nanoémulsion, une
microémulsion, un gel aqueux, un gel anhydre, une solution, ou par une
émulsion multiple.</claim-text>
    </claim>
    <claim num="10">
      <claim-text>Composition selon l'une quelconque des revendications 1 à 8,
caractérisée en ce qu'elle est constituée par une émulsion du type huile-dans-eau
formée de globules huileux pourvus d'un enrobage cristal liquide
lamellaire dispersés dans une phase aqueuse.</claim-text>
    </claim>
    <claim num="11">
      <claim-text>Composition selon la revendication 10, caractérisée en ce que les
globules huileux ont un diamètre moyen inférieur à 500 nanomètres, et de
préférence inférieur à 300 nanomètres.</claim-text>
    </claim>
    <claim num="12">
      <claim-text>Composition selon la revendication 10 ou 11, caractérisée en ce que
l'enrobage cristal liquide lamellaire est une couche monolamellaire ou
oligolamellaire obtenue à partir d'au moins un agent tensioactif lipophile,
d'au moins un agent tensioactif hydrophile et d'au moins un acide gras.</claim-text>
    </claim>
    <claim num="13">
      <claim-text>Composition selon l'une quelconque des revendications 10 à 12,
caractérisée en ce que la phase aqueuse contient à l'état dissous
l'hydroxystilbène et le polyol.</claim-text>
    </claim>
    <claim num="14">
      <claim-text>Composition selon l'une quelconque des revendications précédentes,
caractérisée en ce qu'elle comprend une phase huileuse à base d'huile
animale, végétale, minérale, siliconée, fluorée et/ou synthétique.</claim-text>
    </claim>
    <claim num="15">
      <claim-text>Composition selon la revendication 14, caractérisée en ce que la phase
huileuse comprend également au moins un alcool gras ou au moins un acide
gras, et au moins un tensioactif.</claim-text>
    </claim>
    <claim num="16">
      <claim-text>Composition selon l'une quelconque des revendications précédentes,
caractérisée en ce qu'elle comprend au moins un adjuvant choisi parmi les
conservateurs, les parfums, les charges, les filtres UV, les actifs de soin de
la peau, en particulier les composés anti-irritants et/ou les rétinoides et/ou
les (alpha) hydroxy-acides.</claim-text>
    </claim>
    <claim num="17">
      <claim-text>Procédé de préparation d'une composition telle que définie selon l'une
quelconque des revendications 1 à 16, caractérisé en ce qu'il comprend une
étape consistant à mélanger au moins un hydroxystilbène à au moins un
polyol, dans un rapport pondéral du polyol à l'hydroxystilbène d'au moins
150/1.</claim-text>
    </claim>
    <claim num="18">
      <claim-text>Procédé selon la revendication 17, caractérisé en ce que, dans le cas
d'une composition constituée d'une émulsion de type huile-dans-eau telle
que définie selon la revendication 10, il comprend les deux étapes suivantes:
<claim-text><claim-text>une première étape de mélange sous agitation de la phase huileuse
comprenant le tensioactif lipophile, le tensioactif hydrophile et l'acide gras,
avec la phase aqueuse comprenant l'agent basique, le polyol et
l'hydroxystilbène, et</claim-text><claim-text>une deuxième étape d'homogénéisation du mélange obtenu au cours de la
première étape.</claim-text></claim-text></claim-text>
    </claim>
    <claim num="19">
      <claim-text>Procédé selon la revendication 18, caractérisé en ce que
l'homogénéisation est obtenue soit à l'aide de hautes pressions comprises
entre 200 et 1000 bars, soit à l'aide d'ultrasons, soit à l'aide
d'homogénéisateurs équipés d'une tête de rotor-stator.</claim-text>
    </claim>
    <claim num="20">
      <claim-text>Utilisation de la composition telle que définie selon les revendications 1 à
16 pour la fabrication de produits de soin et/ou de maquillage et/ou
capillaires.</claim-text>
    </claim>
    <claim num="21">
      <claim-text>Utilisation cosmétique de la composition telle que définie selon les
revendications 1 à 16 pour prévenir ou traiter les signes du vieillissement
cutané.</claim-text>
    </claim>
  </claims>
  <copyright>User acknowledges that the Information Retrieval Facility (IRF) and its third party providers retain all right, title and interest in and to this xml under applicable copyright laws. User acquires no ownership rights to this xml including but not limited to its format. User hereby accepts the terms and conditions of the Licence Agreement set forth at http://www.ir-facility.org/legal/marec/data_licence</copyright>
</patent-document>
