<?xml version="1.0" encoding="utf-8"?>
<!DOCTYPE patent-document PUBLIC "-//MXW//DTD patent-document XML//EN" "http://www.ir-facility.org/dtds/patents/v1.4/patent-document.dtd">
<patent-document ucid="EP-1239266-A2" country="EP" doc-number="1239266" kind="A2" lang="DE" family-id="7677052" status="new" date-produced="20090516" date="20020911">
  <bibliographic-data>
    <publication-reference ucid="EP-1239266-A2" status="new" fvid="23536104">
      <document-id status="new" format="original">
        <country>EP</country>
        <doc-number>1239266</doc-number>
        <kind>A2</kind>
        <date>20020911</date>
      </document-id>
    </publication-reference>
    <application-reference ucid="EP-02001288-A" status="new" is-representative="NO">
      <document-id status="new" format="epo">
        <country>EP</country>
        <doc-number>02001288</doc-number>
        <kind>A</kind>
        <date>20020118</date>
      </document-id>
    </application-reference>
    <priority-claims status="new">
      <priority-claim ucid="DE-10111657-A" status="new">
        <document-id status="new" format="epo">
          <country>DE</country>
          <doc-number>10111657</doc-number>
          <kind>A</kind>
          <date>20010309</date>
        </document-id>
      </priority-claim>
    </priority-claims>
    <technical-data status="new">
      <classifications-ipcr>
        <classification-ipcr status="new">G01D  11/24        20060101A I20051008RMEP        </classification-ipcr>
        <classification-ipcr status="new">G01D  11/24        20060101C I20051008RMEP        </classification-ipcr>
      </classifications-ipcr>
      <classification-ecla status="new">
        <classification-symbol scheme="EC">G01D  11/24S</classification-symbol>
      </classification-ecla>
      <invention-title load-source="ep" status="new" lang="DE">Verfahren zur Herstellung eines Gehäuses für Sensorelemente, sowie Sensor, und dessen Verwendung</invention-title>
      <invention-title load-source="ep" status="new" lang="EN">Process for manufacturing a sensorhousing, sensor and the use thereof</invention-title>
      <invention-title load-source="ep" status="new" lang="FR">Procédé de fabrication d'un boitier pour capteur, capteur et son utilisation</invention-title>
    </technical-data>
    <parties>
      <applicants>
        <applicant status="new" format="epo">
          <addressbook>
            <name>HERAEUS ELECTRO NITE INT</name>
            <address>
              <country>BE</country>
            </address>
          </addressbook>
        </applicant>
        <applicant status="new" format="intermediate">
          <addressbook>
            <name>HERAEUS ELECTRO-NITE INTERNATIONAL N.V.</name>
          </addressbook>
        </applicant>
        <applicant status="new" format="original">
          <addressbook>
            <last-name>Heraeus Electro-Nite International N.V.</last-name>
            <address>
              <street>Centrum Zuid 1105</street>
              <city>3530 Houthalen</city>
              <country>BE</country>
            </address>
          </addressbook>
        </applicant>
      </applicants>
      <inventors>
        <inventor status="new" format="epo">
          <addressbook>
            <name>DAMASCHKE GERHARD</name>
            <address>
              <country>DE</country>
            </address>
          </addressbook>
        </inventor>
        <inventor status="new" format="intermediate">
          <addressbook>
            <name>DAMASCHKE, GERHARD</name>
          </addressbook>
        </inventor>
        <inventor status="new" format="original">
          <addressbook>
            <last-name>DAMASCHKE, GERHARD</last-name>
            <address>
              <street>Lahnstrasse 32</street>
              <city>65439 Flörsheim</city>
              <country>DE</country>
            </address>
          </addressbook>
        </inventor>
      </inventors>
      <agents>
        <agent status="new" format="original">
          <addressbook>
            <last-name>Kühn, Hans-Christian</last-name>
            <address>
              <street>Heraeus Holding GmbH, Schutzrechte, Heraeusstrasse 12-14</street>
              <city>63450 Hanau</city>
              <country>DE</country>
            </address>
          </addressbook>
        </agent>
      </agents>
    </parties>
    <international-convention-data>
      <designated-states>
        <ep-contracting-states>
          <country>DE</country>
          <country>FR</country>
          <country>IT</country>
        </ep-contracting-states>
      </designated-states>
    </international-convention-data>
  </bibliographic-data>
  <abstract load-source="ep" status="new" lang="DE">
    <p>Zur Herstellung eines Gehäuses für Sensorelemente, insbesondere Temperatur-Sensorelemente,
wird in der Umgebung des Sensorelements (2) ein nachgiebiger Werkstoff im
Spritzguss-Verfahren eingebracht, wobei in einem ersten Verfahrensschritt das Sensorelement
von einer weichen Kunststoffkomponente (1) umspritzt wird und in einem zweiten Verfahrensschritt
darauf eine harte Kunststoffkomponente (5) aufgebracht wird, die das äußere Gehäuse
für das Sensorelement (2) bildet; das Sensorelement (2) ist mit wenigstens zwei Anschluss-Leitern
(11) versehen, die wenigstens teilweise von der weichen Kunststoffkomponente (1) umspritzt
sind.</p>
    <p>Ein nach dem Verfahren hergestellter Sensor, insbesondere Temperatur-Sensor, ist mit einem
Messwiderstand als Sensorelement (2) aus einem Substrat mit elektrisch isolierender Oberfläche
und darauf befindlicher Widerstandsschicht versehen, wobei der Messwiderstand von der
weichen Kunststoffkomponente (1) umhüllt ist, die ihrerseits in einer als Gehäuse dienenden
Kunststoffkomponente als Umspritzung aus einem harten Material angeordnet ist.
<img id="img-00000001" orientation="unknown" wi="163" img-format="tif" img-content="ad" file="00000001.tif" inline="no" he="52"/></p>
  </abstract>
  <abstract load-source="docdb" source="EPO" status="new" lang="EN">
    <p>The housing is manufactured using a two component injection molding process, with a soft plastic component injected in a first process step so that it surrounds the sensor and a hard outer casing molded around the inner soft component in the second process step. The invention relates particularly to a temperature sensor with a sensor element comprising a resistance layer deposited on an isolating substrate. The sensor element has connection wires (11). An Independent claim is also included for a sensor with a sensor element (2) surrounded by a soft plastic injected molded component (1) and outer hard plastic injection molded casing (5).</p>
  </abstract>
  <description load-source="ep" status="new" lang="DE">
    <p num="0001">Die Erfindung betrifft ein Verfahren zur Herstellung eines Gehäuses für Sensorelemente mit
wenigstens einem Kunststoff aufweisenden äußeren Gehäuseteil, sowie einen Sensor und dessen
Verwendung als Temperatur-Sensor.</p>
    <p num="0002">Im folgenden werden Kunststoffkomponenten mit nachgiebigen bzw. gummiartigen Eigenschaften
― wie z. B. thermoplastische Elastomere oder Elaste bzw. TPE ― als weiche Kunststoffkomponenten
bezeichnet, während Kunststoffkomponenten, die nach ihrer Herstellung
praktisch keine Verformbarkeit mehr aufweisen ― wie z. B. Polyamid oder PPS ― als harte gegebenenfalls
auch als härtbare Kunststoffkomponenten oder als hartes Material einer Kunststoffumspritzung
beschrieben werden.</p>
    <p num="0003">Aus der DE 197 57 006 A1 ist ein Verfahren zur Herstellung von Messwertaufnehmern mit einem
Sensorelement und einem Kunststoff aufweisenden Gehäuse bekannt,, wobei ein sogenanntes
"Molded Interconnected Device (MID)"-Herstellungsverfahren angewendet wird. Dabei
wird in einem ersten Verfahrensschritt des "Molded Interconnected Device (MID)"-Herstellungsverfahrens
zunächst ein mit Palladium gefülltes Trägerteil spritzgegossen. In einem
zweiten Verfahrensschritt werden die Bereiche des Trägerteils, an denen keine elektrisch leitenden
Verbindungen entstehen sollen, mit einer Kunststoff-Schutzschicht bespritzt. In einem
dritten Verfahrensschritt werden sodann die elektrischen Verbindungsleitungen galvanisch auf
die nicht umspritzte Oberfläche des Trägerteils aufgebracht, wodurch sich die Leiterbahnen
herausbilden. In einem vierten Verfahrensschritt wird das Sensorelement und die zugehörige
Messschaltung angebracht. Die somit montierten Bauelemente können im Bereich des Sensorelements
noch mit einem Kunststoff- oder Keramikdeckel abgedeckt, verklebt oder warmverstemmt 
werden. Anschließend wird in einem fünften und letzten Verfahrensschritt die gesamte
Anordnung mit Kunststoff umspritzt.</p>
    <p num="0004">Es handelt sich dabei um ein verhältnismäßig aufwendiges Herstellungsverfahren.</p>
    <p num="0005">Weiterhin ist aus der EP 0 539 555 B1 eine Gehäusebildung um eine Funktionseinrichtung herum
bekannt, wobei als Funktionseinrichtung beispielsweise ein Halbleiterelement, ein auf einem
Halbleiter basierendes Element, ein Sensorelement, ein Mikrostellglied oder eine elektronische
Schaltung bestehend aus einer oder mehreren integrierten Schaltungen in Frage kommt; das
Gehäuse bildet mindestens einen verschlossenen Hohlraum, der die Funktionseinrichtung entweder
ganz oder teilweise umgibt, wobei Metallteile durch die Wände des Gehäuses verlaufen
und Drahtverbindungen zu der vom Gehäuse umgebenen Funktionseinrichtung bilden; der
Hohlraum ist dabei abgedichtet und mit einem elektrisch isolierenden Fluid gefüllt; das Gehäuse
ist aus einer Kunststoff-Formmasse hergestellt, wobei die Kunststoff-Formmasse ein Thermoplast
ist, und zumindest Teile der die Funktionseinrichtung umgebenden Wände nachgiebig
gestaltet sind, um Expansionskräfte aufzunehmen.</p>
    <p num="0006">Zur Gehäusebildung wird um eine solche Funktionseinrichtung das umgebende Gehäuse durch
zwei oder mehr Bestandsteile gebildet. Beim Zusammensetzen entsteht dann zumindest ein
Hohlraum.</p>
    <p num="0007">Es handelt sich hierbei um einen verhältnismäßig komplexen Aufbau, dessen Realisierung mit
verhältnismäßig hohen Kosten verbunden ist.</p>
    <p num="0008">Weiterhin ist aus der DE 196 21 000 C2 ein Temperatur-Sensor bekannt, der einen Messwiderstand
aus einem Substrat mit elektrisch isolierender Oberfläche und darauf befindlicher Widerstandsschicht
aufweist und von einer Umhüllung aus temperaturbeständigem Kunststoff sowie
einem zusätzlichen Außengehäuse aus Kunststoff umgeben ist, wodurch auch die Anschlussleiter
des Messwiderstandes geführt sind; die Umhüllung dient als Primärgehäuse, das zusammen
mit dem eingebetteten Messwiderstand in Form einer Widerstandsschicht von einer Kunststoff-Umspritzung
als Außengehäuse umgeben ist; dabei sind die Anschlussleiter durch die
Kunststoff-Umspritzung nach außen geführt, der Messwiderstand ist als SMD-Teil ausgebildet
und mittels der Kunststoff-Umhüllung gegenüber seiner Umgebung versiegelt. Somit sind wenigstens
zwei der Anschlussleiter zwischen dem Messwiderstand und den äußeren Anschlusskontakten
gas- und flüssigkeitsdicht durch die Kunststoff-Umhüllung und die Kunststoff-Umspritzung 
geführt, so dass der Sensor auch gegenüber der Umgebungsatmosphäre versiegelt
ist.</p>
    <p num="0009">Als problematisch erweist es sich, dass bei Erstarren der Kunststoff-Umspritzung der Messwiderstand
aufgrund von Schrumpfungsprozessen in seiner Genauigkeit beeinträchtigt werden
kann.</p>
    <p num="0010">Aufgabe der Erfindung ist es, ein Verfahren zur Direktgehäusung von Sensoren, insbesondere
von Temperatur-Sensoren auf Widerstands-Basis, anzugeben, wobei eine hohe Genauigkeit
des Sensorelements aufrecht erhalten wird; weiterhin soll ein nach dem Verfahren hergestellter
Sensor angegeben werden.</p>
    <p num="0011">Die Aufgabe wird verfahrensgemäß dadurch gelöst, dass das Gehäuse im Zwei-Komponenten-Spritzguss-Verfahren
hergestellt wird, wobei in einem ersten Verfahrensschritt das Sensorelement
von einer weichen Kunststoffkomponente umspritzt und in einem zweiten Verfahrensschritt
eine zweite Kunststoffkomponente aufgebracht wird, die als harte Kunststoff-Komponente
das äußere Gehäuse für das Sensorelement bildet.</p>
    <p num="0012">Vorteilhafte Ausgestaltungen des Verfahrens nach Anspruch 1 sind in den Ansprüchen 2 bis 4
angegeben.</p>
    <p num="0013">Als besonders vorteilhaft erweist es sich, dass aufgrund der weichen Komponente keinerlei
Schrumpfungsprozesse auf das Sensorelement- und damit auf seine Genauigkeit ― einwirken.</p>
    <p num="0014">Ein weiterer Vorteil ist darin zu sehen, dass kundenspezifische Lösungen ― beispielsweise Spezial-Stecker
― zum elektrischen Anschluss des Sensors aufgebracht werden können.</p>
    <p num="0015">In einer bevorzugten Ausgestaltung des Verfahrens wird das Sensorelement mit wenigstens
zwei Anschluss-Leitern versehen, die wenigstens teilweise von der weichen Kunststoffkomponente
umspritzt werden.</p>
    <p num="0016">Vorteilhafterweise werden die Anschlussleiter des Sensorelements zusammen mit Verbindungspunkten
für eine äußere Zuleitung von der weichen Kunststoffkomponente umspritzt. </p>
    <p num="0017">In der Praxis wird in einem ersten Verfahrensschritt das Sensorelement mit einem Elastomer
oder Elast umspritzt.</p>
    <p num="0018">Die Aufgabe wird vorrichtungsgemäß für einen Sensor, insbesondere Temperatur-Sensor, mit
einem Sensorelement, das von einem, wenigstens eine Kunststoffkomponente aufweisenden
Gehäuse umgeben ist, dadurch gelöst, dass das Sensorelement von einer weichen Kunststoffkomponente
umhüllt ist, die ihrerseits in einer als äußeres Gehäuse dienenden Kunststoffkomponente
als Umspritzung aus einem harten Material angeordnet ist.</p>
    <p num="0019">Die Aufgabe wird weiterhin für einen Sensor, insbesondere Temperatur-Sensor, mit einem
Messwiderstand als Sensorelement auf einem Substrat mit elektrisch isolierender Oberfläche
und darauf befindlicher Widerstandsschicht, wobei der Messwiderstand von einem Gehäuse
aus harter Kunststoffformmasse umgeben ist, dadurch gelöst, dass der Messwiderstand von
einer weichen Kunststoffkomponente umhüllt ist, die ihrerseits in einer als äußeres Gehäuse
dienenden Kunststoffkomponente als Umspritzung aus einem harten Material angeordnet ist.</p>
    <p num="0020">Vorteilhafte Ausgestaltungen des Sensors sind in den Ansprüchen 7 bis 9 angegeben.</p>
    <p num="0021">In einer bevorzugten Ausgestaltung des Sensors wird der Messwiderstand über wenigstens
zwei Anschluss-Leiter mit einer von außen anschließbaren Auswerteschaltung verbunden, wobei
die Anschlussleiter wenigstens teilweise von der weichen Kunststoffkomponente umhüllt
sind; dabei sind vorteilhafterweise die Anschlussleiter sowohl durch die weiche als auch durch
die härtbare Kunststoffkomponente geführt.</p>
    <p num="0022">Für kundenspezifische Einsätze ist wenigstens ein Ende eines Anschlussleiters mit einem Ende
eines Steckers mechanisch und elektrisch verbunden.</p>
    <p num="0023">Die Aufgabe wird für einen Sensor nach den Ansprüchen 5 bis 9 verwendungsgemäß dadurch
gelöst, dass er als Temperatursensor eingesetzt wird.</p>
    <p num="0024">Im folgenden ist der Gegenstand der Erfindung anhand der Figuren 1a, 1b, 2 und 3 näher erläutert.</p>
    <p num="0025">Figur 1a zeigt einen Messwiderstand als Sensorelement, das nur von einer weichen Kunststoffkomponente
umspritzt ist (gemäß 1. Verfahrensschritt). </p>
    <p num="0026">Figur 1b zeigt einen Messwiderstand als Sensorelement, auf den zusätzlich eine harte Kunststoffkomponente
aufgebracht ist, die das äußere Gehäuse für das Sensorelement bildet (gemäß
2. Verfahrensschritt).</p>
    <p num="0027">Die Zuleitung ist z. B. als zweiadriges Kabel ausgeführt, wobei die als Umhüllung des Messwiderstands
dienende weiche Kunststoffkomponente im Längsschnitt dargestellt ist, es ist aber
auch jede andere Art Anschlusskabel oder Einzeladern einsetzbar.</p>
    <p num="0028">Figur 2 zeigt eine ähnliche Ausführung wie Figur 1b, wobei hier jedoch ein zusätzliches kundenspezifisches
Steckersystem am Ende einer Zuleitung angeordnet ist.</p>
    <p num="0029">Figur 3 zeigt einen Sensor als Messwiderstand mit Anschlussleitungen, die direkt an Verbindungsstellen
mit Kontaktstiften verbunden sind.</p>
    <p num="0030">Gemäß Figur 1a und 1b erfolgt die Direktgehäusung des als Messwiderstand 2 ausgebildeten
Sensorelements in einem Zweikomponenten-Spritzgussverfahren, wobei im ersten Verfahrensschritt
(Figur 1a) eine weiche Kunststoffkomponente 1 um den Messwiderstand 2 gespritzt wird
und eine mit einer Zuleitung 4 verbundene Verbindungsstelle 3 mit Anschluss-Leitern 11 zu
Messwiderstand 2 verbunden wird. Nach Figur 1a sind somit sowohl Messwiderstand 2, Verbindungspunkt
3 als auch das Ende der Zuleitung 4 von der weichen Kunststoffkomponente 1,
die hier im Längsschnitt symbolisch durch gestrichelte Linien dargestellt ist, umspritzt. Auf diese
weiche Kunststoffkomponente 1 wird gemäß Figur 1b sodann eine äußere harte, gegebenenfalls
härtbare Komponente 5 aufgespritzt, welche für ein temperaturbeständiges ausreichend
gehärtetes Außengehäuse sorgt, so dass der Sensor auch für Temperaturen bis zu einem Bereich
von 130 bis 150 °C beständig ist.</p>
    <p num="0031">Als Werkstoff für die weiche Komponente wird vorzugsweise TPE (thermoplastisches Elastomer)
eingesetzt, während die äußere harte Komponente 5 vorzugsweise aus PA (Polyamid)
oder PPS (Polyphenylensulfid) besteht.</p>
    <p num="0032">Die in Figur 2 dargestellte Ausführungsform entspricht im wesentlichen der aus Figur 1b bekannten
Anordnung, wobei hier jedoch am Ende von Zuleitung 4 ein kundenspezifisches Steckersystem
6 aufgebracht ist, so dass der komplette Sensor als schnell austauschbares Messelement
in ein komplettes Regel- bzw. Messsystem integriert ist. So wird beispielsweise bei 
Einsatz von Temperatursensoren ein vorab geglichener Messwiderstand 2 eingesetzt, der sich
mit Hilfe des Steckersystems 6 auf einfache Art und Weise in eine kundenspezifische Auswerte-bzw.
Messeinrichtung integrieren lässt. Es ist jedoch auch möglich, einen anderen Sensor ― z.
B. einen NTC ― einzusetzen.</p>
    <p num="0033">Gemäß Figur 3 ist der als Sensorelement dienende Messwiderstand 2 von einem verhältnismäßig
kleinen Volumen der weichen Kunststoffkomponente 1 umgeben, wobei aus der Kunststoffkomponente
1 die Anschlussdrähte 11 des Messwiderstandes 2 direkt zu Verbindungspunkten
3 auf Kontaktstiften 7 führen, die als Teil eines Steckersystems 8 ausgebildet sind. die das äußere
Gehäuse des Sensorelements bildende harte Kunststoffkomponente ist mit Bezugszeichen
5 gekennzeichnet.</p>
    <p num="0034">Auch hier handelt es sich um eine kundenspezifische Ausführungsform, die in der Praxis aufgrund
des Steckersystems als Einlegeteil irgendwelche Verwechslungsmöglichkeiten praktisch
ausschließt. Aufgrund der einzelnen Bestandteile der Ausführungsform gemäß Figur 3 lässt
sich ein solcher Sensor auch beim Kunden mit spezifischen Merkmalen versehen, so dass das
Sensorelement als Teil einer kompletten mess- bzw. regelungstechnischen Anlage bzw. Auswerteeinheit
einsetzbar ist. Da der Messwiderstand 2 bereits zuvor einjustiert ist, kann hier ein
rascher Wechsel bei Sensorausfall durch den jeweiligen Anwender erfolgen, ohne dass zum
Austausch besondere Spezialkenntnisse erforderlich wären.</p>
    <p num="0035">Als besonders vorteilhaft erweist es sich, dass es möglich ist, den Sensor mit einem hohen Automatisierungsgrad
herzustellen, wobei sich durch variable Einsätze in einer Spritzgussform
Querschnitt und Länge des Sensors optimieren lassen.</p>
  </description>
  <claims load-source="ep" status="new" lang="DE">
    <claim num="1">
      <claim-text>Verfahren zur Herstellung eines Gehäuses für Sensorelemente mit wenigstens einem
Kunststoff aufweisenden äußeren Gehäuseteil, dadurch gekennzeichnet, dass das Gehäuse
im Zwei-Komponenten-Spritzguss-Verfahren hergestellt wird, wobei in einem ersten Verfahrensschritt
das Sensorelement von einer weichen Kunststoffkomponente umspritzt und in
einem zweiten Verfahrensschritt eine zweite Kunststoffkomponente aufgebracht wird, die als
harte Kunststoffkomponente das äußere Gehäuse für das Sensorelement bildet.</claim-text>
    </claim>
    <claim num="2">
      <claim-text>Verfahren nach Anspruch 1, dadurch gekennzeichnet, dass das Sensorelement zusammen
mit wenigstens zwei Anschluss-Leitern versehen ist, die wenigstens teilweise von der weichen
Kunststoffkomponente umspritzt werden.</claim-text>
    </claim>
    <claim num="3">
      <claim-text>Verfahren nach Anspruch 2, dadurch gekennzeichnet, dass die Anschlussleiter des Sensorelements
zusammen mit Verbindungspunkten für eine äußere Zuleitung von der weichen
Kunststoffkomponente umspritzt werden.</claim-text>
    </claim>
    <claim num="4">
      <claim-text>Verfahren nach einem der Ansprüche 1 bis 3, dadurch gekennzeichnet, dass im ersten
Verfahrensschritt das Sensorelement mit einem Elastomer oder Elast umspritzt wird.</claim-text>
    </claim>
    <claim num="5">
      <claim-text>Sensor mit einem Sensorelement, das von einem, wenigstens eine Kunststoffkomponente
aufweisenden Gehäuse umgeben ist, dadurch gekennzeichnet, dass das Sensorelement (2)
von einer weichen Kunststoffkomponente (1) umhüllt ist, die ihrerseits in einer als äußeres
Gehäuse dienenden Kunststoffkomponente (5) als Umspritzung aus einem harten Material
angeordnet ist.</claim-text>
    </claim>
    <claim num="6">
      <claim-text>Sensor mit einem Messwiderstand als Sensorelement aus einem Substrat mit elektrisch
isolierender Oberfläche und darauf befindlicher Widerstandsschicht, wobei der Messwiderstand
von einem Gehäuse aus harter Kunststoffformmasse umgeben ist, dadurch gekennzeichnet,
dass der Messwiderstand (2) von einer weichen Kunststoffkomponente (1) umhüllt
ist, die ihrerseits in einer als äußeres Gehäuse dienenden Kunststoffkomponente (5) als
Umspritzung aus einem harten Material angeordnet ist.</claim-text>
    </claim>
    <claim num="7">
      <claim-text>Sensor nach Anspruch 5 oder 6, dadurch gekennzeichnet, dass das Sensorelement bzw.
der Messwiderstand (2) über wenigstens zwei Anschluss-Leiter (11) mit einer von außen
anschließbaren Auswerteschaltung verbunden ist, wobei die Anschlussleiter wenigstens
teilweise von der weichen Kunststoffkomponente (1) umhüllt sind.</claim-text>
    </claim>
    <claim num="8">
      <claim-text>Sensor nach Anspruch 7, dadurch gekennzeichnet, dass die Anschluss-Leiter (11) sowohl
durch die weiche Kunststoffkomponente (1) als auch durch die harte Kunststoffkomponente
(5) geführt sind.</claim-text>
    </claim>
    <claim num="9">
      <claim-text>Sensor nach Anspruch 7 oder 8, dadurch gekennzeichnet, dass wenigstens ein Ende eines
Anschlussleiters mit einem Ende eines Steckers mechanisch und elektrisch verbunden ist.</claim-text>
    </claim>
    <claim num="10">
      <claim-text>Verwendung eines Sensors nach einem der Ansprüche 5 bis 9 als Temperatur-Sensor.</claim-text>
    </claim>
  </claims>
  <copyright>User acknowledges that the Information Retrieval Facility (IRF) and its third party providers retain all right, title and interest in and to this xml under applicable copyright laws. User acquires no ownership rights to this xml including but not limited to its format. User hereby accepts the terms and conditions of the Licence Agreement set forth at http://www.ir-facility.org/legal/marec/data_licence</copyright>
</patent-document>
