<?xml version="1.0" encoding="utf-8"?>
<!DOCTYPE patent-document PUBLIC "-//MXW//DTD patent-document XML//EN" "http://www.ir-facility.org/dtds/patents/v1.4/patent-document.dtd">
<patent-document ucid="EP-1228839-A2" country="EP" doc-number="1228839" kind="A2" lang="DE" family-id="7672595" status="new" date-produced="20090516" date="20020807">
  <bibliographic-data>
    <publication-reference ucid="EP-1228839-A2" status="new" fvid="23517501">
      <document-id status="new" format="original">
        <country>EP</country>
        <doc-number>1228839</doc-number>
        <kind>A2</kind>
        <date>20020807</date>
      </document-id>
    </publication-reference>
    <application-reference ucid="EP-02000492-A" status="new" is-representative="NO">
      <document-id status="new" format="epo">
        <country>EP</country>
        <doc-number>02000492</doc-number>
        <kind>A</kind>
        <date>20020109</date>
      </document-id>
    </application-reference>
    <priority-claims status="new">
      <priority-claim ucid="DE-10104669-A" status="new">
        <document-id status="new" format="epo">
          <country>DE</country>
          <doc-number>10104669</doc-number>
          <kind>A</kind>
          <date>20010202</date>
        </document-id>
      </priority-claim>
    </priority-claims>
    <technical-data status="new">
      <classifications-ipcr>
        <classification-ipcr status="new">B23Q   1/25        20060101C I20051008RMEP        </classification-ipcr>
        <classification-ipcr status="new">B23Q   1/26        20060101C I20051008RMEP        </classification-ipcr>
        <classification-ipcr status="new">B23Q   1/28        20060101A I20051008RMEP        </classification-ipcr>
        <classification-ipcr status="new">B23Q   1/52        20060101A I20051008RMEP        </classification-ipcr>
        <classification-ipcr status="new">B23Q   1/54        20060101A I20051008RMEP        </classification-ipcr>
        <classification-ipcr status="new">B23Q   5/00        20060101C I20051008RMEP        </classification-ipcr>
        <classification-ipcr status="new">B23Q   5/04        20060101A I20051008RMEP        </classification-ipcr>
        <classification-ipcr status="new">B23Q   5/22        20060101C I20051008RMEP        </classification-ipcr>
        <classification-ipcr status="new">B23Q   5/28        20060101A I20051008RMEP        </classification-ipcr>
        <classification-ipcr status="new">F16D  49/00        20060101C I20051008RMEP        </classification-ipcr>
        <classification-ipcr status="new">F16D  49/14        20060101A I20051008RMEP        </classification-ipcr>
        <classification-ipcr status="new">H02K   7/10        20060101C I20051008RMEP        </classification-ipcr>
        <classification-ipcr status="new">H02K   7/102       20060101A I20051008RMEP        </classification-ipcr>
        <classification-ipcr status="new">H02K   7/14        20060101A I20051008RMEP        </classification-ipcr>
        <classification-ipcr status="new">H02K   7/14        20060101C I20051008RMEP        </classification-ipcr>
      </classifications-ipcr>
      <classification-ecla status="new">
        <classification-symbol scheme="EC">B23Q   1/28D</classification-symbol>
        <classification-symbol scheme="EC">B23Q   1/52</classification-symbol>
        <classification-symbol scheme="EC">B23Q   1/54</classification-symbol>
        <classification-symbol scheme="EC">B23Q   5/04</classification-symbol>
        <classification-symbol scheme="EC">B23Q   5/28</classification-symbol>
        <classification-symbol scheme="EC">F16D  49/14</classification-symbol>
        <classification-symbol scheme="EC">H02K   7/102</classification-symbol>
        <classification-symbol scheme="EC">H02K   7/14</classification-symbol>
      </classification-ecla>
      <invention-title load-source="ep" status="new" lang="DE">Antriebskopf für NC-gesteuerte Stellbewegungen einer Werkzeugspindel oder eines Werkstücktisches um mindestens eine Drehachse</invention-title>
      <invention-title load-source="ep" status="new" lang="EN">Driving head for the numerically controlled positioning of a tool spindle or of a worktable around at least one axis</invention-title>
      <invention-title load-source="ep" status="new" lang="FR">Tête d'entraînement pour le positionnement à commande numérique d'une broche porte-outil ou d'une table porte-pièce autour d'au moins un axe de rotation</invention-title>
    </technical-data>
    <parties>
      <applicants>
        <applicant status="new" format="epo">
          <addressbook>
            <name>CYTEC ZYLINDERTECHNIK GMBH</name>
            <address>
              <country>DE</country>
            </address>
          </addressbook>
        </applicant>
        <applicant status="new" format="intermediate">
          <addressbook>
            <name>KLEMENT, KLAUS-DIETER</name>
          </addressbook>
        </applicant>
        <applicant status="new" format="original">
          <addressbook>
            <last-name>CYTEC ZYLINDERTECHNIK GMBH</last-name>
            <address>
              <street>Steffensrott</street>
              <city>D-52428 Jülich</city>
              <country>DE</country>
            </address>
          </addressbook>
        </applicant>
      </applicants>
      <inventors>
        <inventor status="new" format="epo">
          <addressbook>
            <name>KLEMENT KLAUS-DIETER</name>
            <address>
              <country>DE</country>
            </address>
          </addressbook>
        </inventor>
        <inventor status="new" format="intermediate">
          <addressbook>
            <name>KLEMENT, KLAUS-DIETER</name>
          </addressbook>
        </inventor>
        <inventor status="new" format="original">
          <addressbook>
            <last-name>Die Erfindernennung liegt noch nicht vor</last-name>
          </addressbook>
        </inventor>
      </inventors>
      <agents>
        <agent status="new" format="original">
          <addressbook>
            <last-name>Albrecht, Rainer Harald, Dr.-Ing.</last-name>
            <address>
              <street>Patentanwälte Andrejewski, Honke &amp;amp; Sozien, Theaterplatz 3</street>
              <city>45127 Essen</city>
              <country>DE</country>
            </address>
          </addressbook>
        </agent>
      </agents>
    </parties>
    <international-convention-data>
      <designated-states>
        <ep-contracting-states>
          <country>AT</country>
          <country>BE</country>
          <country>CH</country>
          <country>CY</country>
          <country>DE</country>
          <country>DK</country>
          <country>ES</country>
          <country>FI</country>
          <country>FR</country>
          <country>GB</country>
          <country>GR</country>
          <country>IE</country>
          <country>IT</country>
          <country>LI</country>
          <country>LU</country>
          <country>MC</country>
          <country>NL</country>
          <country>PT</country>
          <country>SE</country>
          <country>TR</country>
        </ep-contracting-states>
      </designated-states>
    </international-convention-data>
  </bibliographic-data>
  <abstract load-source="ep" status="new" lang="DE">
    <p>Die Erfindung betrifft einen Antriebskopf für NC-gesteuerte
Stellbewegungen einer Werkzeugspindel oder eines Werkstücktisches
um mindestens eine Drehachse. Zum grundsätzlichen
Aufbau des Antriebskopfes gehören ein Gehäuse (1, 1') und
mindestens ein konzentrisch zur Drehachse (A, B)
angeordneter mehrpoliger Außenläufermotor (2), der einen in
das Gehäuse (1, 1') eingesetzten ringförmigen weichmagnetischen
Stator (3) mit Einzelpolwicklungen sowie ein
mit Permanentmagneten (4) belegtes ringförmiges Rotorjoch
(5) aufweist. Das Rotorjoch (5) ist endseitig an einen im
Gehäuse (1, 1') drehbar gelagerten Rotorkörper (6)
angeschlossen und ist ferner zwischen dem Stator (3) und
einem Gehäuseabschnitt angeordnet, welcher eine Einrichtung
(7) zum Blockieren des Rotorjoches (5) aufweist. Die
Einrichtung zum Blockieren (7) des Rotorjoches besteht
vorzugsweise aus einer fluidbeaufschlagten, deformierbaren
Membran (8), die sich unter Fluiddruck an das Rotorjoch (5)
anlegt. - Fig. 1
<img id="img-00000001" orientation="unknown" wi="128" img-format="tif" img-content="ad" file="00000001.tif" inline="no" he="93"/></p>
  </abstract>
  <abstract load-source="docdb" source="EPO" status="new" lang="EN">
    <p>The drive head has a housing (1,1') and at least one multi-pole external rotor electric motor (2) concentric to the rotation axis (A,B) for the setting movement, provided by an annular soft magnetic stator (3) with single pole windings and an annular rotor yoke (5) provided with permanent magnets, fitted to a rotor body (6) at one side. The rotor yoke is positioned between the stator and a housing section provided with a membrane (8), which can be deformed by a supplied fluid for blocking the rotor rotation.</p>
  </abstract>
  <description load-source="ep" status="new" lang="DE">
    <p num="0001">Die Erfindung betrifft einen Antriebskopf für NC-gesteuerte
Stellbewegungen einer Werkzeugspindel oder eines Werkstücktisches
um mindestens eine Drehachse.</p>
    <p num="0002">Aus WO 96/41695 ist ein als Gabelkopf ausgebildeter zweiachsiger
Antriebskopf mit Direktantrieben bekannt. Die
Antriebe sind als Innenläufermotoren ausgebildet, deren
mehrteilig ausgebildete Rotoren durch in Achsrichtung verstellbare
Nut/Feder-Elemente blockierbar sind. Die bekannte
Ausführung ist nicht frei von Nachteilen. So ist bei einem
kompakten Aufbau des Antriebskopfes der Durchlass für
Medienleitungen, die an eine zwischen den Gabelarmen
schwenkbar gelagerte Werkzeugspindel angeschlossen sind,
klein. Ferner erfüllt das bauartbedingt erreichbare
Antriebsmoment nicht in vollem Umfange die in der Praxis
gestellten Anforderungen. Auch die Blockierung des Rotors
in vorgegebenen Positionen ist noch nicht befriedigend
gelöst.</p>
    <p num="0003">In DE 41 22 711 A1 ist eine Klemmvorrichtung für eine
Antriebswelle beispielsweise an einem Schrittschalttisch
oder an einer Schrittschaltvorrichtung einer
NC-Werkzeugmaschine beschrieben, die eine fluidbeaufschlagte
Klemmhülse aufweist. Die Klemmhülse ist
radial verformbar und an die Umfangsfläche der Antriebswelle
andrückbar. Ferner ist für die Werkstückspindel einer
Drehmaschine eine Festhaltevorrichtung bekannt, die einen
in Richtung der Spindelachse biegeelastischen und gegen
eine plane Fläche des Spindelgehäuses anpressbare Bremsscheibe
aufweist (DE 195 22 711 C2; EP 0 749 803 A1). </p>
    <p num="0004">Der Erfindung liegt die Aufgabe zugrunde, einen Antriebskopf
für NC-gesteuerte Stellbewegungen anzugeben, der sich
durch einen einfachen und kompaktem Aufbau auszeichnet und
präzise Stellbewegungen mit hohem Antriebsmoment ermöglicht.</p>
    <p num="0005">Gegenstand der Erfindung und Lösung dieser Aufgabe ist ein
Antriebskopf für NC-gesteuerte Stellbewegungen einer Werkzeugspindel
oder eines Werkstücktisches um mindestens eine
Drehachse mit

   einem Gehäuse und

   mindestens einem konzentrisch zur Drehachse angeordneten
mehrpoligen Außenläufermotor, der einen in
das Gehäuse eingesetzten ringförmigen weichmagnetischen
Stator mit Einzelpolwicklungen sowie ein mit
Permanentmagneten belegtes ringförmiges Rotorjoch aufweist,

wobei das Rotorjoch endseitig an einen im Gehäuse drehbar
gelagerten Rotorkörper angeschlossen ist und wobei das
Rotorjoch ferner zwischen dem Stator und einem Gehäuseabschnitt
angeordnet ist, welcher eine Einrichtung zum
Blockieren des Rotorjoches aufweist, die aus einer fluidbeaufschlagten,
deformierbaren Membran besteht, welche sich
unter Fluiddruck an das Rotorjoch anlegt. Der erfindungsgemäße
Antriebskopf eignet sich für mehrachsige Werkzeugmaschinen,
Rundtische, Schwenktische und dergleichen. </p>
    <p num="0006">Die Ausführung zeichnet sich durch einen sehr einfachen
Aufbau aus. Durch die Verwendung einer deformierbaren
Membran, die sich am gesamten Umfange des Rotorjoches
flächig an das Rotorjoch anlegt, sind hohe Haltekräfte
erreichbar. Die Membran ist zweckmäßig mit Spannringen im
Gehäuse befestigt, wobei ein Fluidraum zwischen der Membran
und dem Gehäuse mit Dichtungen, die in den von den Spannringen
überfassten Randabschnitten angeordnet sind,
abgedichtet ist.</p>
    <p num="0007">Sofern der Antriebskopf zwei Drehachsen aufweist, ist um
jede Drehachse mindestens ein Außenläufermotor mit einem
ringförmigen Rotorjoch angeordnet, welches zwischen dem
Stator des Außenläufermotors und einem Gehäuseabschnitt mit
einer auf das Rotorjoch wirkende Blockiereinrichtung angeordnet
ist. Der Stator des konzentrisch zur zweiten Drehachse
angeordneten Außenläufermotors ist in einem zweiten
Antriebsgehäuse angeordnet, das an den Rotor des um die
erste Drehachse angeordneten Außenläufermotors fest angeschlossen
ist. Das zweite Antriebsgehäuse kann als Winkelkopfstück
ausgebildet sein. Ferner kann das zweite
Antriebsgehäuse als zweiarmiger Gabelkopf ausgebildet
werden, in dessen Gabelarmen synchron betriebene Außenläufermotoren
in einer Drehachse angeordnet sind. An die
Rotoren der in den Gabelarmen angeordneten Außenläufermotoren
ist eine motorbetriebene Werkzeugspindel
anschließbar.</p>
    <p num="0008">Im Folgenden wird die Erfindung anhand einer lediglich ein
Ausführungsbeispiel darstellenden Zeichnung erläutert. Es
zeigen schematisch <dl tsize="6"><dt>Fig. 1</dt><dd>einen Längsschnitt durch einen Antriebskopf für
NC-gesteuerte Stellbewegungen einer Werkzeugspindel,
in der Bauform eines zweiachsigen Winkelkopfes,</dd><dt>Fig. 2</dt><dd>ebenfalls im Längsschnitt einen Antriebskopf für
NC-gesteuerte Stellbewegungen einer Werkzeugspindel,
in der Bauform eines zweiachsigen Gabelkopfes.</dd></dl></p>
    <p num="0009">Die in den Figuren dargestellten Vorrichtungen weisen ein
Gehäuse 1, 1' und konzentrisch um zwei Drehachsen A, B
angeordnete, mehrpolige Außenläufermotoren 2 auf, die
jeweils ein in das Gehäuse 1, 1' eingesetzten ringförmigen
weichmagnetischen Stator 3 mit Einzelpolwicklungen sowie
einem mit Permanentmagneten 4 belegtes ringförmiges Rotorjoch
5 aufweisen. Das Rotorjoch 5 ist endseitig an einen im
Gehäuse 1, 1' drehbar gelagerten Rotorkörper 6
angeschlossen und ist zwischen dem Stator 3 und einem
zylindrischen Gehäuseabschnitt angeordnet, der eine Einrichtung
7 zum Blockieren des Rotorjoches 5 aufweist. Die
Einrichtung 7 zum Blockieren des Rotorjoches besteht aus
einer fluidbeaufschlagten, deformierbaren Membran 8, die
sich unter Fluiddruck an das Rotorjoch 5 anlegt. Den
Figuren entnimmt man, dass die Membranen 8 mit Spannringen
9, 10 im Gehäuse befestigt sind und dass ein Fluidraum 11
zwischen der Membran 8 und dem Gehäuse 1, 1' mit Dichtungen
12, die in den von den Spannringen 9, 10 überfassten Randabschnitten
angeordnet sind, abgedichtet ist. </p>
    <p num="0010">Die in den Ausführungsbeispiel dargestellten Antriebsköpfe
weisen jeweils zwei Drehachsen A, B auf, wobei um jede
Drehachse A, B mindestens ein Außenläufermotor 2 des zuvor
beschriebenen Aufbaus angeordnet ist. Der Stator 3 des
konzentrisch zur zweiten Drehachse B angeordneten Außenläufermotors
ist in einem zweiten Antriebsgehäuse 1'
angeordnet, das an den Rotor 6 des um die erste Drehachse A
angeordneten Außenläufermotors fest angeschlossen ist.</p>
    <p num="0011">Im Ausführungsbeispiel der Fig. 1 ist das zweite Antriebsgehäuse
1' als Winkelkopfstück ausgebildet. Bei der in Fig.
2 dargestellten Ausführung ist das zweite Antriebsgehäuse
1' als zweiarmiger Gabelkopf ausgebildet, in dessen Gabelarmen
13 Außenläufermotoren 2 angeordnet sind. Die beiden,
in den Gabelarmen 13 angeordneten Außenläufermotoren 2 sind
in der selben Drehachse B angeordnet und werden synchron
betrieben. An die Rotoren 6 ist eine motorbetriebene
Werkzeugspindel 14 angeschlossen, die hydraulische
Werkzeugwechsel- und Spannvorrichtungen aufweist. Die
Rotoren 6 der Außenläufermotoren 2 weisen groß
dimensionierte Öffnungen für Mediendurchführungen auf.</p>
  </description>
  <claims load-source="ep" status="new" lang="DE">
    <claim num="1">
      <claim-text>Antriebskopf für NC-gesteuerte Stellbewegungen einer
Werkzeugspindel oder eines Werkstücktisches um mindestens
eine Drehachse mit
   einem Gehäuse (1, 1') und
   mindestens einem konzentrisch zur Drehachse (A, B)
angeordneten mehrpoligen Außenläufermotor (2), der
einen in das Gehäuse (1, 1') eingesetzten ringförmigen
weichmagnetischen Stator (3) mit Einzelpolwicklungen
sowie ein mit Permanentmagneten (4) belegtes ringförmiges
Rotorjoch (5) aufweist,
wobei das Rotorjoch (5) endseitig an einen im Gehäuse (1,
1') drehbar gelagerten Rotorkörper (6) angeschlossen ist
und wobei das Rotorjoch (5) ferner zwischen dem Stator (3)
und einem Gehäuseabschnitt angeordnet ist, welcher eine
Einrichtung (7) zum Blockieren des Rotorjoches (5)
aufweist, die aus einer fluidbeaufschlagten, deformierbaren
Membran (8) besteht, welche sich unter Fluiddruck an das
Rotorjoch (5) anlegt.</claim-text>
    </claim>
    <claim num="2">
      <claim-text>Antriebskopf nach Anspruch 1, wobei die Membran (8)
mit Spannringen (9, 10) im Gehäuse (1, 1') befestigt ist
und wobei ein Fluidraum (11) zwischen der Membran (8) und
dem Gehäuse (1, 1') mit Dichtungen (12), die in den von den
Spannringen (9, 10) überfassten Randabschnitten angeordnet
sind, abgedichtet ist.</claim-text>
    </claim>
    <claim num="3">
      <claim-text>Antriebskopf nach Anspruch 1 bis 2 mit zwei Drehachsen,
wobei um jede Drehachse (A, B) mindestens ein
Außenläufermotor (2) mit einem ringförmigen Rotorjoch (5)
angeordnet ist, welches zwischen dem Stator (3) des Außenläufermotors
(2) und einem Gehäuseabschnitt mit einer auf
das Rotorjoch (5) wirkenden Blockiereinrichtung (7)
angeordnet ist, und wobei der Stator (3) des konzentrisch
zur zweiten Drehachse (B) angeordneten Außenläufermotors
(2) in einem zweiten Antriebsgehäuse (1') angeordnet ist,
das an den Rotor (6) des um die erste Drehachse (A)
angeordneten Außenläufermotors (2) fest angeschlossen ist.</claim-text>
    </claim>
    <claim num="4">
      <claim-text>Antriebskopf nach Anspruch 3, wobei das zweite
Antriebsgehäuse (1') als Winkelkopfstück ausgebildet ist.</claim-text>
    </claim>
    <claim num="5">
      <claim-text>Antriebskopf nach Anspruch 3, wobei das zweite
Antriebsgehäuse (1') als zweiarmiger Gabelkopf ausgebildet
ist, in dessen Gabelarmen (13) synchron betriebene Außenläufermotoren
(2) in einer Drehachse (B) angeordnet sind,
und wobei an die Rotoren (6) der in den Gabelarmen (13)
angeordneten Außenläufermotoren (2) eine motorbetriebene
Werkzeugspindel (14) angeschlossen ist.</claim-text>
    </claim>
  </claims>
  <copyright>User acknowledges that the Information Retrieval Facility (IRF) and its third party providers retain all right, title and interest in and to this xml under applicable copyright laws. User acquires no ownership rights to this xml including but not limited to its format. User hereby accepts the terms and conditions of the Licence Agreement set forth at http://www.ir-facility.org/legal/marec/data_licence</copyright>
</patent-document>
