<?xml version="1.0" encoding="utf-8"?>
<!DOCTYPE patent-document PUBLIC "-//MXW//DTD patent-document XML//EN" "http://www.ir-facility.org/dtds/patents/v1.4/patent-document.dtd">
<patent-document ucid="EP-1238695-A1" country="EP" doc-number="1238695" kind="A1" lang="FR" family-id="8860958" status="new" date-produced="20090516" date="20020911">
  <bibliographic-data>
    <publication-reference ucid="EP-1238695-A1" status="new" fvid="23537270">
      <document-id status="new" format="original">
        <country>EP</country>
        <doc-number>1238695</doc-number>
        <kind>A1</kind>
        <date>20020911</date>
      </document-id>
    </publication-reference>
    <application-reference ucid="EP-02370006-A" status="new" is-representative="NO">
      <document-id status="new" format="epo">
        <country>EP</country>
        <doc-number>02370006</doc-number>
        <kind>A</kind>
        <date>20020305</date>
      </document-id>
    </application-reference>
    <priority-claims status="new">
      <priority-claim ucid="FR-0103269-A" status="new">
        <document-id status="new" format="epo">
          <country>FR</country>
          <doc-number>0103269</doc-number>
          <kind>A</kind>
          <date>20010309</date>
        </document-id>
      </priority-claim>
    </priority-claims>
    <technical-data status="new">
      <classifications-ipcr>
        <classification-ipcr status="new">B01D  53/04        20060101A I20051008RMEP        </classification-ipcr>
        <classification-ipcr status="new">B01D  53/04        20060101C I20051008RMEP        </classification-ipcr>
        <classification-ipcr status="new">B01D  53/26        20060101A I20051008RMEP        </classification-ipcr>
        <classification-ipcr status="new">B01D  53/26        20060101C I20051008RMEP        </classification-ipcr>
      </classifications-ipcr>
      <classification-ecla status="new">
        <classification-symbol scheme="EC">B01D  53/04C</classification-symbol>
        <classification-symbol scheme="EC">B01D  53/04R</classification-symbol>
        <classification-symbol scheme="EC">B01D  53/26B</classification-symbol>
      </classification-ecla>
      <invention-title load-source="ep" status="new" lang="DE">Vorrichtung zur Gasstromsteuerung</invention-title>
      <invention-title load-source="ep" status="new" lang="EN">Control device for a gas flow</invention-title>
      <invention-title load-source="ep" status="new" lang="FR">Dispositif de controle de l'écoulement gazeux</invention-title>
    </technical-data>
    <parties>
      <applicants>
        <applicant status="new" format="epo">
          <addressbook>
            <name>CHAUMECA GOHIN S A</name>
            <address>
              <country>FR</country>
            </address>
          </addressbook>
        </applicant>
        <applicant status="new" format="intermediate">
          <addressbook>
            <name>CHAUMECA-GOHIN, S.A.</name>
          </addressbook>
        </applicant>
        <applicant status="new" format="original">
          <addressbook>
            <last-name>Chaumeca-Gohin, S.A.</last-name>
            <address>
              <street>135, ue de Douai</street>
              <city>59000 Lille</city>
              <country>FR</country>
            </address>
          </addressbook>
        </applicant>
      </applicants>
      <inventors>
        <inventor status="new" format="epo">
          <addressbook>
            <name>CAPON YVES-REN</name>
            <address>
              <country>FR</country>
            </address>
          </addressbook>
        </inventor>
        <inventor status="new" format="epo">
          <addressbook>
            <name>TETARD HENRY LOUIS</name>
            <address>
              <country>FR</country>
            </address>
          </addressbook>
        </inventor>
        <inventor status="new" format="intermediate">
          <addressbook>
            <name>CAPON, YVES-REN-</name>
          </addressbook>
        </inventor>
        <inventor status="new" format="intermediate">
          <addressbook>
            <name>TETARD, HENRY LOUIS</name>
          </addressbook>
        </inventor>
        <inventor status="new" format="original">
          <addressbook>
            <last-name>CAPON, YVES-REN-</last-name>
            <address>
              <street>36, avenue Charles St Venant</street>
              <city>59155 Faches Thumesnil</city>
              <country>FR</country>
            </address>
          </addressbook>
        </inventor>
        <inventor status="new" format="original">
          <addressbook>
            <last-name>TETARD, HENRY LOUIS</last-name>
            <address>
              <street>4, rue Montaigne</street>
              <city>59510 Hem</city>
              <country>FR</country>
            </address>
          </addressbook>
        </inventor>
      </inventors>
      <agents>
        <agent status="new" format="original">
          <addressbook>
            <last-name>Hénnion, Jean-Claude</last-name>
            <address>
              <street>Société civile cabinet Ecrepont, 27bis rue du Vieux Faubourg</street>
              <city>59800 Lille</city>
              <country>FR</country>
            </address>
          </addressbook>
        </agent>
      </agents>
    </parties>
    <international-convention-data>
      <designated-states>
        <ep-contracting-states>
          <country>AT</country>
          <country>BE</country>
          <country>CH</country>
          <country>CY</country>
          <country>DE</country>
          <country>DK</country>
          <country>ES</country>
          <country>FI</country>
          <country>FR</country>
          <country>GB</country>
          <country>GR</country>
          <country>IE</country>
          <country>IT</country>
          <country>LI</country>
          <country>LU</country>
          <country>MC</country>
          <country>NL</country>
          <country>PT</country>
          <country>SE</country>
          <country>TR</country>
        </ep-contracting-states>
      </designated-states>
    </international-convention-data>
  </bibliographic-data>
  <abstract load-source="docdb" source="EPO" status="new" lang="EN">
    <p>A valve (16) opens radially from the common collection pipe (14) for the two containers (2, 3) at each container in the thickness of the container walls. The valve moves in translation with its closed face turned towards the passage to the container (2B, 3B) so when the valve is held against its seat due to the pressure in the collection pipe, an insertion (17) sends part of the gas to the container for its regeneration. The valve is in a chamber (15) with a circular section and the valve has a polygonal section whose corners form means of guiding and positioning the valve in the internal cylindrical face of the chamber. The chamber is a bore with its base at a distance from the longitudinal axis of the collection pipe less than the pipe diameter. The rear face of the valve pressing on the seat has protrusions (19) so the rear face cannot press on the whole surface of block the passage to the collection pipe. The chamber is circular in section and the valve is square with four protrusions. An Independent claim is also included for an adsorption dryer with two independent chambers contained in an envelope and sharing inlets and outlets using the above device to control flow. The top and bottom of the chambers are closed by annular covers through which the inlets and outlets pass and on the inner faces of which are the flow control devices. Gas diffusion in the chambers is through a spiral spring.</p>
  </abstract>
  <abstract load-source="ep" status="new" lang="FR">
    <p>L'invention se rapporte à un dispositif (5) (6) de contrôle de l'écoulement des
fluides gazeux pour, d'une part, alimenter en air à traiter l'une des capacités dite
alors capacité active et, d'autre part, régénérer l'autre capacité par introduction d'air
sec dans ladite capacité .</p>
    <p>Ce dispositif est caractérisé en ce qu'il comprend :
<ul list-style="bullet"><li>un canal collecteur commun aux capacités (2),(3)</li><li>débouchant radialement dans ce canal commun, au droit de chacun des
passages, aménagés dans l'épaisseur des flasques des capacités pour communiquer
avec lesdites capacités, une chambre logeant un clapet qui présente dans sa face
d'obturation tournée vers le passage précité, un ajutage de sorte qu'une partie du
fluide gazeux est cependant envoyé dans la capacité pour la régénération.</li></ul><img id="img-00000001" orientation="unknown" wi="132" img-format="tif" img-content="ad" file="00000001.tif" inline="no" he="93"/></p>
  </abstract>
  <description load-source="ep" status="new" lang="FR">
    <p num="0001">L'invention se rapporte à dispositif de contrôle de l'écoulement gazeux.</p>
    <p num="0002">L'invention se rapporte également à un sécheur par adsorption comportant ce
dispositif de contrôle.</p>
    <p num="0003">Dans de nombreuses applications, l'air ou le gaz utilisé dans les installations
doit être dépourvu d'eau et donc séché.</p>
    <p num="0004">Pour ce faire, on utilise généralement un sécheur par adsorption.</p>
    <p num="0005">Un sécheur par adsorption comprend classiquement au moins deux capacités
contenant chacune un produit adsorbant, un dispositif d'alimentation qui,
alternativement, alimente en fluide à traiter l'une des capacités puis l'autre et un
dispositif pour, lorsqu'une des capacités est utilisée pour sécher l'air, régénérer la
capacité non active.</p>
    <p num="0006">Ainsi, le principe consiste à faire circuler l'air à traiter dans une capacité par
exemple depuis le haut vers le bas pour sécher l'air et de prélever une faible partie
de l'air séché pour l'introduire du bas vers le haut dans l'autre capacité pour la
régénérer.</p>
    <p num="0007">Ce type de système fonctionne avec, par exemple, de l'air sous pression de
l'ordre de sept bars et il est souvent appelé « heatless ». </p>
    <p num="0008">Ce type de sécheur se présente donc sous la forme de deux enveloppes
mécaniques distinctes, disposées côte à côte, et reliées par des conduites
aboutissant aux deux dispositifs précités.</p>
    <p num="0009">On déplore un manque de compacité de ces sécheurs et des coûts de
fabrication et de montage relativement élevés.</p>
    <p num="0010">Dans le domaine du séchage, on connaít un sécheur EP-A-279.495 selon
lequel on a placé, dans une enveloppe notamment circulaire, des cloisons radiales
pour fractionner le volume en huit parties égales et, au centre de cette cloison, un
tiroir rotatif de distribution pour alimenter certaines des chambres tandis que
d'autres chambres sont régénérées.</p>
    <p num="0011">Un tel dispositif ne peut pas fonctionner avec de l'air sous pression en raison
des difficultés à réaliser une étanchéité suffisante entre le tiroir de distribution et les
différents volumes.</p>
    <p num="0012">L'invention propose un dispositif de contrôle de l'écoulement gazeux nouveau.</p>
    <p num="0013">A cet effet, l'invention a pour objet un dispositif de contrôle de l'écoulement
des fluides gazeux qui, pendant une période déterminée et alternativement :
<ul list-style="bullet"><li>d'une part alimente en air à traiter l'une des capacités dite alors capacité
active et</li><li>d'autre part régénère l'autre capacité par introduction d'air sec dans ladite
capacité</li></ul>
caractérisé en ce que le dispositif de contrôle comprend un canal collecteur commun
aux capacités débouchant radialement dans ce canal commun, au droit de chacun
des passages aménagés dans l'épaisseur des flasques pour communiquer avec les
capacités, une chambre logeant un clapet qui, guidé en translation, présente dans sa
face d'obturation tournée vers le passage précité, un ajutage de sorte que, lorsque le
clapet est plaqué sur son siège du fait de la pression régnant dans le collecteur, une
partie du fluide gazeux est cependant envoyée dans la capacité pour la régénération.</p>
    <p num="0014">Elle a également pour objet un sécheur pourvu dudit dispositif de contrôle.</p>
    <p num="0015">L'invention sera bien comprise à l'aide de la description ci-après faite à titre
d'exemple non limitatif en regard du dessin qui représente schématiquement :
<ul list-style="bullet"><li>figure 1 : une vue en coupe d'un sécheur partiellement monté,</li><li>figure 2 : une vue de face d'un sécheur, </li><li>figure 3 : vue en coupe d'un détail du sécheur,</li><li>figure 4 : une vue selon F de la figure 3.</li></ul></p>
    <p num="0016">En se reportant au dessin, on voit un sécheur (figure 2) comprenant :
<ul list-style="bullet"><li>deux capacités 2,3 contenant chacune un matériau 4 adsorbant,</li><li>un dispositif 5,6 de contrôle de l'écoulement des fluides gazeux qui, pendant
une période déterminée et alternativement, d'une part alimente en air à traiter l'une
des capacités dite alors capacité active et d'autre part régénère l'autre capacité par
introduction d'air sec dans ladite capacité.</li></ul></p>
    <p num="0017">Ainsi, le principe consiste à faire circuler l'air à traiter dans une capacité par
exemple depuis le bas vers le haut pour retirer l'eau et, en sortie de cette capacité,
de prélever une faible partie de l'air séché pour l'introduire du haut vers le bas dans
l'autre capacité pour régénérer le matériau adsorbant.</p>
    <p num="0018">Lorsque le matériau adsorbant dans la capacité active est saturé, on inverse
les alimentations pour utiliser alors la capacité régénérée et régénérer l'autre.</p>
    <p num="0019">Ce sécheur 1 est destiné à traiter de l'air sous une pression supérieure à la
pression atmosphérique.</p>
    <p num="0020">La pression de travail est souvent de l'ordre de cinq à dix bars.</p>
    <p num="0021">Ce type de sécheur est souvent dit du type « heatless », c'est à dire sans
production de chaleur.</p>
    <p num="0022">Selon l'invention, le sécheur (figure 1) comprend dans une enveloppe externe
7, une enveloppe 8 interne montée concentrique délimitant ainsi deux chambres 2, 3
totalement indépendantes, chacune étant reliée par une entrée 2A, 3A et une
sortie 2B, 3B aux dispositifs de contrôle de l'écoulement des fluides gazeux précités.</p>
    <p num="0023">Le bas et le haut de ces chambres sont fermés par une flasque 9 pourvue des
passages 2A, 2B, 3A, 3B, aménagés dans l'épaisseur de la flasque pour les entrée et
sortie des fluides gazeux.</p>
    <p num="0024">La partie centrale de la flasque forme la paroi d'extrémité de la capacité
interne et la partie externe de la flasque forme la paroi d'extrémité de la capacité
externe.</p>
    <p num="0025">Ces flasques sont assemblées par soudure ou avec des tirants sur les parties
cylindriques. </p>
    <p num="0026">Chaque flasque comporte en sa face interne des dispositifs 10 et 11 de
diffusion spatiale du fluide gazeux pour répartir celui-ci sur la section de la chambre
considérée qui, notamment pour la chambre dite externe, est annulaire.</p>
    <p num="0027">Le moyen de diffusion du gaz est un ressort spiralé.</p>
    <p num="0028">Du fait que ce ressort soit cintré lors de sa mise en place dans la rainure, du
coté extérieur, les spires ne sont plus jointives et forment des diffuseurs.</p>
    <p num="0029">L'air n'est donc plus injecté en un seul point mais en une multitude de points.</p>
    <p num="0030">On obtient donc un dispositif compact.</p>
    <p num="0031">Le nombre de pièces est réduite ainsi que la matière utilisée.</p>
    <p num="0032">Les temps de montage sont également réduits.</p>
    <p num="0033">Comme indiqué plus haut, on a prévu un dispositif de contrôle de l'écoulement
des fluides gazeux.</p>
    <p num="0034">Par exemple, en partie basse, généralement, on a un système 5 qui permet
alternativement d'introduire de l'air à traiter dans l'une ou l'autre des chambres.</p>
    <p num="0035">Ce système étant connu, il ne sera pas décrit ci-après.</p>
    <p num="0036">En partie haute, on équipe le sécheur d'un dispositif 6 qui a pour tâche de
collecter l'air traité provenant d'une chambre et d'injecter une partie de cet air dans
la chambre en cours de régénération.</p>
    <p num="0037">Ce dispositif comprend :
<ul list-style="bullet"><li>un canal 14 collecteur commun aux capacités 2,3,</li><li>débouchant radialement dans ce canal commun, au droit de chacun des
passages 2B, 3B, aménagés dans l'épaisseur des flasques pour communiquer avec
les capacités, une chambre 15 logeant un clapet 16 qui, guidé en translation,
présente dans sa face d'obturation tournée vers le passage précité, un ajutage 17 de
sorte que, lorsque le clapet est plaqué sur son siège du fait de la pression régnant
dans le collecteur, une partie du fluide gazeux est cependant envoyée dans la
capacité pour la régénération.</li></ul></p>
    <p num="0038">Sous l'effet de la pression de l'air circulant dans l'une des chambres, le clapet
de cette chambre est écarté de son siège et laisse passer l'air vers le canal
collecteur, lequel communique avec l'autre chambre contenant l'autre clapet et le
plaque sur son siège. </p>
    <p num="0039">L'ajutage prévu dans ce clapet permet alors de prélever une partie de l'air sec
pour l'introduire dans la capacité qui se régénère.</p>
    <p num="0040">Avantageusement, la chambre 15 est de section circulaire et le clapet de
section polygonale est relativement épais de sorte que les arêtes 16B du clapet
constituent des moyens de guidage en translation et de positionnement du clapet
avec la face interne cylindrique de la chambre.</p>
    <p num="0041">La communication entre la chambre et le canal collecteur se présente sous la
forme d'une large fente 18.</p>
    <p num="0042">Le canal collecteur est obtenu en alésant la pièce de sorte que le canal est de
section circulaire.</p>
    <p num="0043">La chambre 15 qui loge le clapet est un alésage dont le fond se situe à une
distance de l'axe longitudinal du canal collecteur inférieure à celle du rayon de ce
canal.</p>
    <p num="0044">La face arrière du clapet opposée à la face obturante, venant en appui sur le
siège de l'obturateur, présente des excroissances 19 de sorte que cette face arrière
ne peut s'appliquer sur toute sa surface dans le fond de l'alésage et obturer le
passage vers le canal collecteur.</p>
    <p num="0045">Dans l'exemple de réalisation, la chambre logeant le clapet est de section
circulaire et le clapet est de section carrée et quatre excroissances empêchent le
clapet d'obturer le passage vers le collecteur commun.</p>
    <p num="0046">On a donc réalisé un système simple d'utilisation et de fabrication relativement
simple.</p>
    <p num="0047">Des joints toriques assurent l'étanchéité.</p>
    <p num="0048">Le dispositif n'est pas limité à deux chambres avec clapet. Suivant le nombre
de capacités, on peut multiplier les chambres 15 et les clapets. Les capacités peuvent
alors être disposées côte à côte.</p>
  </description>
  <claims load-source="ep" status="new" lang="FR">
    <claim num="1">
      <claim-text>Dispositif de contrôle de l'écoulement des fluides gazeux entre, au moins
deux capacités qui, pendant une période déterminée et alternativement, d'une part
alimente en air à traiter l'une des capacités dite alors capacité active et d'autre part
régénère l'autre capacité par introduction d'air sec dans ladite capacité,
   ce dispositif de contrôle étant caractérisé en ce qu'il comprend :
<claim-text><claim-text>un canal (14) collecteur commun aux capacités (2),(3)</claim-text><claim-text>débouchant radialement dans ce canal commun, au droit de chacun des
passages (2B), (3B), aménagés dans l'épaisseur des flasques des capacités pour
communiquer avec lesdites capacités, une chambre (15) logeant un clapet (16) qui,
guidé en translation, présente dans sa face d'obturation tournée vers le passage
précité, un ajutage (17) de sorte que, lorsque le clapet est plaqué sur son siège du
fait de la pression régnant dans le collecteur, une partie du fluide gazeux est
cependant envoyée dans la capacité pour la régénération.</claim-text></claim-text></claim-text>
    </claim>
    <claim num="2">
      <claim-text>Dispositif de contrôle selon la revendication 1 caractérisé en ce que la
chambre (15) est de section circulaire et le clapet est de section polygonale
relativement épais de sorte que les arêtes (16B) du clapet constituent des moyens de
guidage en translation et de positionnement du clapet avec la face interne
cylindrique de la chambre (15).</claim-text>
    </claim>
    <claim num="3">
      <claim-text>Dispositif de contrôle selon la revendication 1 ou 2 caractérisé en ce que la
chambre (15) qui loge le clapet est un alésage dont le fond se situe à une distance
de l'axe longitudinal du canal collecteur inférieure à celle du rayon de ce canal.</claim-text>
    </claim>
    <claim num="4">
      <claim-text>Dispositif de contrôle selon la revendication 2 ou 3 caractérisé en ce que la
face arrière du clapet opposée à la face obturante venant en appui sur le siège de
l'obturateur présente des excroissances (19) de sorte que cette face arrière ne peut
s'appliquer sur toute sa surface dans le fond de l'alésage et obturer le passage vers
le canal collecteur.</claim-text>
    </claim>
    <claim num="5">
      <claim-text>Dispositif de contrôle selon la revendication 1 caractérisé en ce que la
chambre logeant le clapet est de section circulaire et le clapet est de section carrée,
quatre excroissances empêchant le clapet de d'obturer le passage vers le collecteur
commun.</claim-text>
    </claim>
    <claim num="6">
      <claim-text>Sécheur par adsorption comprenant deux capacités et un dispositif de
contrôle selon l'une quelconque des revendications 1 à 5 caractérisé en ce que le
sécheur comprend dans une enveloppe externe (7), une enveloppe (8) interne
montée concentrique délimitant ainsi deux chambres (2),(3) totalement
indépendantes, chacune étant reliée par une entrée (2A), (3A) et une
sortie (2B), (3B) aux dispositifs de contrôle de l'écoulement des fluides gazeux
précités.</claim-text>
    </claim>
    <claim num="7">
      <claim-text>Sécheur par adsorption selon la revendication 6 caractérisé en ce que le bas
et le haut de ces chambres sont fermés par une flasque (9) pourvue des
passages (2A) (2B) (3A) (3B) aménagés dans l'épaisseur de la flasque pour les
entrée et sortie des fluides gazeux.</claim-text>
    </claim>
    <claim num="8">
      <claim-text>Sécheur par adsorption selon la revendication 7 caractérisé en ce que
chaque flasque comporte en sa face interne des dispositifs (10) et (11) de diffusion
spatiale du fluide gazeux pour répartir celui-ci sur la section de la chambre
considérée qui, notamment pour la chambre dite externe, est annulaire.</claim-text>
    </claim>
    <claim num="9">
      <claim-text>Sécheur par adsorption selon la revendication 8 caractérisé en ce que le
moyen de diffusion du gaz dans la chambre annulaire externe est un ressort spiralé.</claim-text>
    </claim>
  </claims>
  <copyright>User acknowledges that the Information Retrieval Facility (IRF) and its third party providers retain all right, title and interest in and to this xml under applicable copyright laws. User acquires no ownership rights to this xml including but not limited to its format. User hereby accepts the terms and conditions of the Licence Agreement set forth at http://www.ir-facility.org/legal/marec/data_licence</copyright>
</patent-document>
