<?xml version="1.0" encoding="utf-8"?>
<!DOCTYPE patent-document PUBLIC "-//MXW//DTD patent-document XML//EN" "http://www.ir-facility.org/dtds/patents/v1.4/patent-document.dtd">
<patent-document ucid="EP-1243404-A1" country="EP" doc-number="1243404" kind="A1" lang="DE" family-id="7678150" status="new" date-produced="20090516" date="20020925">
  <bibliographic-data>
    <publication-reference ucid="EP-1243404-A1" status="new" fvid="23566882">
      <document-id status="new" format="original">
        <country>EP</country>
        <doc-number>1243404</doc-number>
        <kind>A1</kind>
        <date>20020925</date>
      </document-id>
    </publication-reference>
    <application-reference ucid="EP-02005558-A" status="new" is-representative="NO">
      <document-id status="new" format="epo">
        <country>EP</country>
        <doc-number>02005558</doc-number>
        <kind>A</kind>
        <date>20020312</date>
      </document-id>
    </application-reference>
    <priority-claims status="new">
      <priority-claim ucid="DE-10113379-A" status="new">
        <document-id status="new" format="epo">
          <country>DE</country>
          <doc-number>10113379</doc-number>
          <kind>A</kind>
          <date>20010320</date>
        </document-id>
      </priority-claim>
    </priority-claims>
    <technical-data status="new">
      <classifications-ipcr>
        <classification-ipcr status="new">B29D  30/38        20060101C I20051008RMEP        </classification-ipcr>
        <classification-ipcr status="new">B29D  30/46        20060101A I20051008RMEP        </classification-ipcr>
        <classification-ipcr status="new">B65H  20/00        20060101C I20051008RMEP        </classification-ipcr>
        <classification-ipcr status="new">B65H  20/06        20060101A I20051008RMEP        </classification-ipcr>
        <classification-ipcr status="new">B65H  20/18        20060101A I20051008RMEP        </classification-ipcr>
        <classification-ipcr status="new">B65H  35/00        20060101A I20051008RMEP        </classification-ipcr>
        <classification-ipcr status="new">B65H  35/00        20060101C I20051008RMEP        </classification-ipcr>
      </classifications-ipcr>
      <classification-ecla status="new">
        <classification-symbol scheme="EC">B29D  30/46</classification-symbol>
        <classification-symbol scheme="EC">B65H  20/06</classification-symbol>
        <classification-symbol scheme="EC">B65H  20/18</classification-symbol>
        <classification-symbol scheme="EC">B65H  35/00B</classification-symbol>
        <classification-symbol scheme="ICO">L65H555:130</classification-symbol>
        <classification-symbol scheme="ICO">L65H701:1311</classification-symbol>
        <classification-symbol scheme="ICO">L65H713:110</classification-symbol>
      </classification-ecla>
      <invention-title load-source="ep" status="new" lang="DE">Vorschubeinrichtung für Cordbänder</invention-title>
      <invention-title load-source="ep" status="new" lang="EN">Feeding device for cord strips</invention-title>
      <invention-title load-source="ep" status="new" lang="FR">Dispositif d'avance pour des rubans de corde</invention-title>
    </technical-data>
    <parties>
      <applicants>
        <applicant status="new" format="epo">
          <addressbook>
            <name>FISCHER MASCHF KARL E</name>
            <address>
              <country>DE</country>
            </address>
          </addressbook>
        </applicant>
        <applicant status="new" format="intermediate">
          <addressbook>
            <name>KARL EUGEN FISCHER GMBH MASCHINENFABRIK</name>
          </addressbook>
        </applicant>
        <applicant status="new" format="original">
          <addressbook>
            <last-name>Karl Eugen Fischer GmbH Maschinenfabrik</last-name>
            <address>
              <street>Mainweg 6+8</street>
              <city>D-96224 Burgkunstadt</city>
              <country>DE</country>
            </address>
          </addressbook>
        </applicant>
      </applicants>
      <inventors>
        <inventor status="new" format="epo">
          <addressbook>
            <name>HOFFMANN BERND</name>
            <address>
              <country>DE</country>
            </address>
          </addressbook>
        </inventor>
        <inventor status="new" format="intermediate">
          <addressbook>
            <name>HOFFMANN, BERND</name>
          </addressbook>
        </inventor>
        <inventor status="new" format="original">
          <addressbook>
            <last-name>HOFFMANN, BERND</last-name>
            <address>
              <street>Sonnenhang 13</street>
              <city>96224 Burgkunstadt</city>
              <country>DE</country>
            </address>
          </addressbook>
        </inventor>
      </inventors>
      <agents>
        <agent status="new" format="original">
          <addressbook>
            <last-name>Matschkur, Peter</last-name>
            <address>
              <street>Matschkur - Lindner - Blaumeier, Patent- und Rechtsanwälte, Dr. Kurt-Schumacherstrasse 23</street>
              <city>90402 Nürnberg</city>
              <country>DE</country>
            </address>
          </addressbook>
        </agent>
      </agents>
    </parties>
    <international-convention-data>
      <designated-states>
        <ep-contracting-states>
          <country>DE</country>
          <country>FR</country>
          <country>GB</country>
          <country>IT</country>
          <country>NL</country>
        </ep-contracting-states>
      </designated-states>
    </international-convention-data>
  </bibliographic-data>
  <abstract load-source="ep" status="new" lang="DE">
    <p>Vorschubeinrichtung zur Förderung eines dünnen und klebrigen Bandes, insbesondere
eines Cordbandes (1) durch eine Schneidvorrichtung (4) auf ein Förderband (5)
zum Abtransport der Cordbandabschnitte, mit einer Zugvorrichtung (14) mit einer die
unter dem hochgefahrenen Obermesser (3) der Schneidvorrichtung (4) liegende vorlaufende
Cordbandkante ergreifenden Zange (15) um das Cordband (1) um eine der Abschnittbreite
entsprechende Strecke von der Abwickelrolle (6) durch die Schneidevorrichtung (4)
über das vorzugsweise tieferliegende Abtransport- Förderband (5) zu ziehen.
<img id="img-00000001" orientation="unknown" wi="162" img-format="tif" img-content="ad" file="00000001.tif" inline="no" he="68"/></p>
  </abstract>
  <abstract load-source="docdb" source="EPO" status="new" lang="EN">
    <p>An advancing arrangement for moving a thin sticky band through a cutting unit comprises a pulling unit (14), cord band edge (21) gripping pliers (15) under an upper blade (3) of the cutting unit (4), and a band roll (6). The cutting unit is drawn over the transport band, and a clamping unit is used to hold the band. The band is held down by a holder (10) which consists of a plate with cut-outs, and the pliers consist of a number of clamping sections.</p>
  </abstract>
  <description load-source="ep" status="new" lang="DE">
    <p num="0001">Die Erfindung bezieht sich auf eine Vorschubeinrichtung zur Förderung eines dünnen
und klebrigen Bandes, insbesondere eines Cordbandes durch eine Schneidvorrichtung
auf ein Förderband zum Abtransport der Cordbandabschnitte.</p>
    <p num="0002">Bei den bislang bekannten Vorschubeinrichtungen wird das meist von einer Vorratsrolle
abgezogene Cordband durch die Schneidvorrichtung geschoben, wodurch
sich aber in der Praxis eine ganze Reihe von Schwierigkeiten ergeben. So
ist zum einen nur eine eingeschränkte Vorschublänge möglich. Durch den reibungsbehafteten
Materialtransport ergeben sich beim Durchschieben neben der
Gefahr eines Materialstaus auch Maßungenauigkeiten durch das Verziehen der
Cordbänder. Für sehr dünne, labile und spannungsbehaftete Stahl- bzw. Textilcordbänder
sowie sonstige Gummimaterialien, lassen sich die bekannten Vorschubeinrichtungen
bei Materialdicken &lt; 0,5 mm und Vorschublängen &gt; 800 mm
nicht mehr einsetzen. Lediglich für dickere und wenig spannungsbehaftete Stahlbzw.
Textilcordbänder sowie entsprechend dicke Gummibänder lassen sich die
bisher bekannten Vorschubeinrichtungen problemlos verwenden.</p>
    <p num="0003">Der Erfindung liegt daher die Aufgabe zugrunde eine Vorschubeinrichtung, insbesondere
für dünne und klebrige Cordbänder so auszugestalten, dass auch dünne
und stark klebrige Cordbänder problemlos und ohne die Gefahr eines Verziehens
gefördert werden können.</p>
    <p num="0004">Zur Lösung dieser Aufgabe ist erfindungsgemäß eine Vorschubeinrichtung der
eingangs genannten Art gekennzeichnet durch eine Zugvorrichtung mit einer die
unter dem hochgefahrenen Obermesser der Schneidvorrichtung liegende vorlaufende
Cordbandkante ergreifenden Zange, um das Cordband um eine der Abschnittbreite
entsprechende Strecke von der Abwickelrolle durch die Schneidvorrichtung
über das vorzugsweise tiefer liegende Abtransport- Förderband zu ziehen. </p>
    <p num="0005">Durch das Ersetzen des bisherigen Schubsystems durch eine Zugvorrichtung lassen
sich die Nachteile der bisher bekannten Vorschubeinrichtungen wie Materialstau,
Verziehen des Cordbandes und begrenzte Vorschublänge vollständig vermeiden
und es ist damit auch die Verarbeitung dünner und klebriger Bänder ohne
die Gefahr eines Verziehens der abgetrennten Cordbandabschnitte möglich.</p>
    <p num="0006">In Weiterbildung der Erfindung kann dabei vorgesehen sein, dass in Fahrtrichtung
vor der Schneidvorrichtung ein Niederhalter mit einer Klemmvorrichtung zum Anheben
des vorlaufenden Cordbandabschnittes angeordnet ist. Der Niederhalter
sichert das Band beim Abschneiden und verhindert Bewegungen während des
Schneidvorganges, die zu einem fehlerhaften Schnitt oder einem Verziehen des
Bandes führen könnten. Auf der anderen Seite kann der mit einer Klemmvorrichtung
versehene Niederhalter nach dem Schnitt das vorlaufende Cordbandende
anheben, sodass die Zange die freie Cordbandkante einfach ergreifen kann, was
bei auf einem Fördertisch oder Förderband liegenden Cordband sichtlich Schwierigkeiten
bereiten könnte, da das Unterfahren des dünnen auf der Unterlage haftenden
Cordbandes große Probleme bereiten wird.</p>
    <p num="0007">Gemäß einem weiteren Merkmal der vorliegenden Erfindung kann dabei vorgesehen
sein, dass der Niederhalter eine Platte, vorzugsweise die untere Wand eines
Rechteckrohrs, darstellt, das mit Aussparungen für gegenüber der Platte höhenverstellbar
angeordnete Magnete, vorzugsweise Permanentmagnete, versehen ist,
denen eine das Cordband untergreifende an seinen Enden vorzugsweise vertikal
geführte, ferromagnetische Klemmleiste zugeordnet ist.</p>
    <p num="0008">Durch die in die Aussparungen einragenden Permanentmagnete ist die Klemmleiste
mit dem Niederhalter unter Zwischenklemmung des Cordbandes verbunden,
sodass beim Anheben des Niederhalters auch das Cordband mit angehoben wird.
Soll aber ein solches Anheben nicht stattfinden, nämlich dann, wenn die Zange mit
dem eingeklemmten Cordband von der Schneidvorrichtung wegbewegt wird, um
das Cordband durch die Schneidvorrichtung zu ziehen, so werden vorher die
Permanentmagnete gegenüber dem nach unten gefahrenen Niederhalter angehoben,
sodass die magnetische Kraftverbindung zur Klemmleiste entfällt. Beim anschließenden 
Anheben des Niederhalters bleibt die Klemmleiste liegen und das
Cordband kann unbehindert durch die Schneidvorrichtung gezogen werden.</p>
    <p num="0009">Dabei liegt es schließlich auch noch im Rahmen der Erfindung, dass die Zugvorrichtung
unabhängig voneinander sowohl senkrecht als auch parallel zur Schneidkante
der Schneidvorrichtung verfahrbar ist, um nicht nur Cordbandabschnitte fördern
zu können, deren Schneidkante senkrecht zur Cordbandlängsrichtung verläuft,
sondern auch die in der Praxis meist geforderten Cordbandabschnitte mit
schrägen Schneidkanten. Je nach dem gewünschten Schneidwinkel werden die
Stellmotoren für das senkrechte und das parallele Verschieben der Zugvorrichtung
angesteuert. Es versteht sich dabei natürlich von selbst, dass bei solchen schrägen
Schnitten die Zuführfördereinrichtung, mit der das Cordband von der Vorratsrolle
zur Schneidvorrichtung transportiert wird, ebenfalls in einem entsprechenden
Winkel gegenüber der Schneidkante der Schneidvorrichtung verschwenkt ist.</p>
    <p num="0010">Weitere Vorteile, Merkmale und Einzelheiten der Erfindung ergeben sich aus der
nachfolgenden Beschreibung eines Ausführungsbeispieles sowie anhand der
Zeichnung. Dabei zeigen:
<dl tsize="13"><dt>Fig. 1</dt><dd>Eine schematische Seitenansicht einer erfindungsgemäßen Vorschubeinrichtung,
wobei von der Schneidvorrichtung nur die beiden
Messer mit dargestellt sind,</dd><dt>Fig. 2</dt><dd>eine Draufsicht auf die Vorschubeinrichtung im Bereich der Schneidkante
in der Grundstellung der Zange beim Messer der Schneidvorrichtung,</dd><dt>Fig. 3</dt><dd>eine der Fig. 2 entsprechende Draufsicht in einer Position, in der die
Zange durch Ziehen des Cordbandes durch die Schneidvorrichtung
zurückgefahren ist und</dd><dt>Fig. 4 bis 13</dt><dd>schematische Teilseitenansichten der Zange und der Schneidmesser
mit dem Niederhalter in unterschiedlichen Arbeitspositionen während 
des Durchziehens des Cordbandes und des Abtransportes der Cordbandabschnitte
auf dem nur in Fig. 1 dargestellten Förderband zum
Abtransport der Cordbandabschnitte. In den übrigen Figuren ist dieses
Abtransportförderband ebenso weggelassen, wie das auch in
Fig. 1 schematisch angedeutete Zuführförderband zwischen Vorratsrolle
und Schneidvorrichtung, da diese Förderbänder an sich bekannt
sind und die Erkennung der Besonderheiten der erfindungsgemäßen
Vorschubeinrichtung nur erschweren würden.</dd></dl></p>
    <p num="0011">Das Cordband 1, von dem mittels der schematisch gezeigten, nämlich nur durch
ihre Schneidmesser (Untermesser 2 und bewegliches Obermesser 3) angedeuteten
Schneidvorrichtung 4 Abschnitte abgetrennt werden sollen, die über ein Abtransport-Förderband
5 von der Schneidvorrichtung 4 wegtransportiert werden,
wird von einer Vorratsrolle 6 abgezogen und über verschiedene Umlenkrollen 7
und 8, durch die auch eine Vorratsschlaufe gebildet wird, einem Einlaufförderband
9 zugeführt. Je nach dem wie der Schnittwinkel bezogen auf die Längsrichtung
des Cordbandes ausfallen soll, kann die Zuführfördereinrichtung 9 von der vertikalen
Ausrichtung ihrer Längsachse zu den Schneidkanten von Untermesser 2
und Obermesser 3 entsprechend verschwenkt werden.</p>
    <p num="0012">Bei 10 ist ein weiter unten noch näher zu beschreibender Niederhalter zum Andrücken
des Cordbandes 1 an das Einlauf-Förderband 9 bzw. einen Schneidtisch
dargestellt, während mit 14 eine erfindungsgemäße Zugvorrichtung bezeichnet ist,
mithilfe deren das über eine Zange 15 ergreifbare vordere Ende des Cordbandes
durch die Schneidvorrichtung 4 gezogen werden kann, um die bereits angesprochenen
Nachteile der bisherigen Vorschubeinrichtungen zu vermeiden. Die Laufräder
16 der Zugvorrichtung 14 dienen lediglich der grundsätzlichen Verfahrbarkeit
des Zugsystems. Während des eigentlichen Betriebsablaufes spielen diese Laufräder
16 keine Rolle, die Zugvorrichtung 14 ist gegenüber dem Boden 17 blockiert
und das Verfahren der Zange 15 erfolgt ausschließlich über zwei Antriebseinrichtungen,
die im Einzelnen nicht beschrieben werden. Die eine Antriebseinrichtung
zieht die Zange 15 senkrecht zur Kante der Messer und die andere parallel dazu,
sodass durch entsprechende Einstellung der Verfahrgeschwindigkeiten jeder beliebige 
Abzugswinkel erzielt werden kann. Dies ist in Fig. 3 an einem Diagramm
dargestellt. Der Pfeil 18 zeigt den Fahrweg der Zange längs einer Achse senkrecht
zum Messer, der Pfeil 19 den Fahrweg der Zange längs einer Achse parallel zum
Messer und 20 zeigt den resultierenden Fahrweg der Zange und seine Neigung
zur Schneidkante.</p>
    <p num="0013">In Fig. 4 ist die Grundstellung dargestellt, bei der der Niederhalter 10, der im Wesentlichen
ein Rechteckrohr umfasst, bei angeklemmtem Cordband 1 angehoben
ist, die Zange 15 ist offen und liegt unmittelbar vor der vorlaufenden Kante 21 des
Cordbandes. Die Schneidvorrichtung ist ebenfalls offen, das heißt das Obermesser
3 ist nach oben gefahren.</p>
    <p num="0014">In der unteren Wand 22 des Rechteckrohrs des Niederhalters 10 sind im Einzelnen
nicht gezeigte Aussparungen über die gesamte Länge beabstandet angeordnet,
in die über Stellmotoren im Oberteil 23 Permanentmagnete 24 eingefahren
werden können. Diese Permanentmagnete ziehen in der Position, in der sie in den
Aussparungen angeordnet sind, also beispielsweise in Fig. 4, eine unter dem
Cordband angeordnete ferromagnetische Klemmleiste 25 an und verklemmen auf
diese Art und Weise das Cordband 1 am Niederhalter 10, sodass in dieser Position
ein Hochfahren des Niederhalters 10 bedeutet, dass das Cordband 1 ebenfalls
vom Schneidtisch 26 mit abgehoben wird, also beispielsweise in die in Fig. 4 gezeigte
Grundstellung.</p>
    <p num="0015">Aus der Grundstellung nach Fig. 4 wird der Niederhalter 10 nach unten gefahren
(Fig. 5), wodurch die vorlaufende Kante 21 des Cordbandes 1 auf die offene Zange
15 abgelegt wird. Anschließend schließt die Zange 15, wie dies in Fig. 6 gezeigt
ist.</p>
    <p num="0016">Als nächster Schritt werden zunächst die Permanentmagnete 24 innerhalb des
Niederhalters nach oben gefahren, sodass die kraftschlüssige Verbindung zur
Klemmleiste 25 entfällt. Wird nunmehr der Niederhalter 10 nach oben in die Position
gemäß Fig. 7 gefahren, so bleibt die Klemmleiste 25 auf dem Klemmtisch 26
liegen, ebenso wie das Cordband 1. Das Material, also das Cordband, ist nicht 
mehr geklemmt. Nunmehr erfolgt der eigentliche Durchzug des Cordbandes 1
durch die Schneidvorrichtung indem die Zange in die nach links verschobene
Stellung in Fig. 8 zurückgezogen wird. Mit dieser Verschiebung senkrecht zu den
Messern der Schneidvorrichtung 4 kann dabei, wie bereits mehrfach angesprochen,
auch eine überlagernde Verschiebung der Zange 15 parallel zu den
Schneidkanten der Messer erfolgen, um entsprechend schräg geschnittene Cordbandabschnitte
zu erzeugen. Nach dem Durchziehen des Cordbandes durch die
geöffnete Schneidvorrichtung in die Position nach Fig. 8, wobei die Länge des
durchgezogenen Abschnitts über die Verfahrung der Zange natürlich beliebig eingestellt
werden kann, wird der Niederhalter 10 wieder in die Position gemäß Fig. 9
nach unten gefahren und verklemmt das Cordband 1 auf dem Schneidtisch 26.
Daraufhin öffnet die Zange 15 und wird ein weiteres Stück nach links verfahren,
um das vorlaufende Ende 21 des Cordbandes 1 freizugeben (Position gemäß Fig.
11), sodass beim anschließenden Schnitt durch Herunterfahren des Obermessers
3 ein Cordbandabschnitt 27 erzeugt wird, der frei von irgendwelchen Verzerrungen
ist. Dieser abgeschnittene Cordbandabschnitt 27 fällt auf das Abtransport-Förderband
5, wie es in Fig. 1 angedeutet ist und wird mithilfe dessen zu einer
Weiterverarbeitungsstation befördert. Anschließend wird die Schneidvorrichtung
geöffnet und anschließend der Niederhalter mit nach unten verfahrenen Permanentmagneten
24 wieder nach oben gefahren, während von links die Zange 15
wieder in Position vor der Schneidvorrichtung 4 verbracht wird (Fig. 13). Man hat
also dann in Fig. 13 wiederum die Ausgangsposition gemäß Fig. 4 und der Zyklus
des Durchziehens, Abschneidens und Abtransports der Cordbandabschnitte kann
wieder neu beginnen.</p>
    <p num="0017">Aus den Fig. 2 bis 3 ist zu erkennen, dass die Zange 15 aus mehreren nebeneinander
angeordneten Abschnitten 15a, 15b, 15c, 15d besteht, die einzeln angesteuert
werden können. Dies ermöglicht ein besseres Verklemmen über die ganze
Breite des Cordbandes unabhängig von der tatsächlichen Cordbandbreite. Bei
einer entsprechend langen einstückigen Zange könnten sich Schwierigkeiten beim
Klemmen ergeben, derart, dass nicht über die gesamte Kante des Cordbandes ein
kraftschlüssiges Verklemmen in der Zange stattfindet, was bei den auftretenden
Zugspannungen zu einer Verformung des Bandes über die Breite führen könnte. </p>
    <p num="0018">Solche Verformungen sollen aber hier unbedingt vermieden werden, da sie beim
nachfolgenden Weiterverarbeiten durch Zusammenspleißen der zunächst gebildeten
Cordbandabschnitte zu Fehlern führen müssten.</p>
  </description>
  <claims load-source="ep" status="new" lang="DE">
    <claim num="1">
      <claim-text>Vorschubeinrichtung zur Förderung eines dünnen und klebrigen Bandes,
insbesondere eines Cordbandes durch eine Schneidvorrichtung auf ein
Förderband zum Abtransport der Cordbandabschnitte, gekennzeichnet
durch eine Zugvorrichtung (14) mit einer die unter dem hochgefahrenen Obermesser
(3) der Schneidvorrichtung (4) liegende vorlaufende Cordbandkante
(21) ergreifenden Zange (15) um das Cordband (1) um eine der Abschnittbreite
entsprechende Strecke von der Abwickelrolle (6) durch die
Schneidevorrichtung (4) über das vorzugsweise tieferliegende Abtransport-Förderband
(5) zu ziehen.</claim-text>
    </claim>
    <claim num="2">
      <claim-text>Vorschubeinrichtung nach Anspruch 1, dadurch gekennzeichnet, dass in
Förderrichtung vor der Schneidvorrichtung (4) ein Niederhalter (10) mit einer
Klemmvorrichtung zum Anheben des vorlaufenden Cordbandes angeordnet
ist.</claim-text>
    </claim>
    <claim num="3">
      <claim-text>Vorschubeinrichtung nach Anspruch 2, dadurch gekennzeichnet, dass der
Niederhalter (10) eine Platte, vorzugsweise die untere Wand (22) eines
Rechteckrohrs, darstellt, das mit Aussparungen für gegenüber der Platte
höhenverstellbar angeordnete Magnete, vorzugsweise Permanentmagnete
(24), versehen ist, denen eine das Cordband (1) untergreifende an seinen
Enden vorzugsweise vertikal geführte ferromagnetische Klemmleiste (25)
zugeordnet ist.</claim-text>
    </claim>
    <claim num="4">
      <claim-text>Vorschubeinrichtung nach einem der Ansprüche 1 bis 3, dadurch gekennzeichnet,
dass die Zange (15) über die Zugvorrichtung (14) unabhängig
voneinander sowohl senkerecht, als auch parallel zur Schneidkante der
Schneidvorrichtung (4) verfahrbar ist.</claim-text>
    </claim>
    <claim num="5">
      <claim-text>Vorschubeinrichtung nach einem der Ansprüche 1 bis 4, dadurch gekennzeichnet,
dass die Zange (15) aus mehreren unabgängig voneinander
verklemmbaren Abschnitten (15a, 15b, 15c, 15d) besteht.</claim-text>
    </claim>
  </claims>
  <copyright>User acknowledges that the Information Retrieval Facility (IRF) and its third party providers retain all right, title and interest in and to this xml under applicable copyright laws. User acquires no ownership rights to this xml including but not limited to its format. User hereby accepts the terms and conditions of the Licence Agreement set forth at http://www.ir-facility.org/legal/marec/data_licence</copyright>
</patent-document>
