<?xml version="1.0" encoding="utf-8"?>
<!DOCTYPE patent-document PUBLIC "-//MXW//DTD patent-document XML//EN" "http://www.ir-facility.org/dtds/patents/v1.4/patent-document.dtd">
<patent-document ucid="EP-1239105-A1" country="EP" doc-number="1239105" kind="A1" lang="FR" family-id="8860823" status="new" date-produced="20090516" date="20020911">
  <bibliographic-data>
    <publication-reference ucid="EP-1239105-A1" status="new" fvid="23536542">
      <document-id status="new" format="original">
        <country>EP</country>
        <doc-number>1239105</doc-number>
        <kind>A1</kind>
        <date>20020911</date>
      </document-id>
    </publication-reference>
    <application-reference ucid="EP-02290566-A" status="new" is-representative="NO">
      <document-id status="new" format="epo">
        <country>EP</country>
        <doc-number>02290566</doc-number>
        <kind>A</kind>
        <date>20020307</date>
      </document-id>
    </application-reference>
    <priority-claims status="new">
      <priority-claim ucid="FR-0103076-A" status="new">
        <document-id status="new" format="epo">
          <country>FR</country>
          <doc-number>0103076</doc-number>
          <kind>A</kind>
          <date>20010307</date>
        </document-id>
      </priority-claim>
    </priority-claims>
    <technical-data status="new">
      <classifications-ipcr>
        <classification-ipcr status="new">E05B  15/00        20060101C I20051008RMEP        </classification-ipcr>
        <classification-ipcr status="new">E05B  15/02        20060101A I20051008RMEP        </classification-ipcr>
        <classification-ipcr status="new">E05B  17/00        20060101A I20051008RMEP        </classification-ipcr>
        <classification-ipcr status="new">E05B  17/00        20060101C I20051008RMEP        </classification-ipcr>
        <classification-ipcr status="new">E05B  63/00        20060101A I20051008RMEP        </classification-ipcr>
        <classification-ipcr status="new">E05B  63/00        20060101C I20051008RMEP        </classification-ipcr>
        <classification-ipcr status="new">E05C   9/00        20060101C I20070721RMEP        </classification-ipcr>
        <classification-ipcr status="new">E05C   9/18        20060101A I20070721RMEP        </classification-ipcr>
      </classifications-ipcr>
      <classification-ecla status="new">
        <classification-symbol scheme="EC">E05B  15/02E</classification-symbol>
        <classification-symbol scheme="EC">E05B  17/00H</classification-symbol>
        <classification-symbol scheme="EC">E05B  63/00B</classification-symbol>
        <classification-symbol scheme="EC">E05C   9/18B2</classification-symbol>
      </classification-ecla>
      <invention-title load-source="ep" status="new" lang="DE">Schloss und Schliessblech, insbesondere für Metallrahmen</invention-title>
      <invention-title load-source="ep" status="new" lang="EN">Lock and striker, in particular for metallic frames</invention-title>
      <invention-title load-source="ep" status="new" lang="FR">Serrure et gâche, notamment pour menuiserie métallique</invention-title>
    </technical-data>
    <parties>
      <applicants>
        <applicant status="new" format="epo">
          <addressbook>
            <name>STREMLER</name>
            <address>
              <country>FR</country>
            </address>
          </addressbook>
        </applicant>
        <applicant status="new" format="intermediate">
          <addressbook>
            <name>STREMLER</name>
          </addressbook>
        </applicant>
        <applicant status="new" format="original">
          <addressbook>
            <last-name>Stremler</last-name>
            <address>
              <street>Route d'Abbeville</street>
              <city>80860 Nouvion-en-Ponthieu</city>
              <country>FR</country>
            </address>
          </addressbook>
        </applicant>
      </applicants>
      <inventors>
        <inventor status="new" format="epo">
          <addressbook>
            <name>GUILLOT CLAUDE</name>
            <address>
              <country>FR</country>
            </address>
          </addressbook>
        </inventor>
        <inventor status="new" format="epo">
          <addressbook>
            <name>LEGRIS PHILIPPE</name>
            <address>
              <country>FR</country>
            </address>
          </addressbook>
        </inventor>
        <inventor status="new" format="intermediate">
          <addressbook>
            <name>GUILLOT, CLAUDE</name>
          </addressbook>
        </inventor>
        <inventor status="new" format="intermediate">
          <addressbook>
            <name>LEGRIS, PHILIPPE</name>
          </addressbook>
        </inventor>
        <inventor status="new" format="original">
          <addressbook>
            <last-name>GUILLOT, CLAUDE</last-name>
            <address>
              <street>13, rue de Bas Le Chaussoy</street>
              <city>80870 Toeufles</city>
              <country>FR</country>
            </address>
          </addressbook>
        </inventor>
        <inventor status="new" format="original">
          <addressbook>
            <last-name>LEGRIS, PHILIPPE</last-name>
            <address>
              <street>54, rue Léopold Louchart</street>
              <city>80970 Sailly-Flibeaucourt</city>
              <country>FR</country>
            </address>
          </addressbook>
        </inventor>
      </inventors>
      <agents>
        <agent status="new" format="original">
          <addressbook>
            <last-name>Kaspar, Jean-Georges</last-name>
            <address>
              <street>Cabinet Tony-Durand, 78, avenue Raymond Poincaré</street>
              <city>75116 Paris</city>
              <country>FR</country>
            </address>
          </addressbook>
        </agent>
      </agents>
    </parties>
    <international-convention-data>
      <designated-states>
        <ep-contracting-states>
          <country>AT</country>
          <country>BE</country>
          <country>CH</country>
          <country>CY</country>
          <country>DE</country>
          <country>DK</country>
          <country>ES</country>
          <country>FI</country>
          <country>FR</country>
          <country>GB</country>
          <country>GR</country>
          <country>IE</country>
          <country>IT</country>
          <country>LI</country>
          <country>LU</country>
          <country>MC</country>
          <country>NL</country>
          <country>PT</country>
          <country>SE</country>
          <country>TR</country>
        </ep-contracting-states>
      </designated-states>
    </international-convention-data>
  </bibliographic-data>
  <abstract load-source="docdb" source="EPO" status="new" lang="EN">
    <p>The lock has a pivoting bolt in the basic shape of a parrot's beak to engage with a catch plate (2), the bolt having a tapering portion (5a) bounded by two inclined lateral edges (5b), and the catch plate made with an aperture having a broad section (2a) to receive the bolt and a narrow section (2b) to lock it. The bolt also has two parallel faces adjoining the inclined edges, which ensure that the bolt is fixed once it has been inserted into the catch plate and turned on its pivot.</p>
  </abstract>
  <abstract load-source="ep" status="new" lang="FR">
    <p>Une serrure, notamment pour menuiserie métallique, comporte un pêne
pivotant apte à coopérer avec une gâche (2). Le pêne comporte une partie rétrécie
(5a) d'engagement bordée de deux bords inclinés (5b) latéraux d'engagement sur le
bord d'une gâche (2) correspondante. La gâche (2) comporte une partie élargie (2a)
d'engagement et une partie rétrécie (2b) de verrouillage.
<img id="img-00000001" orientation="unknown" wi="55" img-format="tif" img-content="ad" file="00000001.tif" inline="no" he="124"/></p>
  </abstract>
  <description load-source="ep" status="new" lang="FR">
    <p num="0001">L'invention est relative à une serrure comportant un pêne pivotant apte à
coopérer avec une gâche.</p>
    <p num="0002">L'invention est également relative à une gâche destinée à coopérer avec le
pêne pivotant d'une serrure selon l'invention.</p>
    <p num="0003">On connaít de nombreuses serrures, notamment des serrures destinées à être
posées sur des menuiseries métalliques, en particulier des menuiseries en aluminium.
Ces serrures donnent généralement satisfaction, dans le cas où la porte ou fenêtre en
aluminium est sensiblement coplanaire avec son cadre. Par contre, dans le cas où la
porte ou fenêtre en aluminium est cintrée sous l'action d'un phénomène thermique ou
présente un désalignement dû à un problème de pose ou à une tentative d'effraction,
l'actionnement de la serrure devient difficile, voire impossible.</p>
    <p num="0004">L'invention a pour but de remédier aux inconvénients de la technique connue,
en proposant une nouvelle serrure, notamment une serrure pour menuiserie
métallique dont la fermeture est obtenue même avec porte déformée ou cintrée, par
exemple sous l'action de phénomènes thermiques.</p>
    <p num="0005">L'invention a pour objet une serrure, notamment pour menuiserie métallique,
comportant en combinaison un pêne pivotant et une gâche, le pêne pivotant étant
apte à coopérer avec ladite gâche, caractérisée en ce que le pêne comporte une partie
rétrécie d'engagement bordée de deux bords inclinés latéraux d'engagement sur le
bord de la gâche, et en ce que la gâche comporte une partie élargie d'engagement et
une partie rétrécie de verrouillage.</p>
    <p num="0006">Selon d'autres caractéristiques de l'invention :
<ul list-style="bullet"><li>le pêne comporte deux faces parallèles bordant les deux plans inclinés
latéraux d'engagement, de manière à assurer le verrouillage de la serrure après
basculement complet du pêne,</li><li>le pêne présente une conformation générale sensiblement en forme de bec
de perroquet, qui va en s'élargissant progressivement de sa partie rétrécie
d'engagement jusqu'à sa partie élargie de verrouillage,</li><li>le pêne porte un moyen de commande d'un coulisseau d'actionnement de
tringle(s) de fermeture, </li><li>ledit moyen de commande est un axe guidé dans une rainure en arc de cercle
et coopérant avec une rainure du coulisseau d'actionnement,</li><li>le coulisseau d'actionnement est guidé en translation par un moyen solidaire
du coffre de la serrure,</li><li>ladite conformation de pêne est une conformation sensiblement de
révolution autour de l'axe de pivotement du pêne,</li><li>la section radiale de ladite conformation de pêne est sensiblement
symétrique par rapport au plan médian du pêne.</li></ul></p>
    <p num="0007">L'invention sera mieux comprise grâce à la description qui va suivre donnée à
titre d'exemple non limitatif en référence aux dessins annexés dans lesquels :
<ul list-style="bullet"><li>La figure 1 représente schématiquement une vue avec coupe et arrachement
partiel d'un ensemble selon l'invention comportant une serrure et une gâche, en
position d'ouverture.</li><li>La figure 2 représente schématiquement une vue de côté dans le sens de la
flèche II de la figure 1 d'un ensemble selon l'invention comportant une serrure et une
gâche, en position d'ouverture.</li><li>La figure 3 représente schématiquement une vue en élévation latérale avec
coupe et arrachement partiel d'un ensemble selon l'invention comportant une serrure
une gâche, en position d'engagement.</li><li>La figure 4 représente schématiquement une vue de côté dans le sens de la
flèche IV de la figure 3 d'un ensemble selon l'invention comportant une serrure et
une gâche, en position d'engagement.</li><li>La figure 5 représente schématiquement une vue en élévation latérale avec
coupe et arrachement partiel d'un ensemble selon l'invention comportant une serrure
et une gâche, en position intermédiaire.</li><li>La figure 6 représente schématiquement une vue dans le sens de la flèche VI
de la figure 5 d'un ensemble selon l'invention comportant une serrure et une gâche,
en position intermédiaire. </li><li>La figure 7 représente schématiquement une vue en élévation avec coupe et
arrachement partiel d'un ensemble selon l'invention comportant une serrure et une
gâche, en position de verrouillage.</li><li>La figure 8 représente schématiquement une vue de côté dans le sens de la
flèche VIII de la figure 7 d'un ensemble selon l'invention comportant une serrure et
une gâche, en position de verrouillage.</li></ul></p>
    <p num="0008">En référence aux figures 1 à 8, les éléments identiques ou fonctionnellement
équivalents sont repérés par des chiffres de référence identiques.</p>
    <p num="0009">Sur les figures 1 à 8, le couvercle de la serrure 1 a été omis pour exposer les
éléments internes de la serrure et la gâche est représentée en coupe partielle par son
plan médian P.</p>
    <p num="0010">Un ensemble selon l'invention comporte une serrure 1 selon l'invention apte à
être associée par exemple à une gâche 2 selon l'invention.</p>
    <p num="0011">La gâche 2 comporte deux passages 3a, 3b de vis pour la fixation de la gâche
2 sur un cadre dormant de menuiserie métallique. La serrure 1 comporte un coffre 4
contenant un pêne 5, et éventuellement un coulisseau 6 d'actionnement et de
commande de tringles de fermeture, dont une seule 7 est représentée.</p>
    <p num="0012">Le coulisseau 6 d'actionnement comporte une fente 8 de guidage sur un axe 9
solidaire du coffre 1 de la serrure. Le pêne 5 porte un axe de commande 10 apte à
circuler dans une fente 11 en arc de cercle pratiquée dans le coffre 1, pour déplacer le
coulisseau 6 par l'intermédiaire de la rainure 12 de commande.</p>
    <p num="0013">La pêne 5 pivotant ou basculant comporte une extrémité rétrécie 5a bordée de
deux plans inclinés 5b et d'engagement dans la gâche 2.</p>
    <p num="0014">Dans le cas d'une gâche 2 selon l'invention, l'ouverture de la gâche 2
comporte une partie supérieure 2a élargie se rétrécissant vers le bas jusqu'à une partie
rétrécie 2b avec éventuellement des chanfreins 2c dans la partie intermédiaire
destinés à coopérer avec les plans inclinés 5b.</p>
    <p num="0015">Sur la figure 2, un écart transversal important résultant d'une déformation
éventuelle de la porte en aluminium portant la serrure 1 n'empêche pas l'entrée du 
pêne 5 dans la gâche 2, en raison du fait que l'extrémité rétrécie 5a est engagée dans
la partie élargie 2a de la gâche 2.</p>
    <p num="0016">Pour passer de la position d'ouverture représentée aux figures 1 et 2 à la
position d'engagement représentée aux figures 3 et 4, un actionnement du pêne
pivotant 5 est nécessaire pour engager complètement l'extrémité 5a à l'intérieure de la
partie élargie 2a de la gâche 2.</p>
    <p num="0017">L'entrée du bec rétréci 5a du pêne 5 dans la gâche 2 permet l'interaction des
plans inclinés 5b avec un des chanfreins 2c de la gâche 2 en produisant ainsi un
effort transversal et une déformation transversale relative de la porte ou fenêtre
métallique par rapport à son cadre dormant. Cette interaction a pour effet de recentrer
la serrure 1 par rapport à la gâche 2 pour permettre la poursuite de l'engagement du
pêne 5 dans la gâche 2.</p>
    <p num="0018">Le déplacement du coulisseau 6 produit l'entraínement et le pivotement du
pêne basculant 5, ce déplacement du coulisseau 6 produisant au moyen de la rainure
de commande 12 du coulisseau 6 un entraínement de l'axe 10 solidaire du pêne 5 et
circulant dans la rainure 11 en arc de cercle du coffre 1.</p>
    <p num="0019">Le déplacement du coulisseau 6 produit également un entraínement vers le
haut d'une tringle de fermeture telle que 7. La serrure 1 selon l'invention est dans cet
exemple une serrure multipoints pouvant être munie d'une ou deux tringles de
fermeture 7.</p>
    <p num="0020">Pour passer de la position d'engagement des figures 3 et 4 à la position
intermédiaire des figures 5 et 6, l'opérateur continue à tourner le pêne pivotant ou
basculant 5 dans le sens de la fermeture et engage le plan incliné 5b du pêne 5 dans
la zone d'extrémité du chanfrein 2c de la gâche 2.</p>
    <p num="0021">Cette action complémentaire réduit encore l'écart transversal entre la porte ou
fenêtre métallique et son dormant, en raison de l'effort transversal et du déplacement
transversal produit par cet effort grâce à l'interaction du plan incliné 5b et du
chanfrein d'engagement 2c de la gâche 2.</p>
    <p num="0022">Dans cette position, le coulisseau de commande 6 continue à être déplacé vers
le haut en raison de l'interaction de sa rainure de commande 12 menée par l'axe
menant 10 solidaire du pêne 5. Le déplacement du coulisseau 6 produit 
l'entraínement vers le haut de la tringle de fermeture 7 agissant sur un ou plusieurs
points de fermeture intérieure.</p>
    <p num="0023">Pour passer de la position intermédiaire des figures 5 et 6 à la position de
verrouillage des figures 7 et 8, on pivote le pêne basculant pivotant 5 à fond dans le
sens de la fermeture, ce qui entraíne un contact tangent des plans latéraux du pêne
avec la partie rétrécie 2b de la gâche 2.</p>
    <p num="0024">Cet engagement plan sur plan correspond à un verrouillage stable, même en
présente de vibrations ou de tentatives d'effraction de la porte ou fenêtre métallique
portant le serrure 1. Le bec de l'extrémité rétrécie 5a est engagé derrière la partie la
plus basse de la partie rétrécie 2b de la gâche 2.</p>
    <p num="0025">En raison de la progressivité des rampes 2c de la gâche 2 et des plans inclinés
5b et d'engagement du pêne 5, les fermeture et ouverture de la porte ou fenêtre
métallique s'effectuent sans effort excessif, tout en permettant un redressement des
menuiseries métalliques déformées thermiquement ou mal posées ou ayant subi des
tentatives d'effraction.</p>
    <p num="0026">L'invention décrite en référence à un mode de réalisation particulier, n'y est
nullement limitée mais couvre au contraire toute variante de réalisation et toute
modification de forme dans le cadre et l'esprit de l'invention.</p>
  </description>
  <claims load-source="ep" status="new" lang="FR">
    <claim num="1">
      <claim-text>Serrure, notamment pour menuiserie métallique, comportant en
combinaison un pêne (5) pivotant et une gâche (2), le pêne (5) pivotant étant
apte à coopérer avec ladite gâche (2), caractérisée en ce que le pêne (5)
comporte une partie rétrécie (5a) d'engagement bordée de deux bords inclinés
(5b) latéraux d'engagement sur le bord de la gâche (2), et en ce que la gâche
comporte une partie élargie (2a) d'engagement et une partie rétrécie (2b) de
verrouillage.</claim-text>
    </claim>
    <claim num="2">
      <claim-text>Serrure selon la revendication 1, caractérisée en ce que le pêne (5)
comporte deux faces parallèles (5c) bordant les deux plans inclinés (5b)
latéraux d'engagement, de manière à assurer le verrouillage de la serrure
après basculement complet du pêne (5) à l'intérieur de la gâche (2).</claim-text>
    </claim>
    <claim num="3">
      <claim-text>Serrure selon l'une quelconque des revendications précédentes,
caractérisée en ce que le pêne (5) présente une conformation générale
sensiblement en forme de bec de perroquet, qui va en s'élargissant
progressivement de sa partie rétrécie (5a) d'engagement jusqu'à sa partie (5c)
élargie de verrouillage dans la gâche (2).</claim-text>
    </claim>
    <claim num="4">
      <claim-text>Serrure selon la revendication 1, caractérisée en ce que la partie de
transition entre la partie élargie (2a) d'engagement de la gâche (2) et la partie
rétrécie (2b) de verrouillage de la gâche (2) comporte au moins un chanfrein
(2c) d'engagement.</claim-text>
    </claim>
    <claim num="5">
      <claim-text>Serrure selon la revendication 1 ou la revendication 2, caractérisée
en ce que le pêne (5) porte un moyen (10) de commande d'un coulisseau (6)
d'actionnement de tringle (s) (7) de fermeture.</claim-text>
    </claim>
    <claim num="6">
      <claim-text>Serrure selon la revendication 5, caractérisée en ce que ledit moyen
(10) de commande est un axe (10) guidé dans une rainure (11) en arc de
cercle et coopérant avec une rainure (12) du coulisseau d'actionnement (6).</claim-text>
    </claim>
    <claim num="7">
      <claim-text>Serrure selon la revendication 5 ou la revendication 6, caractérisée
en ce que le coulisseau (6) d'actionnement est guidé en translation par un
moyen (9) solidaire du coffre (1) de la serrure.</claim-text>
    </claim>
    <claim num="8">
      <claim-text>Serrure selon la revendication 3, caractérisée en ce que ladite
conformation de pêne (5) est une conformation sensiblement de révolution
autour de l'axe de pivotement du pêne.</claim-text>
    </claim>
    <claim num="9">
      <claim-text>Serrure selon la revendication 3 ou la revendication 8, caractérisée
en ce que la section radiale de ladite conformation de pêne (5) est
sensiblement symétrique par rapport au plan médian du pêne (5).</claim-text>
    </claim>
  </claims>
  <copyright>User acknowledges that the Information Retrieval Facility (IRF) and its third party providers retain all right, title and interest in and to this xml under applicable copyright laws. User acquires no ownership rights to this xml including but not limited to its format. User hereby accepts the terms and conditions of the Licence Agreement set forth at http://www.ir-facility.org/legal/marec/data_licence</copyright>
</patent-document>
