<?xml version="1.0" encoding="utf-8"?>
<!DOCTYPE patent-document PUBLIC "-//MXW//DTD patent-document XML//EN" "http://www.ir-facility.org/dtds/patents/v1.4/patent-document.dtd">
<patent-document ucid="EP-1255117-A2" country="EP" doc-number="1255117" kind="A2" lang="FR" family-id="8863005" status="new" date-produced="20090516" date="20021106">
  <bibliographic-data>
    <publication-reference ucid="EP-1255117-A2" status="new" fvid="23583670">
      <document-id status="new" format="original">
        <country>EP</country>
        <doc-number>1255117</doc-number>
        <kind>A2</kind>
        <date>20021106</date>
      </document-id>
    </publication-reference>
    <application-reference ucid="EP-02291043-A" status="new" is-representative="NO">
      <document-id status="new" format="epo">
        <country>EP</country>
        <doc-number>02291043</doc-number>
        <kind>A</kind>
        <date>20020424</date>
      </document-id>
    </application-reference>
    <priority-claims status="new">
      <priority-claim ucid="FR-0106020-A" status="new">
        <document-id status="new" format="epo">
          <country>FR</country>
          <doc-number>0106020</doc-number>
          <kind>A</kind>
          <date>20010504</date>
        </document-id>
      </priority-claim>
    </priority-claims>
    <technical-data status="new">
      <classifications-ipcr>
        <classification-ipcr status="new">B62D   1/16        20060101ALI20051220RMJP        </classification-ipcr>
        <classification-ipcr status="new">B62D   1/16        20060101CLI20051220RMJP        </classification-ipcr>
        <classification-ipcr status="new">B62D   5/04        20060101ALI20051220RMJP        </classification-ipcr>
        <classification-ipcr status="new">B62D   5/04        20060101CLI20051220RMJP        </classification-ipcr>
        <classification-ipcr status="new">F16C  41/00        20060101ALI20051220RMJP        </classification-ipcr>
        <classification-ipcr status="new">F16C  41/00        20060101CLI20051220RMJP        </classification-ipcr>
        <classification-ipcr status="new">G01D   5/12        20060101CFI20051220RMJP        </classification-ipcr>
        <classification-ipcr status="new">G01D   5/245       20060101AFI20051220RMJP        </classification-ipcr>
        <classification-ipcr status="new">G01P   3/42        20060101C I20051008RMEP        </classification-ipcr>
        <classification-ipcr status="new">G01P   3/44        20060101A I20051008RMEP        </classification-ipcr>
      </classifications-ipcr>
      <classification-ecla status="new">
        <classification-symbol scheme="EC">G01P   3/44B</classification-symbol>
      </classification-ecla>
      <invention-title load-source="ep" status="new" lang="DE">Aus einem Wälzlager mit Geschwindigkeitsaufnehmer und einem Gehäuse mit zugehöriger Einschubhülse bestehende Anordnung</invention-title>
      <invention-title load-source="ep" status="new" lang="EN">Assembly consisting of a roller bearing with speed sensor and a housing associated with a sleeve</invention-title>
      <invention-title load-source="ep" status="new" lang="FR">Ensemble comprenant un roulement instrumenté d'un capteur de vitesse et un logement associés par une piece d'emmanchement</invention-title>
    </technical-data>
    <parties>
      <applicants>
        <applicant status="new" format="epo">
          <addressbook>
            <name>ROULEMENTS SOC NOUVELLE</name>
            <address>
              <country>FR</country>
            </address>
          </addressbook>
        </applicant>
        <applicant status="new" format="intermediate">
          <addressbook>
            <name>SNR ROULEMENTS</name>
          </addressbook>
        </applicant>
        <applicant status="new" format="original">
          <addressbook>
            <last-name>SNR ROULEMENTS</last-name>
            <address>
              <street>1, rue des Usines</street>
              <city>F-74010 Annecy</city>
              <country>FR</country>
            </address>
          </addressbook>
        </applicant>
      </applicants>
      <inventors>
        <inventor status="new" format="epo">
          <addressbook>
            <name>BEAUPREZ JEAN-MICHEL</name>
            <address>
              <country>FR</country>
            </address>
          </addressbook>
        </inventor>
        <inventor status="new" format="intermediate">
          <addressbook>
            <name>BEAUPREZ, JEAN-MICHEL</name>
          </addressbook>
        </inventor>
        <inventor status="new" format="original">
          <addressbook>
            <last-name>BEAUPREZ, JEAN-MICHEL</last-name>
            <address>
              <street>Morthery</street>
              <city>74270 Menthonney-Sous-Clermont</city>
              <country>FR</country>
            </address>
          </addressbook>
        </inventor>
      </inventors>
      <agents>
        <agent status="new" format="original">
          <addressbook>
            <last-name>Geismar, Thierry</last-name>
            <address>
              <street>Bouju Derambure Bugnion, 52, rue de Monceau</street>
              <city>75008 Paris</city>
              <country>FR</country>
            </address>
          </addressbook>
        </agent>
      </agents>
    </parties>
    <international-convention-data>
      <designated-states>
        <ep-contracting-states>
          <country>AT</country>
          <country>BE</country>
          <country>CH</country>
          <country>CY</country>
          <country>DE</country>
          <country>DK</country>
          <country>ES</country>
          <country>FI</country>
          <country>FR</country>
          <country>GB</country>
          <country>GR</country>
          <country>IE</country>
          <country>IT</country>
          <country>LI</country>
          <country>LU</country>
          <country>MC</country>
          <country>NL</country>
          <country>PT</country>
          <country>SE</country>
          <country>TR</country>
        </ep-contracting-states>
      </designated-states>
    </international-convention-data>
  </bibliographic-data>
  <abstract load-source="docdb" source="EPO" status="new" lang="EN">
    <p>Assembly comprises a bearing (1) with a housing (2) that retains the bearing radially and axially in one direction. The assembly also comprises a bearing enclosure piece (20) to the inside of the housing with the piece also forming a retainer for a bearing sensor (12) and the fixed bearing ring (4) and a second retainer means (26) cooperating with bearing retainer (27) to ensure the bearing is held in position. An Independent claim is also included for a corresponding motor vehicle steering system using the inventive assembly with the steering column contained in the bearing assembly.</p>
  </abstract>
  <abstract load-source="ep" status="new" lang="FR">
    <p>Ensemble comprenant un roulement (1) équipé d'un dispositif capteur
d'informations et un logement (2) à l'intérieur duquel ledit roulement est
emmanché, dans lequel :
<ul list-style="bullet"><li>ledit logement (2) est agencé pour permettre un blocage radial dudit
roulement (1) ;</li><li>ledit logement (2) présente des premiers moyens de blocage axial (19) du
roulement (1) dans un sens ;</li></ul>
ledit ensemble comprenant en outre une pièce d'emmanchement (20) du
roulement (1) à l'intérieur du logement (2), ladite pièce (20) étant pourvue, en
combinaison :
<ul list-style="bullet"><li>d'un dispositif de retenue axiale mutuelle du capteur (12) et de la bague fixe
(4) ;</li><li>de deuxièmes moyens de blocage (26) du roulement (1), lesdits deuxièmes
moyens étant agencés pour coopérer avec des moyens complémentaires
(27) prévus sur le logement (2) de sorte à assurer le blocage du roulement
(1) au moins dans l'autre sens.</li></ul> <img id="img-00000001" orientation="unknown" wi="73" img-format="tif" img-content="ad" file="00000001.tif" inline="no" he="137"/></p>
  </abstract>
  <description load-source="ep" status="new" lang="FR">
    <p num="0001">L'invention concerne un ensemble comprenant un roulement équipé d'un
dispositif capteur d'informations et un logement à l'intérieur duquel ledit
roulement est emmanché.</p>
    <p num="0002">De tels ensembles permettent d'une part la mise en rotation d'un organe
tournant en l'associant à la bague tournante et d'autre part le blocage en
position du roulement et de l'organe par rapport au logement.</p>
    <p num="0003">L'invention concerne également un système de direction de véhicule
automobile comprenant une colonne de direction emmanchée dans la bague
intérieure d'un tel ensemble et un tube de direction dans lequel le logement est
formé pour recevoir en rotation ladite colonne.</p>
    <p num="0004">Dans de tels ensembles, lorsque le roulement est équipé d'un dispositif capteur
de vitesse de rotation, de positon angulaire et/ou de sens de rotation de la
bague tournante par rapport à la bague fixe, les informations peuvent être
converties en signaux fonction du couple exercé sur la colonne par
l'intermédiaire du volant, lesdits signaux étant utilisés par un calculateur
d'assistance de direction.</p>
    <p num="0005">Dans un autre exemple d'application, de tels ensembles sont utilisés pour les
roues de véhicules automobiles qui sont pourvues de système anti-blocage
desdites roues, et les informations sont alors notamment utilisées par un
calculateur d'assistance au freinage.</p>
    <p num="0006">On connaít déjà des roulements équipés d'un dispositif capteur d'informations
qui comprend un codeur générateur d'impulsions magnétiques associé à la
bague tournante et, associé à la bague fixe, un capteur muni d'au moins deux
éléments sensibles aptes à détecter ces impulsions.</p>
    <p num="0007">Par ailleurs, on connaít du document US-5 927 867 un dispositif de fixation
comprenant une douille pourvue de saillies, ladite douille étant emmanchée sur
la bague extérieure du roulement avec les saillies disposées à l'intérieur d'une 
rainure prévue dans le logement. Dans un mode de réalisation, la douille porte
le capteur.</p>
    <p num="0008">Cette réalisation présente de nombreux inconvénients.</p>
    <p num="0009">En particulier, elle ne permet pas d'assurer une fixation suffisamment sûre du
roulement à l'intérieur du logement. En effet, la fixation est assurée seulement
par une portée d'encastrement sur laquelle tous les efforts subis par le
roulement s'appliquent.</p>
    <p num="0010">En outre, le capteur étant associé à la douille qui est susceptible de bouger
notamment en rotation sous l'effet des efforts subis, cette réalisation n'assure
pas un positionnement précis du capteur par rapport au codeur.</p>
    <p num="0011">Et, notamment pour des utilisations de sécurité telles que l'anti-blocage des
roues ou l'assistance à la direction, le capteur doit être solidarisé au roulement
de façon précise et sûre afin que les éléments sensibles soient toujours en
regard et à distance d'entrefer du codeur.</p>
    <p num="0012">L'invention vise donc notamment à remédier à ces inconvénients en proposant
un ensemble dans lequel d'une part le roulement est fixé de façon sûre à
l'intérieur du logement et d'autre part les éléments sensibles du capteur sont
disposés de façon précise et sûre en regard et à distance d'entrefer du codeur.</p>
    <p num="0013">A cet effet et selon un premier aspect, l'invention propose un ensemble
comprenant un roulement équipé d'un dispositif capteur d'informations et un
logement à l'intérieur duquel ledit roulement est emmanché, dans lequel :
<ul list-style="bullet"><li>ledit roulement comprend une bague intérieure tournante destinée à être
associée à un organe tournant, une bague extérieure fixe emmanchée dans
le logement et des corps roulants disposés entre elles ;</li><li>ledit dispositif capteur d'informations comprend un codeur générateur
d'impulsions magnétiques associé à la bague tournante et, associé à la 
bague fixe, un capteur muni d'au moins deux éléments sensibles aptes à
détecter ces impulsions ;</li><li>ledit logement est agencé pour permettre un blocage radial dudit roulement ;</li><li>ledit logement présente des premiers moyens de blocage axial du roulement
dans un sens ;</li></ul>
ledit ensemble comprenant en outre une pièce d'emmanchement du roulement
à l'intérieur du logement, ladite pièce étant pourvue, en combinaison :
<ul list-style="bullet"><li>d'un dispositif de retenue axiale mutuelle du capteur et de la bague fixe ;</li><li>de deuxièmes moyens de blocage du roulement, lesdits deuxièmes moyens
étant agencés pour coopérer avec des moyens complémentaires prévus sur
le logement de sorte à assurer le blocage du roulement au moins dans
l'autre sens.</li></ul></p>
    <p num="0014">Selon un deuxième aspect, l'invention propose un système de direction de
véhicule automobile comprenant une colonne de direction emmanchée dans la
bague intérieure d'un tel ensemble et un tube de direction recevant ladite
colonne en rotation, dans lequel le logement est formé dans le tube.</p>
    <p num="0015">D'autres objets et avantages de l'invention apparaítront au cours de la
description qui suit, faite en référence aux dessins annexés, dans lesquels :
<ul list-style="bullet"><li>la figure 1 représente, en coupe longitudinale, un premier mode de
réalisation d'un ensemble selon l'invention ;</li><li>la figure 2 représente une vue avant en coupe partielle suivant II de
l'ensemble représenté sur la figure 1 ;</li><li>la figure 3 représente, en coupe longitudinale, un deuxième mode de
réalisation d'un ensemble selon l'invention.</li></ul></p>
    <p num="0016">Sur les figures 1 à 3 est représenté un ensemble comprenant un roulement 1
équipé d'un dispositif capteur d'informations et un logement 2 à l'intérieur
duquel ledit roulement 1 est associé par emmanchement. </p>
    <p num="0017">Le roulement 1 comprend une bague extérieure fixe 3 emmanchée dans le
logement 2, une bague intérieure tournante 4 et des corps roulants 5 disposés
entre elles afin de permettre la rotation relative de ces deux bagues 4, 5 autour
d'un axe 6.</p>
    <p num="0018">Par emmanchement, on entend que le roulement 1 est disposé à force dans le
logement 2 avec la face supérieure de la bague fixe 3 associée à la face
intérieure du logement 2.</p>
    <p num="0019">Dans la description, les termes « extérieur » et « intérieur » sont définis par
rapport à un plan respectivement opposé et en regard de l'axe 6, les termes
« axial» ou « transversal » sont définis par rapport à un plan parallèle à l'axe 6,
les termes « radial » ou « latéral » sont définis par rapport à un plan
perpendiculaire à l'axe 6, les termes « avant » et « arrière » sont définis par
rapport aux indices av et ar placés sur les figures, les dimensions mesurées
selon l'axe 6 ou perpendiculairement à lui sont dites respectivement « axiales »
et « radiales ».</p>
    <p num="0020">Dans les modes de réalisation représentés, un chemin de roulement 7, 8 est
réalisé respectivement sur la face intérieure de la bague fixe 3 et sur la face
extérieure de la bague tournante 4, et le roulement est assuré par une rangée
de billes 5 qui sont maintenues à équidistance par une cage 9.</p>
    <p num="0021">De tels roulements 1 sont par exemple utilisés pour assurer la rotation d'une
colonne de direction ou celle des roues d'un véhicule automobile. A cet effet, la
bague intérieure 4 présente un alésage 10 destiné à loger la colonne de
direction ou le moyeu de la roue.</p>
    <p num="0022">Lorsque l'on veut connaítre la vitesse de rotation, le sens de déplacement et/ou
la position angulaire de la bague tournante 4 par rapport à la bague fixe 3, il est
connu d'utiliser un dispositif capteur d'informations comprenant un codeur 11
générateur d'impulsions magnétiques associé à la bague tournante 4 et, 
associé à la bague fixe 3, un capteur 12 muni d'au moins deux éléments
sensibles 13 aptes à détecter ces impulsions.</p>
    <p num="0023">Ce type d'informations, après traitement électronique tel que par exemple celui
décrit dans le document FR-2 792 380, est classiquement utilisé dans des
systèmes d'aide à la conduite tels que l'assistance de direction ou des
systèmes d'anti-blocage des roues.</p>
    <p num="0024">Dans un exemple particulier, le codeur 11 est formé d'un anneau multipolaire
en matériau synthétique chargé de particules de ferrite formé d'une pluralité de
domaines contigus à direction d'aimantation inversée d'un domaine donné par
rapport aux deux domaines qui lui sont contigus.</p>
    <p num="0025">Dans les modes de réalisation représentés, le codeur 11 est surmoulé sur une
portée cylindrique annulaire et radiale 14a d'une armature 14. L'armature 14
comprend également une portée cylindrique annulaire et axiale 14b qui est
associée, par exemple par emmanchement, sur la face extérieure de la bague
intérieure 4. Cette réalisation permet la mise en rotation conjointe du codeur 11
et de la bague intérieure 4.</p>
    <p num="0026">Dans un exemple particulier, le capteur 12 comprend au moins deux éléments
sensibles 13, par exemple une pluralité d'éléments sensibles alignés, qui sont
choisis parmi les sondes à effet Hall, les magnétorésistances, les
magnétorésistances géantes. De façon connue, de tels éléments sont aptes à
détecter les impulsions magnétiques générées par le codeur 11 de sorte à
fournir des signaux par exemple représentatifs de la vitesse de rotation, du
sens de déplacement et/ou de la position angulaire de la bague tournante 4 par
rapport à bague fixe 3.</p>
    <p num="0027">Dans les modes de réalisation représentés sur les figures, le capteur 12 est
formé d'un anneau 15 concentrique au roulement 1 et un alésage 16 est formé
dans l'anneau 15 pour qu'il n'interfère pas avec la rotation de la bague
tournante 4. </p>
    <p num="0028">L'anneau 15 comprend une extension périphérique 17 s'étendant axialement
vers l'arrière et dont la longueur est agencée pour, en venant en appui sur la
face latérale avant 18 de la bague fixe 3, permettre le positionnement des
éléments sensibles 13 en regard et à distance d'entrefer du codeur 11.</p>
    <p num="0029">A cet effet, la face latérale avant 18 ne comporte aucun usinage spécifique pour
permettre le maintien ou la mise en position du capteur 12 avec les éléments
sensibles 13 à distance d'entrefer du codeur 11.</p>
    <p num="0030">Dans un exemple particulier, le capteur 12 est réalisé de façon monobloc, par
exemple par moulage d'un matériau plastique, avec les éléments sensibles 13
disposés dans la masse de l'anneau 15.</p>
    <p num="0031">Dans les modes de réalisation représentés, le logement 2 est cylindrique avec
un diamètre intérieur sensiblement égal au diamètre extérieur de la bague
extérieure 3 afin de permettre l'emmanchement en assurant un blocage radial
du roulement 1 à l'intérieur du logement 2.</p>
    <p num="0032">Dans un exemple particulier, le logement 2 est formé dans un tube de direction
de sorte à être intégré à lui, et le roulement 1 permet le blocage axial et radial
ainsi que la mise en rotation d'une colonne de direction à l'intérieur de ce tube.</p>
    <p num="0033">A cet effet, le logement 2 peut soit être formé d'un tronçon de tube soit être
réalisée dans un tronçon de tube, par exemple par usinage ou déformation de
celui-ci.</p>
    <p num="0034">Le logement 2 présente des premiers moyens de blocage axial du roulement
dans un sens qui sont formés d'un épaulement 19 dont le diamètre intérieur est
inférieur au diamètre extérieur de la bague extérieure 3. </p>
    <p num="0035">Ainsi, lorsque le roulement 1 est introduit dans le logement 2 par l'avant, le
roulement vient en butée axiale sur l'épaulement 19 ce qui assure son blocage
vers l'arrière.</p>
    <p num="0036">L'ensemble comprend en outre une pièce d'emmanchement 20 du roulement 1
à l'intérieur du logement 2, ladite pièce étant agencée pour sensiblement ne
pas limiter la longueur de la portée d'emmanchement.</p>
    <p num="0037">Cette réalisation permet d'assurer le blocage d'une part du roulement 1 à
l'intérieur du logement 2 et d'autre part de la pièce 20 par rapport au logement 2
et au roulement 1.</p>
    <p num="0038">Dans les modes de réalisation représentés sur les figures, la pièce
d'emmanchement est formée d'une gaine 20, par exemple réalisée en matériau
métallique par usinage dans la masse ou à partir d'un tube, qui comprend une
portée cylindrique d'emmanchement 21 s'étendant sur au moins une partie des
faces transversales extérieures du capteur 12 et de la bague fixe 3.</p>
    <p num="0039">En outre, la gaine 20 est pourvue d'un dispositif de retenue axiale mutuelle du
capteur 12 et de la bague fixe 3 agencé pour permettre leur assemblage. Ainsi,
la gaine 20 étant bloquée en position par l'intermédiaire de sa portée
d'emmanchement 21, la disposition du capteur 12 en regard et à distance
d'entrefer du codeur 11 est réalisée de façon précise et sûre.</p>
    <p num="0040">A cet effet, le dispositif de retenue comprend des moyens de retenue avant et
des moyens de retenue arrière qui sont prévus de part et d'autre de ladite
portée 21 respectivement pour retenir le capteur 12 et la bague extérieure 3. La
distance entre les moyens de retenue respectivement avant et arrière est
agencée pour permettre la mise en contact sans jeu de l'extension périphérique
17 en appui sur la face latérale avant 18 de la bague fixe 3.</p>
    <p num="0041">Cette réalisation permet d'assurer un positionnement précis des éléments
sensibles 13 à distance d'entrefer du codeur 11 en empêchant tout mouvement 
relatif du capteur 12 par rapport à la bague extérieure 3 et donc par rapport au
codeur 11.</p>
    <p num="0042">En outre, les deux moyens de retenue axiale formant d'une part butée
mécanique et d'autre part étant réalisés sur la pièce d'emmanchement 20,
l'association du capteur 12 sur la bague extérieure 3 est réalisée de façon très
sûre.</p>
    <p num="0043">Dans le premier mode de réalisation représenté sur les figures 1 et 2, la portée
21 s'étend sur toute la longueur axiale des faces transversales extérieures du
capteur 12 et de la bague extérieure 3, et les moyens de retenue
respectivement avant et arrière sont en appui sur au moins une partie des faces
latérales respectivement avant et arrière du capteur 12 et de la bague
extérieure 3.</p>
    <p num="0044">Les moyens de retenue arrière comprennent un épaulement radial 22 et les
moyens de retenue avant sont formés d'une pluralité de griffes 23 rabattues
radialement sur la face avant de l'anneau 15, lesdites griffes 23 étant reparties
sur la périphérie de la gaine 20.</p>
    <p num="0045">Toutefois, d'autres réalisations sont envisageables, par exemple avec des
moyens de retenue avant et arrière identiques.</p>
    <p num="0046">L'épaulement 22 peut être formé par déformation plastique ou par usinage
d'une extrémité de la gaine 20, puis, après disposition du roulement 1 et du
capteur 12 à l'intérieur de la gaine 20, les griffes 23 sont rabattues de sorte à
assurer le blocage axial du capteur 12 par rapport à la bague extérieure 3.</p>
    <p num="0047">Ainsi, préalablement ou postérieurement à l'emmanchement du roulement 1 à
l'intérieur du logement 2, le roulement 1 et le capteur 12 sont assemblés avec
les éléments sensibles 13 en regard et à distance d'entrefer du codeur 11. </p>
    <p num="0048">Dans le deuxième mode de réalisation représenté sur la figure 3, la portée 21
s'étend sur une partie de la face transversale extérieure de la bague extérieure
2 et sur toute la longueur axiale de la face transversale extérieure du capteur
12, le dispositif de retenue comprenant en outre des moyens de réception des
moyens de retenue arrière.</p>
    <p num="0049">Dans ce mode de réalisation, les moyens de retenue arrière comprennent un
épaulement annulaire 24 et les moyens de réception comprennent un
évidement annulaire 25 formé sur la face transversale extérieure de la bague
extérieure 3 de sorte à recevoir ledit épaulement 24.</p>
    <p num="0050">Dans cette réalisation, l'assemblage du capteur 12 sur la bague extérieure 3 est
réalisé par le blocage radial de la gaine emmanchée 20 qui rend solidaire
l'épaulement 24 et l'évidemment 25. En outre, les efforts transmis par les
moyens de retenue avant au capteur 12 sont limités du fait que les moyens de
retenue arrière assurent également une fonction de blocage du roulement 1
dans les deux sens.</p>
    <p num="0051">Comme dans le premier mode de réalisation, les moyens de retenue avant
peuvent comprendre un épaulement radial 22 et/ou une pluralité de griffes 23
rabattues radialement sur au moins une partie de la face latérale avant du
capteur 12.</p>
    <p num="0052">Dans les deux modes de réalisation représentés, la pièce d'emmanchement 20
est pourvue de deuxièmes moyens de blocage du roulement 1, lesdits
deuxièmes moyens étant agencés pour coopérer avec des moyens
complémentaires prévus sur le logement 2 de sorte à assurer le blocage du
roulement 1 au moins vers l'avant.</p>
    <p num="0053">Les deuxièmes moyens de blocage comprennent une pluralité de languettes
élastiques 26 qui sont régulièrement disposées au voisinage de la périphérie
avant de la pièce d'emmanchement 20. Les languettes sont découpées et
conformées de sorte qu'elles restent associées à la pièce 20 par leur bord 
arrière 26a et que leur extrémité avant 26b saille radialement vers l'extérieur de
la surface de ladite pièce 20.</p>
    <p num="0054">Ainsi, les languettes 26 sont aptes à se rabattre sensiblement dans le plan de la
pièce 20 afin de permettre l'emmanchement du roulement 1 dans le logement
2, puis à se redéployer radialement du fait de l'élasticité du matériau formant la
pièce 20.</p>
    <p num="0055">Dans les modes de réalisation représentés, les moyens complémentaires sont
formés d'évidements 27 agencés pour recevoir respectivement lesdites
languettes 26 déployées radialement, lesdits évidements 27 étant régulièrement
répartis sur le logement 2. Ainsi, le blocage axial entre l'extrémité avant 26b
d'une languette 26 et la face latérale arrière 27a d'un évidemment 27, combiné
avec la présence du dispositif de retenue, permet de bloquer vers l'avant le
roulement 1 à l'intérieur du logement 2.</p>
    <p num="0056">Lors de l'introduction du roulement 1 dans le logement 2, les languettes 26
viennent en contact avec la face intérieure du logement 2 ce qui provoque leur
rabattement radial et permet ainsi l'emmanchement, puis, lorsque les
languettes 26 sont en regard des évidements 27, elles se déploient pour
permettre le blocage axial du roulement 1.</p>
    <p num="0057">A cet effet, la distance entre l'épaulement 19 et les évidements 27 est agencée
pour bloquer axialement le roulement 1 sans jeu.</p>
    <p num="0058">En outre, les largeurs respectives des languettes 26 et des évidements 27
peuvent être sensiblement égales de sorte à assurer un blocage en rotation du
roulement 1 à l'intérieur du logement 2.</p>
    <p num="0059">Dans un mode de réalisation non représenté, les moyens complémentaires sont
formés d'une rainure annulaire formée sur la face intérieure du logement 2 de
sorte à recevoir lesdites languettes 26 déployées radialement en permettant un 
blocage axial entre l'extrémité avant des languettes et la face latérale arrière de
la rainure.</p>
    <p num="0060">Suivant ces deux réalisations, l'emmanchement du roulement 1 à l'intérieur du
logement 2 est réalisé de façon quasi irréversible puisqu'il interdit tout retour en
arrière du roulement 1.</p>
    <p num="0061">Dans les modes de réalisation représentés, le capteur 12 comprend un
logement radial 28 agencé pour recevoir la connectique d'entrée/sortie 29 du
capteur 12, par exemple formée d'un connecteur ou d'un câble multifilaire.</p>
    <p num="0062">Le logement 2 comprend alors une découpe axiale 30 dont la taille est agencée
pour recevoir le logement radial 28 en assurant un blocage en rotation du
roulement 1 à l'intérieur du logement 2.</p>
    <p num="0063">En outre, cette réalisation permet d'indexer l'introduction du roulement 1 à
l'intérieur du logement 2 en disposant les languettes 26 en regard des
évidements 27.</p>
    <p num="0064">L'ensemble selon l'invention permet donc, de façon sûre et avec une seule
pièce 20 de construction simple, d'une part d'assurer un blocage axial, radial et
en rotation du roulement 1 à l'intérieur du logement 2 et d'autre part d'assurer
l'association du capteur 12 sur le roulement 1 avec les éléments sensibles 13
en regard et à distance d'entrefer du codeur 11.</p>
    <p num="0065">Dans les modes de réalisation représentés sur les figures, l'étanchéité du
roulement 1 est assurée, sur la face arrière, par une lèvre en élastomère 31 qui
frotte sur la bague intérieure 4. Pour ce faire, la lèvre 31 est surmoulée sur une
armature 32 associée, par exemple par clipsage, dans une rainure 33 prévue
sur la face intérieure de la bague extérieure 3.</p>
    <p num="0066">L'étanchéité sur la face avant est réalisée grâce à la disposition relative de
l'armature 14 et de l'anneau 15. En effet, ceux-ci forment une chicane qui 
permet d'éviter la pollution du roulement 1 et les fuites de lubrifiant. En
particulier, le capteur 12 permet de protéger le codeur 11 en lui faisant face sur
l'ensemble de sa périphérie afin de limiter la progression des polluants.</p>
    <p num="0067">Toutefois, on peut prévoir d'autres moyens d'étanchéité, par exemple que les
cages 9 comprennent des extensions axiales frottant sur les bagues afin de
servir de déflecteurs ou, notamment pour des roulements pour mouvements
alternatifs, d'utiliser un lubrifiant solide tel que décrit dans le document FR-2
760 055.</p>
    <p num="0068">En outre, et pour améliorer l'étanchéité côté avant, une lèvre d'étanchéité telle
que décrite ci-dessus peut être utilisée pour venir frotter sur la portée 14a de
l'armature 14.</p>
  </description>
  <claims load-source="ep" status="new" lang="FR">
    <claim num="1">
      <claim-text>Ensemble comprenant un roulement (1) équipé d'un dispositif capteur
d'informations et un logement (2) à l'intérieur duquel ledit roulement est
emmanché, dans lequel :
<claim-text><claim-text>ledit roulement (1) comprend une bague intérieure tournante (4) destinée à
être associée à un organe tournant, une bague extérieure fixe (3)
emmanchée dans le logement (2) et des corps roulants (5) disposés entre
elles ;</claim-text><claim-text>ledit dispositif capteur d'informations comprend un codeur (11) générateur
d'impulsions magnétiques associé à la bague tournante (4) et, associé à la
bague fixe (3), un capteur (12) muni d'au moins deux éléments sensibles
(13) aptes à détecter ces impulsions ;</claim-text><claim-text>ledit logement (2) est agencé pour permettre un blocage radial dudit
roulement (1) ;</claim-text><claim-text>ledit logement (2) présente des premiers moyens de blocage axial (19) du
roulement (1) dans un sens ;</claim-text></claim-text>
ledit ensemble étant caractérisé en ce qu'il comprend en outre une pièce
d'emmanchement (20) du roulement (1) à l'intérieur du logement (2), ladite
pièce (20) étant pourvue, en combinaison :
<claim-text><claim-text>d'un dispositif de retenue axiale mutuelle du capteur (12) et de la bague fixe
(4) ;</claim-text><claim-text>de deuxièmes moyens de blocage (26) du roulement (1), lesdits deuxièmes
moyens étant agencés pour coopérer avec des moyens complémentaires
(27) prévus sur le logement (2) de sorte à assurer le blocage du roulement
(1) au moins dans l'autre sens.</claim-text></claim-text></claim-text>
    </claim>
    <claim num="2">
      <claim-text>Ensemble selon la revendication 1, caractérisé en ce que la pièce
d'emmanchement est formée d'une gaine d'assemblage (20) du capteur (12)
avec la bague extérieure (3), ladite gaine (20) comprenant une portée
cylindrique d'emmanchement (21) s'étendant sur au moins une partie des faces
transversales extérieures du capteur (12) et de la bague fixe (3).</claim-text>
    </claim>
    <claim num="3">
      <claim-text>Ensemble selon la revendication 2, caractérisé en ce que le dispositif de
retenue comprend des moyens de retenue avant et des moyens de retenue
arrière qui sont prévus de part et d'autre de ladite portée (21) respectivement
pour retenir le capteur (12) et la bague extérieure (3).</claim-text>
    </claim>
    <claim num="4">
      <claim-text>Ensemble selon la revendication 3, caractérisé en ce que la portée (21)
s'étend sur toute la longueur axiale des faces transversales extérieures du
capteur (12) et de la bague extérieure (3), et les moyens de retenue
respectivement avant et arrière sont en appui sur au moins une partie des faces
latérales respectivement avant et arrière du capteur (12) et de la bague
extérieure (3).</claim-text>
    </claim>
    <claim num="5">
      <claim-text>Ensemble selon la revendication 4, caractérisé en ce que les moyens de
retenue comprennent un épaulement radial (22) et/ou une pluralité de griffes
(23) rabattues radialement.</claim-text>
    </claim>
    <claim num="6">
      <claim-text>Ensemble selon la revendication 3, caractérisé en ce que la portée (21)
s'étend sur une partie de la face transversale extérieure de la bague extérieure
(3) et sur toute la longueur axiale de la face transversale extérieure du capteur
(12), le dispositif de retenue comprenant en outre des moyens de réception des
moyens de retenue arrière.</claim-text>
    </claim>
    <claim num="7">
      <claim-text>Ensemble selon la revendication 6, caractérisé en ce que :
<claim-text><claim-text>les moyens de retenue arrière comprennent un épaulement annulaire (24) ;</claim-text><claim-text>les moyens de réception comprennent un évidement annulaire (25) formée
sur la face transversale extérieure de la bague extérieure (3) de sorte à
recevoir ledit épaulement (24) ; et</claim-text><claim-text>les moyens de retenue avant comprennent un épaulement radial (22) et/ou
une pluralité de griffes (23) rabattues radialement sur au moins une partie
de la face latérale avant du capteur (12).</claim-text></claim-text></claim-text>
    </claim>
    <claim num="8">
      <claim-text>Ensemble selon l'une quelconque des revendications 1 à 7, caractérisé en
ce que les deuxièmes moyens de blocage comprennent une pluralité de
languettes élastiques (26) qui sont découpées dans la pièce d'emmanchement
(20) avec leur extrémité avant (26b) saillant radialement vers l'extérieur de la
surface de ladite pièce (20), lesdites languettes (26) étant aptes à se rabattre
sensiblement dans le plan de la pièce (20) afin de permettre l'emmanchement
du roulement (1) dans le logement (2), puis à se redéployer radialement du fait
de l'élasticité du matériau formant la pièce (20).</claim-text>
    </claim>
    <claim num="9">
      <claim-text>Ensemble selon la revendication 8, caractérisé en ce que les moyens
complémentaires sont formés d'évidements (27) agencés pour recevoir
respectivement lesdites languettes (26) déployées radialement, de sorte à
permettre un blocage axial entre l'extrémité avant (26b) d'une languette (26) et
la face latérale arrière (27a) d'un évidemment (27).</claim-text>
    </claim>
    <claim num="10">
      <claim-text>Ensemble selon la revendication 9, caractérisé en ce que les largeurs
respectives des languettes (26) et des évidements (27) sont sensiblement
égales de sorte à assurer un blocage en rotation du roulement (1) à l'intérieur
du logement (2).</claim-text>
    </claim>
    <claim num="11">
      <claim-text>Ensemble selon la revendication 8, caractérisé en ce que les moyens
complémentaires sont formés d'une rainure annulaire formée sur la surface
intérieure du logement (2) de sorte à recevoir lesdites languettes (26)
déployées radialement en permettant un blocage axial entre l'extrémité avant
des languettes et la face latérale arrière de la rainure.</claim-text>
    </claim>
    <claim num="12">
      <claim-text>Ensemble selon l'une quelconque des revendications 1 à 11, caractérisé en
ce que le capteur (12) est réalisé de façon monobloc avec les éléments
sensibles (13) disposés en regard et à distance d'entrefer du codeur (11), et la
connectique d'entrée/sortie (29) du capteur (12) disposée dans un logement
radial (28).</claim-text>
    </claim>
    <claim num="13">
      <claim-text>Ensemble selon la revendication 12, caractérisé en ce que le logement (2)
comprend une découpe axiale (30) dont la taille est agencée pour recevoir le
logement radial (28) en assurant un blocage en rotation du roulement (1) à
l'intérieur du logement (2).</claim-text>
    </claim>
    <claim num="14">
      <claim-text>Ensemble selon l'une quelconque des revendications 1 à 13, caractérisé en
ce que les éléments sensibles (13) sont choisis parmi les sondes à effet Hall,
les magnétorésistances, les magnétorésistances géantes.</claim-text>
    </claim>
    <claim num="15">
      <claim-text>Ensemble selon l'une quelconque des revendications 1 à 14, caractérisé en
ce que le codeur (11) est formé d'un anneau multipolaire en matériau
synthétique chargé de particules de ferrite formé d'une pluralité de domaines
contigus à direction d'aimantation inversée d'un domaine donné par rapport aux
deux domaines qui lui sont contigus.</claim-text>
    </claim>
    <claim num="16">
      <claim-text>Système de direction de véhicule automobile comprenant une colonne de
direction emmanchée dans la bague intérieure (4) d'un ensemble selon l'une
quelconque des revendications 1 à 15 et un tube de direction recevant ladite
colonne en rotation, ledit système étant caractérisé en ce que le logement (2)
est formé dans le tube.</claim-text>
    </claim>
  </claims>
  <copyright>User acknowledges that the Information Retrieval Facility (IRF) and its third party providers retain all right, title and interest in and to this xml under applicable copyright laws. User acquires no ownership rights to this xml including but not limited to its format. User hereby accepts the terms and conditions of the Licence Agreement set forth at http://www.ir-facility.org/legal/marec/data_licence</copyright>
</patent-document>
