<?xml version="1.0" encoding="utf-8"?>
<!DOCTYPE patent-document PUBLIC "-//MXW//DTD patent-document XML//EN" "http://www.ir-facility.org/dtds/patents/v1.4/patent-document.dtd">
<patent-document ucid="EP-1249380-A1" country="EP" doc-number="1249380" kind="A1" lang="DE" family-id="7680941" status="new" date-produced="20090516" date="20021016">
  <bibliographic-data>
    <publication-reference ucid="EP-1249380-A1" status="new" fvid="23594444">
      <document-id status="new" format="original">
        <country>EP</country>
        <doc-number>1249380</doc-number>
        <kind>A1</kind>
        <date>20021016</date>
      </document-id>
    </publication-reference>
    <application-reference ucid="EP-02005697-A" status="new" is-representative="NO">
      <document-id status="new" format="epo">
        <country>EP</country>
        <doc-number>02005697</doc-number>
        <kind>A</kind>
        <date>20020313</date>
      </document-id>
    </application-reference>
    <priority-claims status="new">
      <priority-claim ucid="DE-10117651-A" status="new">
        <document-id status="new" format="epo">
          <country>DE</country>
          <doc-number>10117651</doc-number>
          <kind>A</kind>
          <date>20010409</date>
        </document-id>
      </priority-claim>
    </priority-claims>
    <technical-data status="new">
      <classifications-ipcr>
        <classification-ipcr status="new">B62D  15/00        20060101A I20051008RMEP        </classification-ipcr>
        <classification-ipcr status="new">B62D  15/00        20060101C I20051008RMEP        </classification-ipcr>
      </classifications-ipcr>
      <classification-ecla status="new">
        <classification-symbol scheme="EC">B62D  15/00</classification-symbol>
      </classification-ecla>
      <invention-title load-source="ep" status="new" lang="DE">Ein-/Ausparkvorrichtung für Personenkraftfahrzeuge</invention-title>
      <invention-title load-source="ep" status="new" lang="EN">Device for parking vehicles</invention-title>
      <invention-title load-source="ep" status="new" lang="FR">Dispositif pour faire entrer et sortir un véhicule d'une place de stationnement</invention-title>
    </technical-data>
    <parties>
      <applicants>
        <applicant status="new" format="epo">
          <addressbook>
            <name>DAIMLER CHRYSLER AG</name>
            <address>
              <country>DE</country>
            </address>
          </addressbook>
        </applicant>
        <applicant status="new" format="intermediate">
          <addressbook>
            <name>DAIMLERCHRYSLER AG</name>
          </addressbook>
        </applicant>
        <applicant status="new" format="original">
          <addressbook>
            <last-name>DaimlerChrysler AG</last-name>
            <address>
              <street>Epplestrasse 225</street>
              <city>70567 Stuttgart</city>
              <country>DE</country>
            </address>
          </addressbook>
        </applicant>
      </applicants>
      <inventors>
        <inventor status="new" format="epo">
          <addressbook>
            <name>MAECKLE GUENTHER</name>
            <address>
              <country>DE</country>
            </address>
          </addressbook>
        </inventor>
        <inventor status="new" format="epo">
          <addressbook>
            <name>SCHIRLE THOMAS</name>
            <address>
              <country>DE</country>
            </address>
          </addressbook>
        </inventor>
        <inventor status="new" format="intermediate">
          <addressbook>
            <name>MAECKLE, GUENTHER</name>
          </addressbook>
        </inventor>
        <inventor status="new" format="intermediate">
          <addressbook>
            <name>SCHIRLE, THOMAS</name>
          </addressbook>
        </inventor>
        <inventor status="new" format="original">
          <addressbook>
            <last-name>Mäckle, Günther</last-name>
            <address>
              <street>Dreizlerstrasse 20</street>
              <city>70619 Stuttgart</city>
              <country>DE</country>
            </address>
          </addressbook>
        </inventor>
        <inventor status="new" format="original">
          <addressbook>
            <last-name>SCHIRLE, THOMAS</last-name>
            <address>
              <street>Ludwig-Finckh-Strasse 5</street>
              <city>74613 Öhringen</city>
              <country>DE</country>
            </address>
          </addressbook>
        </inventor>
      </inventors>
    </parties>
    <international-convention-data>
      <designated-states>
        <ep-contracting-states>
          <country>DE</country>
          <country>ES</country>
          <country>FR</country>
          <country>IT</country>
        </ep-contracting-states>
      </designated-states>
    </international-convention-data>
  </bibliographic-data>
  <abstract load-source="ep" status="new" lang="DE">
    <p>Ein-Ausparkvorrichtung
zum Parken von Personenkraftfahrzeugen (1) in vorwärts
oder rückwärts gerichteter Geradeausfahrt, die den
Fahrzeugführer auch das Ausnutzen von Parkflächen ermöglicht,
deren geringe Breite einen seitlichen Personenausstieg aus dem
eingeparkten Fahrzeug nicht zuläßt, dadurch gelöst, dass die
Motorsteuerung um eine Park-Logik erweitert ist, die
ferngesteuert vom ausgestiegenen Fahrzeugführer so steuerbar
ist, dass das vor einer Parklücke abgestellte Fahrzeug bei
blockierter Lenkung mit kontrollierter maximaler Fahrgeschwindigkeit
in vorwärts oder rückwärts gerichteter Geradeausfahrt
in die Parklücke manövrierbar ist, mit einer rechnerunterstützten
Motorsteuerung.
<img id="img-00000001" orientation="unknown" wi="92" img-format="tif" img-content="ad" file="00000001.tif" inline="no" he="117"/></p>
  </abstract>
  <description load-source="ep" status="new" lang="DE">
    <p num="0001">Die Erfindung betrifft eine Ein-/Ausparkvorrichtung, insbesondere
für kompakte Stadtfahrzeuge, gemäß dem Oberbegriff des
Patentanspruchs 1.</p>
    <p num="0002">Kompakte Stadtfahrzeuge bieten die Möglichkeit, auch Parkflächen
zu nutzen, die bisher für Personenkraftfahrzeuge nicht
zugänglich waren. Ein spezieller Vorteil dieser kompakten
Stadtfahrzeuge mit ihrer geringen Fahrzeuglänge ist die Möglichkeit,
das Fahrzeug am Fahrbahnrand quer zum Fahrbahnverlauf
parken zu können. Die erforderliche Breite eines derartigen
Querparkplatzes ergibt sich aus der Fahrzeugbreite plus der
für den Personenausstieg nötigen Öffnungsbreite der seitlichen
Türen.</p>
    <p num="0003">Zum Einparken von Kraftfahrzeugen parallel zur Fahrbahnrichtung
sind verschiedene automatische Parkhilfen bekannt geworden, die
den Fahrzeugführer beim gelenkten Einparken unterstützen. Die
bekannten Systeme, messen z.B. mittels Sensoren selbsttätig
einen zur Verfügung stehenden Parkplatz vor und während des
Einparkens aus und geben aus den so gewonnenen Daten rechnerunterstützt
Manövrierhinweise für den Fahrzeugführer aus
(DE-A1-3844340).</p>
    <p num="0004">Der Erfindung liegt die Aufgabe zugrunde, eine Ein-Ausparkvorrichtung
zum Parken von Personenkraftfahrzeugen in vorwärts
oder rückwärts gerichteter Geradeausfahrt zu schaffen, die den
Fahrzeugführer auch das Ausnutzen von Parkflächen ermöglicht,
deren geringe Breite einen seitlichen Personenausstieg aus dem
eingeparkten Fahrzeug nicht zuläßt. </p>
    <p num="0005">Diese Aufgabe wird erfindungsgemäß durch die im Patentanspruch
1 angegebenen Merkmale gelöst. Weiterbildungen der Erfindung
sind in den Unteransprüchen angegeben.</p>
    <p num="0006">Die Erfindung beruht darauf, dass das Fahrzeug vor einer vorhandenen
Parklücke nach Sicht so abgestellt wird, dass es nach
dem Ausstieg aller Fahrzeuginsassen von außen mittels einer
manuell betätigten Fernsteuerung in rückwärts oder vorwärts
gerichteter Geradeausfahrt in die Parklücke hineinmanövrierbar
ist. Auch das erfindungsgemäße Manövrieren mittels der Fernsteuerung
erfolgt mit einer kontrollierten Einparkgeschwindigkeit
nach Sicht. Die Lenkung ist dabei für die Geradeausfahrt
blockiert.</p>
    <p num="0007">Die erfindungsgemäße Lösung hat den Vorteil, dass keine aufwendige
Sensorik zur Umgebungsauswertung und keine Mittel zur
Unterstützung von Lenkungseingriffen benötigt werden. Bei einer
entsprechend geeigneten Grundausrüstung eines Fahrzeuges mit
einer rechnergestützten Motorsteuerung und einer steuerbaren
Feststellbremse läßt sich die erfindungsgemäße Einparkvorrichtung
einfach als Zusatzmodul in das Fahrzeug integrieren. Die
Fernsteuerung kann vorteilhaft in eine vorhandene, drahtlose
Schließanlage integriert werden.</p>
    <p num="0008">Mit dem erfindungsgemäß erreichten Einsparungseffekt bezüglich
der erforderlichen Parkplatzbreite sind auch wirtschaftliche
Vorteile für ein in vorwärts oder rückwärts gerichteter Geradeausfahrt
erfolgendes Abstellen von Personenkraftfahrzeugen in
Parkhäusern erzielbar.</p>
    <p num="0009">Da außerhalb eines Fahrzeuges eine bessere Sichtkontrolle
gegeben ist, bietet die erfindungsgemäße Lösung auch Vorteile
beim genauen Anfahren an Objekte, z.B. an eine Hebebühne oder
eine Anhängerkupplung. </p>
    <p num="0010">Anhand der Zeichnung wird nachstehend ein Ausführungsbeispiel
der Erfindung näher erläutert.</p>
    <p num="0011">In der Fig. ist ein kompaktes Fahrzeug 1 gezeigt, das mit einer
drahtlos steuerbaren Türschließanlage 2 ausgerüstet ist. Zur
Steuerung dieser Türschließanlage sind in dem mit einem Sender
ausgerüsteten Fahrzeugschlüssel 3 Fernsteuerungsfunktionen
integriert, die erfindungsgemäß um die Funktionen "Parken",
"Vor" und "Zurück" erweitert sind. Weiterhin ist das Fahrzeug 1
mit einer rechnerunterstützten Motorsteuerung 4 ausgerüstet,
die erfindungsgemäß um eine auf sie einwirkende Park-Logik 5
erweitert ist. Die Motorsteuerung 4 steuert elektronisch die
üblichen Stellglieder am Motor; unter anderem eine Drosselklappe
6 für die Kraftsoffzufuhr, eine Kupplung 7 und ein Getriebe
8 für die Gangeinstellung.</p>
    <p num="0012">Abweichend von den vorangehend genannten Stellgliedern kann zur
Anwendung der erfindungsgemäßen Lösung die Motorsteuerung auch
auf ein Automatik-Getriebe mit vorgeschaltetem Drehmomentenwandler
und anstelle der Drosselklappe auf andere, bekannte
elektronische Stellglieder zur Kraftstoffeinspritzung einwirken.</p>
    <p num="0013">Anstelle der Ergänzung einer vorhandenen Motorsteuerung 4 durch
die Park-Logik 5 ist auch die Verwendung einer Motorsteuerung
mit integrierter Park-Logik für die erfindungsgemäße Lösung
verwendbar.</p>
    <p num="0014">Die Fernsteuerung der Park-Logik 5 kann alternativ zu der voranstehend
beschriebenen, erweiterten, drahtlosen Türschließanlage
über ein drahtgebundenes Steuer-Panel erfolgen, das nach
Abschluss des Parkvorganges mit der aufgewickelten Drahtverbindung
in einem von außen zugänglichen, abgesicherten Behälter
des Fahrzeuges verstaut ist. </p>
    <p num="0015">Zum Ein- uns Ausparken empfängt die Park-Logik 5 die von dem
Fahrzeugführer mit dem Fahrzeugschlüssel 3 drahtlos übermittelten
Funktionen. Dazu ist die standardmäßige Türschließanlage
2 erfindungsgemäß um entsprechende Empfangs- und interne Ausgabemodule
ergänzt.</p>
    <p num="0016">Vor einer Aktivierung der Funktion "Parken", mit der das Ein-und
Ausparken gestartet wird, muß der Fahrzeugführer sich von
einer für das Parken geeignet angefahrenen Fahrzeugposition
überzeugen. Weiterhin muß vor dem Verlassen des Fahrzeuges die
Lenkung über das Lenkradschloss blockiert und die Festellbremse
9 geschlossen worden sein. Die letztgenannten Bedingungen
werden von der Park-Logik 5 überwacht. Beim Verlassen des
Fahrzeuges bewirkt die Entfernung des Fahrzeugschlüssels 3 aus
dem Zündschloss das Abstellen des Motors. Der Motorstart und
die Motorabschaltung über das Zündschloss kann alternativ wie
in einem Lastkraftwagen über eine separate Start-/Stopp-Taste
erfolgen, worauf dann die Parklogik bezüglich dieser Funktionen
entsprechend abgestimmt sein muß.</p>
    <p num="0017">Anstelle der manuell gesteuerten Lenkradblockierung über das
Lenkradschloss kann alternativ auch eine von der Park-Logik 5
elektronisch gesteuerte Lenkungsverriegelung vorgesehen sein.</p>
    <p num="0018">Die Aktivierung der Funktion "Parken" erfolgt manuell mittels
einer Taste 11 an dem Fahrzeugschlüssel 3. Nach einem kurzzeitigen
Betätigen dieser Taste 11 bleibt die Funktion aktiviert
und es wird zunächst von der Park-Logik 5 kontrolliert, ob die
Lenkung blockiert und die Feststellbremse 9 angezogen ist. Wenn
diese Bedingungen erfüllt sind, veranlaßt die Park-Logik 5 die
Motorsteuerung 4 zu einem automatischen Leerlaufstart des
Motors. Andernfalls unterbleibt der Motorstart.</p>
    <p num="0019">Nachdem der Motor gestartet ist, kann der Fahrzeugführer durch
eine manuelle Aktivierung der Funktionen "Vor" oder "Zurück"
das Fahrzeug nach Sicht ferngesteuert im Sinne des Richtungspfeiles
10 in Geradeausfahrt vor und zurück bewegen. Die Aktivierung 
dieser Funktionen erfolgt mittels Tasten 12 und 13. Die
Funktionen "Vor" und "Zurück" bleiben nur so lange aktiviert,
wie die entsprechende Tasten 12,13 gedrückt werden. Durch das
letztgenannte Bedienungsmerkmal ist eine kontrollierte Fahrzeugsteuerung
gesichert. Bei Störungen in der Steuerung, wenn
z.B. das Fahrzeug vor statt zurück fährt oder wenn es z.B. zu
schnell fährt kann das Fahrzeug mit dem Loslassen der gerade
betätigten Taste 12,13 sofort gestoppt werden. Weiterhin wird
damit auch ein Kontrollverlust vermieden, der durch ein mögliches
Fallenlassen des Fahrzeugschlüssels oder ähnlich wirkende
Vorgänge auftreten kann. Zusätzlich oder alternativ kann
der Fahrzeugschlüssel mit einer Taste für einen Notstopp ausgerüstet
sein, der auch bei einer generellen Störungen in der
Park-Logik 5 wirkt.</p>
    <p num="0020">Zur Anzeige von Fehlfunktionen, z.B. bei einer vor dem Motorstart
unblockierten Lenkung oder Feststellbremse, kann der
Fahrzeugschlüssel 3 oder das drahtgeundene Steuer-Panel mit
bidirektional wirkenden Kommunikationsmitteln ausgerüstet sein.
Beim Fahrzeugschlüssel 3 bedeutet dies, dass er neben dem
Sender auch einen Empfänger enthält, der mit einem Sender der
Türschließanlage 2 zusammenwirkt; beim drahtgebundenen Steuer-Panel
sind dieses entsprechende Ein-und Ausgabeschnittstellen.
Die Warnmeldung kann z.B. optisch durch ein gleichzeitiges
Blinken aller Tasten 11,12,13 angezeigt werden.</p>
    <p num="0021">Beim Aktivieren der Funktionen "Vor" und "zurück" wird die
Motorsteuerung 4 von der Park-Logik 5 zum Einkuppeln eines
Getriebeganges, zur begrenzten Öffnung der Drosselklappe 6 und
zur Lösung der Feststellbremse 9 veranlaßt, wodurch das Fahrzeug
je nach gedrückter Taste vorwärts oder rückwärts Fahrt
aufnimmt. Das Stoppen des Fahrzeuges beim Loslassen der Tasten
12,13 erfolgt mit der Feststellbremse 9. Der Fahrzeugführer
steuert über die, ggf. aufeinanderfolgende, Aktivierung der
Funktionen "Vor" und "Zurück" und über deren Aktivierungsdauer
die Bewegung des Fahrzeuges. Bei einem Erreichen der gewünschten,
endgültigen Parkposition wird der Parkvorgang über eine 
nochmalige Aktivierung der Funktion "Parken" abgeschlossen,
wobei von der Park-Logik 5 und der Motorsteuerung 4 der Motor
gestoppt und die Feststellbremse 9 geschlossen wird.</p>
    <p num="0022">Die Fahrgeschwindigkeit zum Einparken ist von der Park-Logik 5
begrenzt; z.B. auf maximal 0.5 m/s. Die Park-Logik wirkt dazu
auf die Motorsteuerung 4 und auf die Feststellbremse 9 zur
Einstellung einer begrenzten Bremswirkung ein.</p>
    <p num="0023">Die Feststellbremse 9 ist mit einer sogenannten "Fail-Safe"-Funktion
ausgerüstet, welche die Bremse automatisch schließt,
wenn eine Störung, z.B. durch einen Stromausfall oder durch
eine ungenügende Bereitstellung von Bremsenergie, an der Bremse
auftritt.</p>
    <p num="0024">Abweichend von dem vorangehend beschriebenen Ausführungsbeispiel
können die Tasten 11,12,13 an dem Fahrzeugschlüssel 3
alternativ auch als Kipp-oder Wippschalter oder als ähnlich
wirkendes Betätigungelement ausgebildet sein und auch eine
optische Anzeige zur Signalisierung Ihrer Aktivierung aufweisen.
Die Betätigungselemente zur Steuerung des Parkvorganges
können am Fahrzeugschlüssel 3 mittels einer Klappe abgedeckt
sein, die ein ungewolltes Aktivieren dieser Elemente
vermeiden hilft.</p>
    <p num="0025">Weiterhin kann die allgemeine Verkehrssicherheit beim erfindungsgemäßen
Parken dadurch erhöht werden, dass während des
Parkens die im Fahrzeug standardmäßig vorhandene Warnblink-Funktion
von der Park-Logik 5 aktiviert wird.</p>
  </description>
  <claims load-source="ep" status="new" lang="DE">
    <claim num="1">
      <claim-text>Ein-/Ausparkvorrichtung für Personenkraftfahrzeuge mit einer
rechnerunterstützten Motorsteuerung, dadurch gekennzeichnet,
dass die Motorsteuerung (4) um eine Park-Logik (5) erweitert
ist, die ferngesteuert vom ausgestiegenen Fahrzeugführer so
steuerbar ist, dass das vor einer Parklücke abgestellte Fahrzeug
(1) bei blockierter Lenkung mit kontrollierter maximaler
Fahrgeschwindigkeit in vorwärts oder rückwärts gerichteter
Geradeausfahrt in die Parklücke manövrierbar ist.</claim-text>
    </claim>
    <claim num="2">
      <claim-text>Ein-/Ausparkvorrichtung nach Patentanspruch 1, dadurch
gekennzeichnet, dass die Fernsteuerung der Park-Logik (5) über
den mit einem Sender ausgerüsteten Fahrzeugschlüssel (3)
erfolgt, der mit einer im Fahrzeug (1) enthaltenen, drahtlos
steuerbaren Türschließanlage (2) kommuniziert.</claim-text>
    </claim>
    <claim num="3">
      <claim-text>Ein-/Ausparkvorrichtung nach Patentanspruch 1, dadurch
gekennzeichnet, dass die Fernsteuerung der Park-Logik (5) über
ein drahtgebundenes Steuer-Panel erfolgt, das nach Abschluss
des Parkvorganges mit der aufgewickelten Drahtverbindung in
einem von außen zugänglichen, sicherbaren Behälter des
Fahrzeuges verstaut ist.</claim-text>
    </claim>
    <claim num="4">
      <claim-text>Ein-/Ausparkvorrichtung nach Patentanspruch 2 oder 3,
dadurch gekennzeichnet, dass die Türschließanlage (2) und der
Fahrzeugschlüssel (3) jeweils mit einem Sender und einem
Empfänger ausgerüstet sind oder dass bei einer alternativen
Benutzung eines drahtgebundenen Steuer-Panels Ein-und
Ausgabeelemente für eine bidirektionale Kommunikation
vorgesehen sind, und dass von der Park-Logik (5) erkannte
Fehlfunktionen zum Fahrzeugschlüssel (3) oder zum
drahtgebundenen Steuer-Panel gesendet und dort optisch
angezeigt werden.</claim-text>
    </claim>
    <claim num="5">
      <claim-text>Ein-/Ausparkvorrichtung nach einem der vorangehenden
Patentansprüche 1 bis 4, dadurch gekennzeichnet, dass der
Fahrzeugschlüssel (3) oder das drahtgebundene Steuer-Panel
Betätigungselemente zur Fernsteuerung der Geradeausfahrt
aufweist, die beim Beenden oder Unterbrechen der manuellen
Betätigung dieser Elemente ein Abstoppen des Fahrzeuges
auslösen.</claim-text>
    </claim>
    <claim num="6">
      <claim-text>Ein-/Ausparkvorrichtung nach einem der vorangehenden
Patentansprüche 1 bis 5, dadurch gekennzeichnet, dass der
Fahrzeugschlüssel (3) oder das drahtgebundene Steuer-Panel mit
einem Notstopp-Betätigungselement ausgerüstet ist.</claim-text>
    </claim>
    <claim num="7">
      <claim-text>Ein-/Ausparkvorrichtung nach einem der vorangehenden
Patentansprüche 1 bis 6, dadurch gekennzeichnet, dass die
Betätigungselemente für die Park-Funktionen bei Nichtbenutzung
durch eine Klappe abgedeckt sind.</claim-text>
    </claim>
    <claim num="8">
      <claim-text>Ein-/Ausparkvorrichtung nach einem der Ansprüche 1 bis 7,
dadurch gekennzeichnet, dass die Park-Logik 5 während des
Parkvorganges selbsttätig die Warnblink-Funktion des Fahrzeuges
aktiviert.</claim-text>
    </claim>
  </claims>
  <copyright>User acknowledges that the Information Retrieval Facility (IRF) and its third party providers retain all right, title and interest in and to this xml under applicable copyright laws. User acquires no ownership rights to this xml including but not limited to its format. User hereby accepts the terms and conditions of the Licence Agreement set forth at http://www.ir-facility.org/legal/marec/data_licence</copyright>
</patent-document>
