<?xml version="1.0" encoding="utf-8"?>
<!DOCTYPE patent-document PUBLIC "-//MXW//DTD patent-document XML//EN" "http://www.ir-facility.org/dtds/patents/v1.4/patent-document.dtd">
<patent-document ucid="EP-1262750-A2" country="EP" doc-number="1262750" kind="A2" lang="DE" family-id="7686997" status="new" date-produced="20090516" date="20021204">
  <bibliographic-data>
    <publication-reference ucid="EP-1262750-A2" status="new" fvid="23607263">
      <document-id status="new" format="original">
        <country>EP</country>
        <doc-number>1262750</doc-number>
        <kind>A2</kind>
        <date>20021204</date>
      </document-id>
    </publication-reference>
    <application-reference ucid="EP-02011261-A" status="new" is-representative="NO">
      <document-id status="new" format="epo">
        <country>EP</country>
        <doc-number>02011261</doc-number>
        <kind>A</kind>
        <date>20020522</date>
      </document-id>
    </application-reference>
    <priority-claims status="new">
      <priority-claim ucid="DE-10126887-A" status="new">
        <document-id status="new" format="epo">
          <country>DE</country>
          <doc-number>10126887</doc-number>
          <kind>A</kind>
          <date>20010601</date>
        </document-id>
      </priority-claim>
    </priority-claims>
    <technical-data status="new">
      <classifications-ipcr>
        <classification-ipcr status="new">G01J   3/50        20060101A I20051008RMEP        </classification-ipcr>
        <classification-ipcr status="new">G01J   3/50        20060101C I20051008RMEP        </classification-ipcr>
      </classifications-ipcr>
      <classification-ecla status="new">
        <classification-symbol scheme="EC">G01J   3/50</classification-symbol>
      </classification-ecla>
      <invention-title load-source="ep" status="new" lang="DE">Farbfestlegungsvorrichtung</invention-title>
      <invention-title load-source="ep" status="new" lang="EN">Colour definition device</invention-title>
      <invention-title load-source="ep" status="new" lang="FR">Dispositif de définition de la couleur</invention-title>
    </technical-data>
    <parties>
      <applicants>
        <applicant status="new" format="epo">
          <addressbook>
            <name>IVOCLAR VIVADENT AG</name>
            <address>
              <country>LI</country>
            </address>
          </addressbook>
        </applicant>
        <applicant status="new" format="intermediate">
          <addressbook>
            <name>FIRMA IVOCLAR VIVADENT AG</name>
          </addressbook>
        </applicant>
        <applicant status="new" format="original">
          <addressbook>
            <last-name>Firma Ivoclar Vivadent AG</last-name>
            <address>
              <street>Bendererstrasse 2</street>
              <city>9494 Schaan</city>
              <country>LI</country>
            </address>
          </addressbook>
        </applicant>
      </applicants>
      <inventors>
        <inventor status="new" format="epo">
          <addressbook>
            <name>KERSCHBAUMER HARALD</name>
            <address>
              <country>AT</country>
            </address>
          </addressbook>
        </inventor>
        <inventor status="new" format="epo">
          <addressbook>
            <name>POKORNY WALTER</name>
            <address>
              <country>AT</country>
            </address>
          </addressbook>
        </inventor>
        <inventor status="new" format="epo">
          <addressbook>
            <name>ROHNER GOTTFRIED</name>
            <address>
              <country>CH</country>
            </address>
          </addressbook>
        </inventor>
        <inventor status="new" format="intermediate">
          <addressbook>
            <name>KERSCHBAUMER, HARALD</name>
          </addressbook>
        </inventor>
        <inventor status="new" format="intermediate">
          <addressbook>
            <name>POKORNY, WALTER</name>
          </addressbook>
        </inventor>
        <inventor status="new" format="intermediate">
          <addressbook>
            <name>ROHNER, GOTTFRIED</name>
          </addressbook>
        </inventor>
        <inventor status="new" format="original">
          <addressbook>
            <last-name>KERSCHBAUMER, HARALD</last-name>
            <address>
              <street>Gugger-Nussbaum 35</street>
              <city>6833 Klaus</city>
              <country>AT</country>
            </address>
          </addressbook>
        </inventor>
        <inventor status="new" format="original">
          <addressbook>
            <last-name>POKORNY, WALTER</last-name>
            <address>
              <street>Faschinastrasse 52</street>
              <city>6712 Thüringen</city>
              <country>AT</country>
            </address>
          </addressbook>
        </inventor>
        <inventor status="new" format="original">
          <addressbook>
            <last-name>ROHNER, GOTTFRIED</last-name>
            <address>
              <street>Forststrasse 6</street>
              <city>9450 Altstätten</city>
              <country>CH</country>
            </address>
          </addressbook>
        </inventor>
      </inventors>
      <agents>
        <agent status="new" format="original">
          <addressbook>
            <last-name>Baronetzky, Klaus, Dipl.-Ing.</last-name>
            <address>
              <street>Splanemann Reitzner Baronetzky Westendorp Patentanwälte Rumfordstrasse 7</street>
              <city>80469 München</city>
              <country>DE</country>
            </address>
          </addressbook>
        </agent>
      </agents>
    </parties>
    <international-convention-data>
      <designated-states>
        <ep-contracting-states>
          <country>AT</country>
          <country>BE</country>
          <country>CH</country>
          <country>CY</country>
          <country>DE</country>
          <country>DK</country>
          <country>ES</country>
          <country>FI</country>
          <country>FR</country>
          <country>GB</country>
          <country>GR</country>
          <country>IE</country>
          <country>IT</country>
          <country>LI</country>
          <country>LU</country>
          <country>MC</country>
          <country>NL</country>
          <country>PT</country>
          <country>SE</country>
          <country>TR</country>
        </ep-contracting-states>
      </designated-states>
    </international-convention-data>
  </bibliographic-data>
  <abstract load-source="ep" status="new" lang="DE">
    <p>Es ist eine Farbfestlegungsvorrichtung mit mindestens einer
Lichtquelle (12, 16, 20, 22) für die Beaufschlagung einer
Zahnoberfläche (14) und mit einer Aufnahmevorrichtung für die
Aufnahme des reflektierten Lichts vorgesehen. Das Licht verläuft
durch einen Filter (26), wobei mindestens zwei Lichtquellen
(12, 16, 20, 22) die Zahnoberfläche zu unterschiedlichen
Zeitpunkten aus unterschiedlichen Winkeln beaufschlagen
und mindestens beim Einschalten einer Lichtquelle (12, 16, 20,
22) durch einen Polarisationsfilter (26) verläuft.
<img id="img-00000001" orientation="unknown" wi="111" img-format="tif" img-content="ad" file="00000001.tif" inline="no" he="100"/></p>
  </abstract>
  <abstract load-source="docdb" source="EPO" status="new" lang="EN">
    <p>Color determination device has light sources for illuminating a tooth surface and a recording unit (18) for recording the reflected light which first passes through a polarization filter (30). At least two light sources (12, 16) are used to illuminate the tooth surface (14) at different times from different angles with a polarization filter (26) placed in front of one of the light sources when it is switched on. The polarization direction of the two filters is approximately at right angles to each other.</p>
  </abstract>
  <description load-source="ep" status="new" lang="DE">
    <p num="0001">Die Erfindung betrifft eine Farbfestlegungsvorrichtung gemäß
dem Oberbegriff von Anspruch 1.</p>
    <p num="0002">Eine derartige Farbfestlegungsvorrichtung ist seit längerem
bekannt, beispielsweise aus der DE-OS 195 34 517. Über eine
Lichtquelle mit 3 Strahlen wird bei dieser Lösung eine
Zahnoberfläche beaufschlagt und über drei entsprechende
Sensoren werden die je gemessenen Helligkeitswerte für die
drei Grundfarben erfaßt. Die Auswertung soll hierbei eine
möglichst geringe Farbabweichung zu den zur Verfügung
stehenden Zahnfarben ergeben.</p>
    <p num="0003">Ferner ist es seit längerem bekannt, daß Reflexionen das Erfassungs-
und Auswertergebnis verfälschen. Durch die Anordnung
von Lichtquellen in unterschiedlichen Winkeln mit bei unterschiedlichen
Spektren läßt sich die Neigung zu Reflexionen
etwas kompensieren.</p>
    <p num="0004">Es ist seit langem bekannt, daß aufgrund der geringen Rauhtiefe
der Zahnoberflächen Reflexionen das Ergebnis der Auswertung
verfälschen. Um möglichst geringe Reflexionen zu erhalten,
ist es bekannt, Titanoxidpuder als Kontrastpuder auf
die Zahnoberfläche aufzubringen. Je nach Schichtstärke ist
jedoch eine Verfälschung der Farbwerte nicht auszuschließen.</p>
    <p num="0005">Um die Nachteile von Kontrastpuder zu vermeiden, ist es bereits
vorgeschlagen worden (vgl. die DE-OS 40 37 007), eine
Fluoreszenzfarbe zu verwenden, die Grün absorbiert und Gelb
oder Rot emittiert. Ein deutlicher Nachteil einer derartigen
Fluoreszenzfarbe liegt jedoch darin begründet, daß die Farbe
verfälscht wird, so daß eine Kompensation erforderlich ist,
wenn die Verschiebung erfaßt werden soll. Auch ist es schwierig,
die Fluoreszenzfarbe exakt in gleichmäßiger Stärke aufzubringen, 
so daß sich diese Lösung nicht durchgesetzt hat.</p>
    <p num="0006">Für die Beurteilung der Oberflächenstruktur ist es im Gegensatz
zur Farbbeurteilung wünschenswert, Schatten zu erfassen,
so daß die Struktur erkennbar ist. Auch hierbei stört die Aufbringung
von Kontrastpuder oder fluoreszierende Farbe, denn
derartige Abschattungen und dergleichen werden hierdurch
reduziert oder aufgehoben.</p>
    <p num="0007">Ferner ist es derzeit vorgeschlagen worden, ein drehbares Polarisationsfilter
zu verwenden, das je nach Wahl des Anwenders
die Reflexionen bei polarisiertem Licht zuläßt oder stufenlos
vermindert. Diese Lösung erlaubt zwar den Vergleich einer
Zahnoberfläche mit und ohne Reflexionen. Das Auswertergebnis
hängt jedoch sehr stark davon ab, aus welchem Winkel die
Lichtquelle die Zahnoberfläche beaufschlagt. Bei seitlicher
Beaufschlagung ist häufig der von der Lichtquelle entfernten
Bereich der Zahnoberfläche zu stark abgedunkelt und die dortige
Struktur ist gebenenfalls nicht mehr erkennbar. In diesem
Fall helfen auch elektronische Kompensationsmaßnahmen nicht.</p>
    <p num="0008">Daher liegt der Erfindung die Aufgabe zugrunde, eine Farbfestlegungsvorrichtung
gemäß dem Oberbegriff von Anspruch 1 zu
schaffen, die sowohl die Farbe als auch die Struktur einer
Zahnoberfläche verbessert zu erfassen vermag, bei zudem eine
verminderte Abhängigkeit von der Ausrichtung der Lichtquelle
auf die Zahnoberfläche bestehen soll.</p>
    <p num="0009">Diese Aufgabe wird erfindungsgemäß durch Anspruch 1 gelöst.
Vorteilhafte Weiterbildungen ergeben sich aus den Unteransprüchen.</p>
    <p num="0010">Besonders günstig ist es, daß die erfindungsgemäße Farbfestlegungsvorrichtung
mindestens 2 Lichtquellen aufweist, die die
Zahnoberfläche zu unterschiedlichen Zeitpunkten aus unterschiedlichen
Winkeln beaufschlagen. Hierdurch lassen sich 
zunächst Abschattungen, die bei der Aufnahme des Bildes der
Zahnoberfläche bei Belichtung durch eine Lichtquelle entstehen,
kompensieren, wobei sich erfindungsgemäß überraschend
erwies, daß die Filterung des Lichts durch lediglich einen
Polarisationsfilter die Beurteilung der Abschattierungen nicht
erschwert, wenn die treffende Lichtquelle polarisationsfilterfrei
die Zahnoberfläche bestrahlt.</p>
    <p num="0011">Erfindungsgemäß ist es insofern besonders günstig, daß durch
die Beaufschlagung der Zahnoberfläche mit einer Lichtquelle
mit Polarisationsfilter ein reflexionsfreies Bild der Zahnoberfläche
aufgenommen werden kann, während durch die Beaufschlagung
mit der anderen Lichtquelle, die keinen Polarisationsfilter
aufweist und die gegenüber der einen Lichtquelle
in einem anderen Winkel angeordnet ist, die Erfassung von
Strukturen gut möglich ist.</p>
    <p num="0012">Bevorzugt sind die Lichtquellen als Weißlichtquellen ausgebildet
und ein Referenzmuster, das mit den gleichen Lichtquellen
und mit der gleichen Aufnahmevorrichtung aufgenommen
oder wird wurde, wird elektronisch eingeblendet, beispielsweise
knapp unterhalb des Zahns mit der aufgenommenen Zahnoberfläche.</p>
    <p num="0013">Erfindungsgemäß ist es ferner besonders günstig, daß mit zwei
Lichtquellen die Lichtbeaufschlagung der Zahnoberfläche von
zwei unterschiedlichen Seiten erfolgen kann. Dadurch, daß die
Lichtquellen abwechselnd eingeschaltet werden, lässt sich die
Struktur des Zahns recht deutlich erkennen und bei dem herzustellenden
Zahnmodell in entsprechender Weise nachmodellieren.</p>
    <p num="0014">Erfindungsgemäß besonders günstig ist es ferner, daß durch die
gemeinsame Aufnahme von Bildern, die durch unterschiedliche
Lichtquellen hervorgerufen werden, zugleich auch eine Überprüfung
der Lichtquellen und deren Farbspektren wirksam möglich
ist. Hierzu wird eine sogenannte Weißkarte anstelle der 
Zahnoberfläche eingesetzt und die gemessenen Farbwerte jeder
Lichtquelle werden für den Weißabgleich verwendet.</p>
    <p num="0015">Gemäß einem weiteren besonders günstigen Gesichtspunkt ist im
Strahlengang zwischen der Zahnoberfläche und der Aufnahmevorrichtung
eine optische Linse vorgesehen. Mit einer derartigen
optischen Linse ist es möglich, das Bild der Zahnoberfläche
auf die Aufnahmevorrichtung zu fokussieren, um dort eine
möglichst präzise Wiedergabe der tatsächlichen Zahnoberfläche
aufnehmen zu können.</p>
    <p num="0016">In einer weiteren, besonders bevorzugten Ausgestaltung der
erfindungsgemäßen Lösung ist es vorgesehen, zusätzlich zu den
Lichtquellen, die in verschiedenen Winkeln zu der Zahnoberfläche
angeordnet sind und diese schräg bestrahlen, weitere
Lichtquellen vorzusehen, die je auf der anderen Seite der
Zahnoberfläche angebracht sind. Beispielsweise ist es möglich,
eine Lichtquelle mit Polarisationsfilter im Winkel von etwa
45° zur Zahnoberfläche anzuordnen und die Zahnoberfläche aus
diesem Winkel bestrahlen zu lassen. Eine weitere Lichtquelle
ohne Polarisationsfilter kann im Winkel von 70° zur Zahnoberfläche
angeordnet sein, so dass Abschattierungen besonders
deutlich werden. Durch die Anordnung der Lichtquellen läßt
sich die erwünschte Erfassung sowohl der Farbe ohne Reflexionen
als auch der Struktur optimal bereitstellen.</p>
    <p num="0017">Weitere Vorteile, Einzelheiten und Merkmale ergeben sich aus
der nachfolgenden Beschreibung eines Ausführungsbeispiels
anhand der Zeichnung.</p>
    <p num="0018">Es zeigen:
<dl compact="compact" tsize="6"><dt>Fig. 1</dt><dd>eine schematische Ansicht einer erfindungsgemäßen
Farbfestlegungsvorrichtung in einer Ausführungsform;
und </dd><dt>Fig. 2</dt><dd>eine Abbildung von Aufnahmen der Aufnahmevorrichtung,
wobei links eine Aufnahme über die Lichtquelle ohne
Polarisationsfilter und rechts eine Aufnahme über die
Lichtquelle mit Polarisationsfilter dargestellt ist.</dd></dl></p>
    <p num="0019">Die Farbfestlegungsvorrichtung 10 gemäß Fig. 1 weist eine
Lichtquelle 12 auf, die recht weit seitlich vor einer Zahnoberfläche
14 angeordnet ist. Ferner ist eine Lichtquelle 16
vorgesehen, die auf der gleichen Seite wie die Lichtquelle 12
schräg vor der Zahnoberfläche 14 angeordnet ist.</p>
    <p num="0020">Zentral und mittig vor der Zahnoberfläche 14 ist eine Aufnahmevorrichtung
18 angeordnet, die das von der Zahnoberfläche
14 reflektierte Licht erfassen soll.</p>
    <p num="0021">Symmetrisch zu der Lichtquelle 16 ist schräg vor der Zahnoberfläche
14, jedoch auf der anderen Seite, eine Lichtquelle 20
angeordnet. Ferner ist bei der in Fig. 1 dargestellten Ausführungsform
eine vierte Lichtquelle 22 recht weit seitlich vor
der Zahnoberfläche 14 angeordnet. Die Lichtquelle 22 ist
symmetrisch zu der Lichtquelle 12 angeordnet.</p>
    <p num="0022">Jede Lichtquelle 12 bis 22 besteht aus einer Mehrzahl von
LEDs, so daß eine entsprechend hohe Lichtleistung bereitgestellt
wird.</p>
    <p num="0023">Alle Lichtquellen 12 bis 22 sind als weiße Leuchtdioden ausgebildet.
Sie emittieren Licht 24, wie es beispielsweise für die
Lichtquellen 12 und 16 dargestellt ist, das auf die Zahnoberfläche
14 fällt und dort reflektiert wird und zur Aufnahmevorrichtung
18 gelangt.</p>
    <p num="0024">Erfindungsgemäß ist nun die Lichtquelle 12 und die Lichtquelle
22 so ausgebildet, daß sie die Zahnoberfläche 14 direkt beaufschlagt,
also ohne einen Filter. Demgegenüber ist vor der
Lichtquelle 16 und auch vor der Lichtquelle 20 je ein Polarisationsfilter 
26 und 28 vorgesehen, die von dem Licht 24
durchtreten werden, bevor es auf die Zahnoberfläche 14 gelangt.
Beispielsweise sind die Polarisationsfilter 26 und 28
so angebracht; daß sie das Licht vertikal polarisieren.</p>
    <p num="0025">Ferner ist im Strahlengang zwischen der Zahnoberfläche 14 und
der Aufnahmevorrichtung 18 ein weiterer Polarisationsfilter 30
angebracht. Die Polarisationsrichtung des Polarisationsfilters
30 ist demgegenüber horizontal. Mit dieser Anordnung lassen
sich in an sich bekannter Weise Reflexionen der Zahnoberfläche
dann unterdrücken, wenn die Lichtquellen 16 und 20 eingeschaltet
sind.</p>
    <p num="0026">In Fig. 1 sind keine optischen Linsen dargestellt. Es versteht
sich jedoch, daß die Lichtquellen 12 bis 22 bevorzugt von
Reflektoren zur Erhöhung der Lichtausbeute umgeben sind, und
vor den Lichtquellen je Sammellinsen vorgesehen sind. Bevorzugt
sind diese Sammellinsen so ausgebildet, daß sie farbtreu
und gleich keine Verfälschung des emittierten Farbspektrums
erzeugen.</p>
    <p num="0027">In entsprechender Weise ist zwischen der Zahnoberfläche 14 und
der Aufnahmevorrichtung 18 eine Sammellinse vorgesehen, die
das Bild der Zahnoberfläche 14 auf die Aufnahmevorrichtung 18
fokkusiert.</p>
    <p num="0028">Die Aufnahmevorrichtung 18 weist einen CCD-Sensor oder einen
beliebigen anderen geeigneten Sensor auf.</p>
    <p num="0029">Aus Fig. 2 ist ersichtlich, in welcher Weise das Bild der
Zahnoberfläche 14 erfasst werden kann.</p>
    <p num="0030">Das in Fig. 2 links dargestellte Bild 32 wird erzeugt, indem
die Lichtquelle 12 eingeschaltet wird. Die Reflexionen lassen
die Struktur der Zahnoberfläche erkennen. </p>
    <p num="0031">Demgegenüber wird das in Fig. 2 rechts dargestellte Bild 34
erzeugt, in dem die Lichtquelle 16 eingeschaltet wird. Durch
die Polarisation des einfallenden Lichtes in einer zur Polarisationsrichtung
des reflektierten Lichts senkrechten Richtung
werden die Relexionen ausgeschaltet und eine Farbbestimmung
ist leichter möglich.</p>
    <p num="0032">Die Bilder 32 und 34 zeigen zusätzlich zu den Zahnoberflächen
14 je Referenzmuster 36, die unmittelbar benachbart und unterhalb
der Zahnoberfläche eingeblendet sind. Bevorzugt sind
entsprechende Referenzmusterkärtchen so angeordnet, daß sie
unmittelbar benachbart den Zähnen aufgenommen werden können.</p>
  </description>
  <claims load-source="ep" status="new" lang="DE">
    <claim num="1">
      <claim-text>Farbfestlegungsvorrichtung, mit mindestens einer Licht
quelle für die Beaufschlagung einer Zahnoberfläche und mit
einer Aufnahmevorrichtung für die Aufnahme des reflektierten
Lichts, wobei das Licht durch einen Filter verläuft, dadurch
gekennzeichnet, daß mindestens zwei Lichtquellen (12,16) die
Zahnoberfläche (14) zu unterschiedlichen Zeitpunkten, insbesondere
aus unterschiedlichen Winkeln, beaufschlagen und
mindestens beim Einschalten einer Lichtquelle (12,16) das
Licht durch einen Polarisationsfilter (26) verläuft.</claim-text>
    </claim>
    <claim num="2">
      <claim-text>Farbfestlegungsvorrichtung nach Anspruch 1, dadurch gekennzeichnet,
daß der Filter als Polarisationsfilter (26) ausgebildet
ist.</claim-text>
    </claim>
    <claim num="3">
      <claim-text>Farbfestlegungsvorrichtung nach einem der vorhergehenden
Ansprüche, dadurch gekennzeichnet, daß zwischen einer Lichtquelle
(12, 16, 20, 22) und der Zahnoberfläche (14) ein
Polarisationsfilter (26) angeordnet ist.</claim-text>
    </claim>
    <claim num="4">
      <claim-text>Farbfestlegungsvorrichtung nach einem der vorhergehenden
Ansprüche, dadurch gekennzeichnet, daß zwischen der Zahnoberfläche
(14) und der Aufnahmevorrichtung (18) ein Polarisationsfilter
(30) angeordnet ist.</claim-text>
    </claim>
    <claim num="5">
      <claim-text>Farbfestlegungsvorrichtung nach einem der vorhergehenden
Ansprüche, dadurch gekennzeichnet, daß zwei Polarisationsfilter
(26,30) im Strahlengang vorgesehen sind, deren
Polarisationsrichtung ungleich ist.</claim-text>
    </claim>
    <claim num="6">
      <claim-text>Farbfestlegungsvorrichtung nach einem der vorhergehenden
Ansprüche, dadurch gekennzeichnet, daß die Polarisationsrichtung
von zwei Polarisationsfiltern (26,30) im wesentlichen
rechtwinklig zueinander ist.</claim-text>
    </claim>
    <claim num="7">
      <claim-text>Farbfestlegungsvorrichtung nach einem der vorhergehenden
Ansprüche, dadurch gekennzeichnet, daß mindestens zwei, insbesondere
vier Lichtquellen (12, 16, 20, 22) Licht aussenden,
das aus unterschiedlichen Winkeln auf die Zahnoberfläche (14)
trifft.</claim-text>
    </claim>
    <claim num="8">
      <claim-text>Farbfestlegungsvorrichtung nach einem der vorhergehenden
Ansprüche, dadurch gekennzeichnet, daß als Lichtquellen (12,
16, 20, 22) LEDs, insbesondere weiße LEDs, eingesetzt sind.</claim-text>
    </claim>
    <claim num="9">
      <claim-text>Farbfestlegungsvorrichtung nach einem der vorhergehenden
Ansprüche, dadurch gekennzeichnet, daß jede Lichtquelle (12,
16, 20, 22) eine Mehrzahl von LEDs aufweist.</claim-text>
    </claim>
    <claim num="10">
      <claim-text>Farbfestlegungsvorrichtung nach einem der vorhergehenden
Ansprüche, dadurch gekennzeichnet, daß die Lichtquellen (12,
16, 20, 22) zu unterschiedlichen Zeitpunkten einschaltbar sind
und eine Lichtquelle (12, 16, 20, 22) mit einem Filter (26)
bestückt ist und die andere Lichtquelle (12, 16, 20, 22)
filterfrei ist.</claim-text>
    </claim>
    <claim num="11">
      <claim-text>Farbfestlegungsvorrichtung nach einem der vorhergehenden
Ansprüche, dadurch gekennzeichnet, daß die Aufnahmevorrichtung
eine CCD-Kamera aufweist und daß das aufgenommene Bild der
Zahnoberfläche (14) anzeigbar und insbesondere abspeicherbar ist.</claim-text>
    </claim>
    <claim num="12">
      <claim-text>Farbfestlegungsvorrichtung nach einem der vorhergehenden
Ansprüche, dadurch gekennzeichnet, daß von der Aufnahmevorrichtung
(18) nacheinander Bilder der Zahnoberfläche (14)
aufnehmbar sind, die beim Einschalten der ersten Lichtquelle
(12) und der zweiten Lichtquelle (16) je erzeugbar sind.</claim-text>
    </claim>
    <claim num="13">
      <claim-text>Farbfestlegungsvorrichtung nach Anspruch 12, dadurch
gekennzeichnet, daß die Bilder elektronisch kombinierbar sind.</claim-text>
    </claim>
    <claim num="14">
      <claim-text>Farbfestlegungsvorrichtung nach einem der vorhergehenden
Ansprüche, dadurch gekennzeichnet, daß von der Aufnahmevorrichtung
(18) ein Bild der Zahnoberfläche (14) aufnehmbar und
einer Anzeigevorrichtung zuleitbar ist und daß in die Anzeigevorrichtung
die Farbe oder das Bild eines Referenzmusters (36)
in räumlicher Nähe zu dem Bild (32,34) der Zahnoberfläche (14)
eingeblendet ist.</claim-text>
    </claim>
    <claim num="15">
      <claim-text>Farbfestlegungsvorrichtung nach einem der vorhergehenden
Ansprüche, dadurch gekennzeichnet, daß je zwei Lichtquellen
symmetrisch zueinander angeordnet sind.</claim-text>
    </claim>
  </claims>
  <copyright>User acknowledges that the Information Retrieval Facility (IRF) and its third party providers retain all right, title and interest in and to this xml under applicable copyright laws. User acquires no ownership rights to this xml including but not limited to its format. User hereby accepts the terms and conditions of the Licence Agreement set forth at http://www.ir-facility.org/legal/marec/data_licence</copyright>
</patent-document>
