<?xml version="1.0" encoding="utf-8"?>
<!DOCTYPE patent-document PUBLIC "-//MXW//DTD patent-document XML//EN" "http://www.ir-facility.org/dtds/patents/v1.4/patent-document.dtd">
<patent-document ucid="EP-1245985-A2" country="EP" doc-number="1245985" kind="A2" lang="DE" family-id="7679743" status="new" date-produced="20090516" date="20021002">
  <bibliographic-data>
    <publication-reference ucid="EP-1245985-A2" status="new" fvid="23561653">
      <document-id status="new" format="original">
        <country>EP</country>
        <doc-number>1245985</doc-number>
        <kind>A2</kind>
        <date>20021002</date>
      </document-id>
    </publication-reference>
    <application-reference ucid="EP-02004367-A" status="new" is-representative="NO">
      <document-id status="new" format="epo">
        <country>EP</country>
        <doc-number>02004367</doc-number>
        <kind>A</kind>
        <date>20020305</date>
      </document-id>
    </application-reference>
    <priority-claims status="new">
      <priority-claim ucid="DE-10115875-A" status="new">
        <document-id status="new" format="epo">
          <country>DE</country>
          <doc-number>10115875</doc-number>
          <kind>A</kind>
          <date>20010330</date>
        </document-id>
      </priority-claim>
    </priority-claims>
    <technical-data status="new">
      <classifications-ipcr>
        <classification-ipcr status="new">G02B  17/00        20060101A I20070721RMEP        </classification-ipcr>
        <classification-ipcr status="new">G02B  17/00        20060101C I20070721RMEP        </classification-ipcr>
        <classification-ipcr status="new">G02B  17/08        20060101A I20051008RMEP        </classification-ipcr>
        <classification-ipcr status="new">G02B  17/08        20060101C I20051008RMEP        </classification-ipcr>
        <classification-ipcr status="new">G02B  27/18        20060101ALI20060310RMJP        </classification-ipcr>
        <classification-ipcr status="new">G02B  27/18        20060101CLI20060310RMJP        </classification-ipcr>
        <classification-ipcr status="new">G03F   7/20        20060101A I20051008RMEP        </classification-ipcr>
        <classification-ipcr status="new">G03F   7/20        20060101C I20051008RMEP        </classification-ipcr>
      </classifications-ipcr>
      <classification-ecla status="new">
        <classification-symbol scheme="EC">G02B  17/00R</classification-symbol>
        <classification-symbol scheme="EC">G02B  17/08A1</classification-symbol>
        <classification-symbol scheme="EC">G02B  17/08B1</classification-symbol>
        <classification-symbol scheme="EC">G02B  17/08M1</classification-symbol>
        <classification-symbol scheme="EC">G02B  17/08P</classification-symbol>
        <classification-symbol scheme="EC">G03F   7/20T16</classification-symbol>
      </classification-ecla>
      <invention-title load-source="ep" status="new" lang="DE">Bildübertragung mit einer Optik vom Offner-Typ</invention-title>
      <invention-title load-source="ep" status="new" lang="EN">Image printing device with an optic of the Offner-type</invention-title>
      <invention-title load-source="ep" status="new" lang="FR">Dispositif d'écriture d'image avec optique de type Offner</invention-title>
    </technical-data>
    <parties>
      <applicants>
        <applicant status="new" format="epo">
          <addressbook>
            <name>HEIDELBERGER DRUCKMASCH AG</name>
            <address>
              <country>DE</country>
            </address>
          </addressbook>
        </applicant>
        <applicant status="new" format="intermediate">
          <addressbook>
            <name>HEIDELBERGER DRUCKMASCHINENAKTIENGESELLSCHAFT</name>
          </addressbook>
        </applicant>
        <applicant status="new" format="original">
          <addressbook>
            <last-name>Heidelberger Druckmaschinen Aktiengesellschaft</last-name>
            <address>
              <street>Kurfürsten-Anlage 52-60</street>
              <city>69115 Heidelberg</city>
              <country>DE</country>
            </address>
          </addressbook>
        </applicant>
      </applicants>
      <inventors>
        <inventor status="new" format="epo">
          <addressbook>
            <name>BEIER BERNARD DR</name>
            <address>
              <country>DE</country>
            </address>
          </addressbook>
        </inventor>
        <inventor status="new" format="epo">
          <addressbook>
            <name>FORRER MARTIN</name>
            <address>
              <country>CH</country>
            </address>
          </addressbook>
        </inventor>
        <inventor status="new" format="epo">
          <addressbook>
            <name>HEIMBECK HANS-JOERG</name>
            <address>
              <country>CH</country>
            </address>
          </addressbook>
        </inventor>
        <inventor status="new" format="epo">
          <addressbook>
            <name>LANGENBACH ECKHARD</name>
            <address>
              <country>CH</country>
            </address>
          </addressbook>
        </inventor>
        <inventor status="new" format="epo">
          <addressbook>
            <name>VOSSELER BERND</name>
            <address>
              <country>DE</country>
            </address>
          </addressbook>
        </inventor>
        <inventor status="new" format="intermediate">
          <addressbook>
            <name>BEIER, BERNARD, DR.</name>
          </addressbook>
        </inventor>
        <inventor status="new" format="intermediate">
          <addressbook>
            <name>FORRER, MARTIN</name>
          </addressbook>
        </inventor>
        <inventor status="new" format="intermediate">
          <addressbook>
            <name>HEIMBECK, HANS-JOERG</name>
          </addressbook>
        </inventor>
        <inventor status="new" format="intermediate">
          <addressbook>
            <name>LANGENBACH, ECKHARD</name>
          </addressbook>
        </inventor>
        <inventor status="new" format="intermediate">
          <addressbook>
            <name>VOSSELER, BERND</name>
          </addressbook>
        </inventor>
        <inventor status="new" format="original">
          <addressbook>
            <last-name>BEIER, BERNARD, DR.</last-name>
            <address>
              <street>Lustgartenstrasse 21</street>
              <city>68526 Ladenburg</city>
              <country>DE</country>
            </address>
          </addressbook>
        </inventor>
        <inventor status="new" format="original">
          <addressbook>
            <last-name>FORRER, MARTIN</last-name>
            <address>
              <street>Lessingstrasse 15</street>
              <city>9008 St. Gallen</city>
              <country>CH</country>
            </address>
          </addressbook>
        </inventor>
        <inventor status="new" format="original">
          <addressbook>
            <last-name>HEIMBECK, Hans-Jörg</last-name>
            <address>
              <street>Schlattstrasse 5</street>
              <city>9435 Heerbrugg</city>
              <country>CH</country>
            </address>
          </addressbook>
        </inventor>
        <inventor status="new" format="original">
          <addressbook>
            <last-name>LANGENBACH, ECKHARD</last-name>
            <address>
              <street>Rickstrasse 14d</street>
              <city>9037 Speicherschwendi</city>
              <country>CH</country>
            </address>
          </addressbook>
        </inventor>
        <inventor status="new" format="original">
          <addressbook>
            <last-name>VOSSELER, BERND</last-name>
            <address>
              <street>Handschuhsheimer Landstrasse 36</street>
              <city>69120 Heidelberg</city>
              <country>DE</country>
            </address>
          </addressbook>
        </inventor>
      </inventors>
    </parties>
    <international-convention-data>
      <designated-states>
        <ep-contracting-states>
          <country>BE</country>
          <country>CH</country>
          <country>DE</country>
          <country>FR</country>
          <country>GB</country>
          <country>IT</country>
          <country>LI</country>
          <country>NL</country>
        </ep-contracting-states>
      </designated-states>
    </international-convention-data>
  </bibliographic-data>
  <abstract load-source="ep" status="new" lang="DE">
    <p>Es wird eine Bebilderungseinrichtung für eine Druckform (29) mit einem Array von
Lichtquellen (12) und einer nachgeordneten Mikrooptik (14), welche ein virtuelles
Zwischenbild (18) der Lichtquellen (12) erzeugt, beschrieben welche sich dadurch auszeichnet, dass der
Mikrooptik (14) eine optische Anordnung (10) eines Konvexspiegels (26) und eines
Konkavspiegels (24) mit gemeinsamem Krümmungsmittelpunkt, eine Kombination vom
Offner-Typ, nachgeordnet ist, welche ein reelles Bild (28) der virtuellen Zwischenbilder
(18) erzeugt. Durch einen monolithischen Aufbau (40) der optischen Anordnung (10) eines
Konvexspiegels (26) und eines Konkavspiegels (24) kann ein kompakter,
bauraumsparender Aufbau erreicht werden. Mit besonderem Vorteil kann die
erfindungsgemäße Bebilderungseinrichtung für eine Druckform (29) in einem
Plattenbelichter oder einem Druckwerk einer Druckmaschine zum Einsatz kommen.
<img id="img-00000001" orientation="unknown" wi="129" img-format="tif" img-content="ad" file="00000001.tif" inline="no" he="95"/></p>
  </abstract>
  <abstract load-source="docdb" source="EPO" status="new" lang="EN">
    <p>The imaging device has an array of light sources (12) and a microoptical device (14) producing a virtual intermediate image of the light sources, followed by an optical device (10) provided by at least one sector of a convex mirror (26) and at least one sector of a concave mirror (24) with a common center of curvature, for generation of a real image (28). Also included are Independent claims for the following: (a) a printing pattern imaging device; (b) a printing mechanism; (c) a printing machine</p>
  </abstract>
  <description load-source="ep" status="new" lang="DE">
    <p num="0001">Die Erfindung betrifft eine Bebilderungseinrichtung für eine Druckform mit einem Array
von Lichtquellen und einer nachgeordneten Mikrooptik, welche ein virtuelles Bild der
Lichtquellen erzeugt.</p>
    <p num="0002">Der Einsatz von Lichtquellenarrays in Reihen oder in Matrixform zur Bebilderung von
Druckformen, sei es in einem Druckformbelichter oder in einem Direct Imaging
Druckwerk, stellt hohe Anforderungen an die zu verwendende Abbildungsoptik.
Typischerweise bestehen die Lichtquellenarrays aus einer bestimmten Anzahl von
Diodenlasern, bevorzugt Single-Mode-Lasern, welche in bestimmtem Abstand zueinander,
typischerweise im Wesentlichen gleich beabstandet, auf einem Halbleitersubstrat
angeordnet sind und welche über eine gemeinsame über die Kristallbruchebene genau
definierte Austrittsebene verfügen. Die Lichtemissionskegel dieser Lichtquellen oder
Diodenlaser sind in den zwei zueinander im Wesentlichen orthogonal stehenden
Symmetrieebenen unterschiedlich weit geöffnet. Daraus ergibt sich die Notwendigkeit
einer Abbildungsoptik, welche einerseits diese Asymmetrie mit einer bevorzugt geringen
Anzahl von Baugruppen verringert, bevorzugt minimiert, und andererseits eine möglichst
abbildungsfehlerfreie globale Abbildung des Arrays von Emittern ermöglicht.</p>
    <p num="0003">Aus dem Stand der Technik ist eine Reihe von Abbildungsoptiken bekannt, welche speziell
für die Abbildung von Diodenlaserreihen zur Bebilderung eines Bildträgers realisiert
wurden. Beispielsweise ist aus der US 4,428,647 ein Halbleiterlaserarray bekannt, dessen
einzelnen Lasern jeweils eine in der Nähe befindliche Linse zwischen Laserarray und
Objektivlinse zugeordnet ist. Der Zweck dieser Linsen ist, den Divergenzwinkel, der aus
der Oberfläche des Laserarrays austretenden Lichtstrahlen derart zu verändern, dass das
Licht möglichst effizient durch die Objektivlinse gesammelt und auf einen Bildträger
fokussiert wird. Die Brechkraft dieser Linsen ist derart gewählt, dass fiir jeden Laser ein
virtuelles Zwischenbild hinter der emittierenden Oberfläche erzeugt wird, deren Abstände 
ungefähr den Abständen der emittierten Lichtstrahlen entsprechen, wobei das
Emitterzwischenbild vergrößert ist.</p>
    <p num="0004">In der EP 0 694 408 B 1 wird zum Beispiel beschrieben, wie eine Mikrooptik mittels
axialsymmetrischen optischen Elementen eine Reduktion der Divergenz des austretenden
Lichtes erreicht werden kann.</p>
    <p num="0005">Der oft außergewöhnliche große Unterschied in den lateralen Felddimensionen eines
derartigen Lichtquellenarrays, beispielsweise 10 x 0,001 mm<sup>2</sup>, erfordert daher eine
spezifische mikroskopische und makroskopische Abbildung. Eine Verwendung von
sphärischer Optik für diese Dimensionen ist nur mit einem relativ großen und aufwendigen
Optikdesign lösbar. Nachteilig bei der Verwendung sphärischer Makrooptik ist die variable
Abbildungsqualität als Funktion des Abstandes zur optischen Achse. Auch der Einsatz von
Zylinderlinsen und Zylinderlinsenarrays hat bislang nicht eine Abbildung eines
Lichtquellenarrays, insbesondere in Form einer Diodenlaserreihe in gewünschter
konstanter Qualität erbracht.</p>
    <p num="0006">Aus der US 3,748,015 ist ein optisches System zur Formung eines Bildes eines Objektes
mit Einheitsvergrößerung und hoher Auflösung bekannt, welche eine Anordnung eines
konvexen und eines konkaven sphärischen Spiegels umfasst, deren
Krümmungsmittelpunkte an einem Punkt zusammenfallen. Diese Spiegelanordnung
erzeugt wenigstens drei Reflexionspunkte innerhalb des Systems und erzeugt zwei von der
optischen Achse beabstandete konjugierte Bereiche mit Einheitsvergrößerung in einer
Ebene, welche den Krümmungsmittelpunkt enthält, wobei die optische Achse des Systems
orthogonal zu dieser Ebene im Krümmungsmittelpunkt ist. Eine derartige Kombination
von Spiegeln ist frei von Sphärischer Aberration, Koma und Verzeichnung und, wenn die
algebraische Summe der Stärken oder Brechkräfte der benutzten reflektierenden
Spiegeloberflächen 0 ist, ist das erzeugte Bild frei von Astigmatismus und
Bildfeldwölbung in dritter Ordnung. Eine derartige optisches System wird als optische
Anordnung vom Offner-Typ bezeichnet. </p>
    <p num="0007">In diesem Zusammenhang sei erwähnt, dass beispielsweise in der US 5,592,444 eine
Methode mit einer zugehörigen Vorrichtung zum Schreiben und Lesen von Daten auf
einem optischen Speichermedium simultan in einer Mehrzahl von Spuren beschrieben
wird. Die in diesem Dokument beschriebene Abbildungsoptik für eine Mehrzahl von
einzeln ansteuerbaren Diodenlasern umfasst dabei eine Anordnung von sphärischen
Spiegeln vom oben beschriebenen Offner-Typ, also eine Kombination aus sphärischen
Konkav- und Konvexspiegel mit gemeinsamem Krümmungsmittelpunkt, jedoch wird von
der Divergenz reduzierenden Mikrooptik kein virtuelles, insbesondere vergrößertes
Zwischenbild erzeugt.</p>
    <p num="0008">Der Einsatz einer Bebildungseinrichtung für eine Druckform in einem Druckformbelichter
oder einem Druckwerk in einer Druckmaschine erfordert jedoch zusätzliche Maßnahmen.
Da zum einen der Bauraum in derartigen Maschinen sehr begrenzt ist, zum anderen auch
am Aufbau oder an der Konfiguration des Druckformbelichters oder des Druckwerkes für
die Implementierung einer Bebilderungseinrichtung wenig abgeändert werden kann, ist
eine Reduzierung des benötigten Bauraumes erforderlich. Des Weiteren ist eine
Abbildungsoptik an einer Druckmaschine oder einem Druckformbelichter Erschütterungen
oder Vibrationen ausgesetzt, sodass sie möglichst wenig Teile aufweisen sollte, welche
relativ zueinander justiert werden müssen, sodass aus dem Stand der Technik bekannte
optische Anordnungen nicht einfach für die Verwendung an einem Druckformbelichter
oder innerhalb eines Druckwerkes einer Druckmaschine übertragen werden können.</p>
    <p num="0009">Der vorliegenden Erfindung liegt die Aufgabe zugrunde, eine Abbildungsoptik für ein
Array von Lichtquellen zu schaffen, sodass eine einfache Verringerung der Divergenz des
emittierten Lichtes und eine Abbildung mit geringen Aberrationen ermöglicht wird. Des
Weiteren soll eine Abbildungsoptik für eine Bebilderungseinrichtung für eine Druckform
mit möglichst geringem Bauraumbedarf und möglichst wenig Teilen, daher möglichst
wenig Freiheitsgraden der Justage realisiert werden. </p>
    <p num="0010">Diese Aufgabe wird durch eine Bebilderungseinrichtung mit den Merkmalen gemäß
Anspruch 1 gelöst. Vorteilhafte Ausführungsformen und Weiterbildungen der
erfindungsgemäßen Bebilderungseinrichtung sind in den Unteransprüchen charakterisiert.</p>
    <p num="0011">Die erfindungsgemäße Bebilderungseinrichtung für eine Druckform mit einem Array von
Lichtquellen und einer nachgeordneten Mikrooptik, welche ein virtuelles Bild der
Lichtquellen erzeugt, zeichnet sich dadurch aus, dass der Mikrooptik eine optische
Anordnung, welche wenigstens einen Sektor eines Konkavspiegels und einen Sektor eines
Konvexspiegels mit gemeinsamen Krümmungsmittelpunkt umfasst, wobei bevorzugt die
algebraische Summe der Stärken der Brechkräfte 0 ist, in anderen Worten eine Makrooptik
oder Kombination vom Offner-Typ, nachgeordnet ist, welche ein reelles Bild des virtuellen
Zwischenbildes erzeugt. In der Folge wird auch vereinfachend von einer Anordnung eines
Konvexspiegels und Konkavspiegels gesprochen, obschon auch wenigstens ein Spiegel nur
einen Sektor, welcher sowohl eine einfach als auch nicht-einfach zusammenhängende
Fläche definieren kann, in einen bestimmten Teilraumwinkelbereich von maximal 4π
aufweisen kann. Die Krümmungsmittelpunkte des Konkavspiegels und des
Konvexspiegels müssen dabei in der Realität einer bestimmten Ausführungsform nicht
völlig exakt aufeinander liegen, um die gewünschten Eigenschaften der optischen
Anordnung vom Offner-Typ in ausreichender Genauigkeit zum Einsatz in einer
erfindungsgemäßen Bebilderungseinrichtung zu erlangen.</p>
    <p num="0012">Unter Einsatz einer geringen Anzahl von optisch refraktiven Flächen wird in der
erfindungsgemäßen Bebilderungseinrichtung jede Lichtquelle des Arrays über ein
virtuelles Zwischenbild den mikroskopischen Anforderungen, also insbesondere der
Divergenz angepasst. Eine nachgeordnete makroskopische Abbildung unter Ausnutzung
bekannter Eigenschaften einer optischen Anordnung vom Offner-Typ, also eine
Kombination wenigstens eines Sektors eines Konvexspiegels und eines Sektors eines
Konkavspiegels mit gemeinsamen Krümmungsmittelpunkt, erlaubt eine vorteilhafte
Abbildung von Punkten entlang einer Linie, welche im wesentlichen kreisförmig verläuft.
Die optische Anordnung, welcher der Mikrooptik als Makrooptik nachgeordnet ist, der
erfindungsgemäßen Bebilderungseinrichtung ist dabei derart ausgeführt, dass die virtuellen 
Zwischenbildpunkte der Lichtquellen, welche im Wesentlichen auf einer Reihe angeordnet
sind, einen geringen Abstand zu dieser Kreislinie aufweisen. Mit anderen Worten: Die
erfindungsgemäße Bebilderungseinrichtung ermöglicht eine konstante Emissionskorrektur
einer Vielzahl von Lichtquellen, insbesondere Diodenlasern, mit einer geringen Anzahl
optischer Elemente. Durch eine Kombination von Zylinderlinsen wird eine mikrooptische
Symmetriesierung bei gleichzeitiger Vergrößerung mittels eines virtuellen Zwischenbildes
jeder Lichtquelle und eine möglichst aberrationsfreie Abbildung dieser virtuellen
Zwischenbilder in ein reelles Bild mittels einer nachgeordneten optischen Anordnung eines
Konvexspiegels und eines Konkavspiegels wird eine Bebilderungseinrichtung für eine
Druckform mit besonders vorteilhaften Abbildungseigenschaften geschaffen.</p>
    <p num="0013">Zu einer Anpassung der Divergenz des emittierten Lichtes der Lichtquellen ist die
Mikrooptik bevorzugt asphärisch ausgeführt. Beispielsweise kann es sich dabei um
Zylinderlinsen oder eine Kombination anamorphotischer Prismen handeln. Die
nachgeordnete makroskopische optische Anordnung eines Konvexspiegels und eines
Konkavspiegels weist wenigstens ein Kreissegment einer rotationssymmetrischen Optik
auf, zu deren zugeordneter Gegenstandskreislinie die im Wesentlichen gradlinig
verlaufenden Projektion der Reihe der virtuellen Zwischenbildpunkte einen gering
gehaltenen Abstand aufweist, wobei die Gegenstandskreislinie innerhalb eines der zwei
konjugierten Bereiche der optischen Anordnung eines Konvexspiegels und eines
Konkavspiegels liegt. Damit ist es möglich, mittels der optischen Anordnung vom Offner-Typ
die im Wesentlichen gradlinig verlaufende Reihe der virtuellen Zwischenbildpunkte in
den zweiten konjugierten Bereich reell mit Einheitsvergrößerung abzubilden. Besonders
vorteilhaft ist dabei die Aberrationsfreiheit der optischen Anordnung eines Konvexspiegels
und eines Konkavspiegels.</p>
    <p num="0014">Zur Verringerung des Bauraumbedarfs der erfindungsgemäßen Bebilderungseinrichtung ist
es vorteilhaft, wenigstens eine Faltung des Strahlengangs innerhalb der optischen
Anordnung eines Konvexspiegels und eines Konkavspiegels vorzunehmen.
Vorteilhafterweise wird daher wenigstens eine Lichtumlenkfläche in der der Mikrooptik
nachgeordneten optischen Anordnung, sei es vor und/oder nach den reflektiven Flächen der 
optischen Anordnung eines Konvexspiegels und eines Konkavspiegels vorgesehen.
Dadurch wird der Strahlengang durch die Abbildungsoptik der erfindungsgemäßen
Bebilderungseinrichtung kompakt, sodass für eine Realisierung innerhalb eines
Druckformbelichters oder eines Druckwerkes eine Bauraumverringerung möglich ist.
Darüber hinaus kann mit besonderem Vorteil die Gestaltung wenigstens eines Teils der
optischen Anordnung eines Konvexspiegels und eines Konkavspiegels als ein einzelnes
Bauteil, also monolithisch aus einem geeigneten Material mit einem Brechungsindex
verschieden von der Umgebung, beispielsweise aus einem Glas oder einem anderen
transparenten Material, vorgenommen werden. Das einzelne Bauteil bzw. der Monolith
kann dann zum Teil nach innen verspiegelte Flächen aufweisen, welche beispielsweise die
konkave bzw. konvexe reflektive Fläche der optischen Anordnung eines Konvexspiegels
und eines Konkavspiegels realisieren. Diese Innenflächen werden auch als aktive innere
Flächen des Monolithen bezeichnet. Am Monolithen sind wenigstens ein Ein- und ein
Austrittsfenster für das von wenigstens einer Lichtquelle emittierte Licht vorgesehen,
welche bevorzugt mit einer Antireflexbeschichtung in Form eines Interferenzfilters
versehen sind. In einer vorteilhaften Weiterbildung können dem monolithischen Aufbau
weitere optische Elemente, wie Prismen oder Lichtumlenkflächen zur Strahlumlenkung
zugeordnet sein.</p>
    <p num="0015">Mit besonderem Vorteil kann eine erfindungsgemäße Bebilderungseinrichtung in einem
Druckformbelichter oder in einem Druckwerk zum Einsatz gelangen. Eine
erfindungsgemäße Druckmaschine, welche einen Anleger, wenigstens ein Druckwerk und
einen Ausleger umfasst, zeichnet sich dadurch aus, dass diese Druckmaschine wenigstens
ein Druckwerk mit einer erfindungsgemäßen Bebilderungseinrichtung aufweist.</p>
    <p num="0016">Weitere Vorteile und vorteilhafte Ausführungsformen und Weiterbildungen der Erfindung
werden anhand der nachfolgenden Figuren sowie deren Beschreibungen dargestellt. Es
zeigt im Einzelnen: <dl tsize="7"><dt>Figur 1</dt><dd>eine schematische Darstellung einer Konfiguration optischer Elemente in
einer Ausführungsform der erfindungsgemäßen Bebilderungseinrichtung für
eine Druckform,</dd><dt>Figur 2</dt><dd>eine schematische Darstellung einer Konfiguration optischer Elemente in
einer alternativen Ausführungsform der erfindungsgemäßen
Bebilderungseinrichtung mit zusätzlichen Strahlprofilfilter,</dd><dt>Figur 3</dt><dd>eine schematische Darstellung zur Erläuterung der Lage von Fokallinie
der optischen Anordnung von Konvexspiegel und Konkavspiegel zur Reihe
der virtuellen Bildpunkte des Arrays von Lichtquellen,</dd><dt>Figur 4</dt><dd>eine schematische Darstellung einer monolithisch aufgebauten optischen
Anordnung eines Konvexspiegels und eines Konkavspiegels,</dd><dt>Figur 5</dt><dd>eine schematische Darstellung einer monolithisch ausgeführten alternativen
optischen Anordnung eines Konvexspiegels und eines Konkavspiegels unter
Ausnutzung von zwei Strahlfaltungen,</dd><dt>Figur 6</dt><dd>eine schematische Darstellung einer symmetrischen monolithisch
ausgeführten alternativen optischen Anordnung eines Konvexspiegels und
eines Konkavspiegels mit zusätzlichen Strahlumlenkelementen in Form von
Prismen und</dd><dt>Figur 7</dt><dd>eine schematische Darstellung einer weiteren Alternative monolithisch
ausgeführten optischen Anordnung eines Konvexspiegels und eines
Konkavspiegels mit einer konvexen Sphäre und einem Prisma zur
Einkoppelung des abzubildenden Lichtes.</dd></dl></p>
    <p num="0017">Die Figur 1 zeigt eine schematische Darstellung einer Konfiguration optischer Elemente in
einer Ausführungsform der erfindungsgemäßen Bebilderungseinrichtung für eine
Druckform. Die erfindungsgemäße Bebilderungseinrichtung weist eine Lichtquelle 12 mit
einer zugeordneten Mikrooptik 14 und eine nachgeordnete optische Anordnung 10 auf. Das
von der Lichtquelle 12 emittierte divergente Licht 16 wird durch die Mikrooptik 14 auf ein
virtuelles Bild 18 abgebildet. Durch die nachgeordnete optische Anordnung 10 werden die
Lichtstrahlen 20 ausgehend vom virtuellen Zwischenbild 18 über verschiedene optische
Elemente in einen reellen Bildpunkt 28 transformiert. Die optische Anordnung 10 weist in
dieser Ausführungsform zunächst ein Umlenkelement 22 und ein entlang der optischen
Achse 23 und dazu rotationssymmetrisch ausgeführtes Paar von Spiegeln, dem
Konkavspiegel 24 und dem Konvexspiegel 26 mit gemeinsamem Krümmungsmittelpunkt
25 entlang der optischen Achse 23 auf. Dieses aus Konkavspiegel 24 und Konvexspiegel
26 gebildete Paar bildet Punkte in einem Gegenstandsbereich auf Punkte in einem
Bildbereich ab. Diese Bereiche sind zueinander konjugiert. Durch das zusätzliche
Umlenkelement 22 ist die Symmetrie des Strahlenganges durch die optische Anordnung 10
gebrochen, sodass dem Bildpunkt 28 als konjugierter Punkt das virtuelle Zwischenbild 18
und nicht der konjugierte Punkt ohne Umlenkelement 27 in der Druckformebene 29
zugeordnet ist. Die optische Weglänge zwischen dem virtuellen Zwischenbild 18 und dem
Konkavspiegel 24 ist aber gleich der optischen Länge zwischen Konkavspiegel 24 und
Bildpunkt 28 in der Druckformebene 29.</p>
    <p num="0018">Während in der Figur 1 die Abbildung einer Lichtquelle 12 mit einer Mikrooptik 14 und
einer nachgeordneten optischen Anordnung 10, also einer Makrooptik, zeichnerisch zum
besseren Verständnis der erfindungsgemäßen Bebilderungseinrichtung dargestellt ist, wird
mittels einer entsprechenden bevorzugten Ausführungsform der Erfindung eine Mehrzahl
von Lichtquellen 12, welche typischerweise in Reihe angeordnet sind, durch eine
bevorzugt für jede Lichtquelle 12 individuell ausgeprägte Mikrooptik 14 und eine auf die
Mehrzahl der Zwischenbilder 18 wirkende Makrooptik, der optischen Anordnung 10 eines
Konvexspiegels und eines Konkavspiegels entsprechend, abgebildet. </p>
    <p num="0019">In der Figur 2 ist eine schematische Darstellung einer Konfiguration optischer Elemente in
einer alternativen Ausführungsform der erfindungsgemäßen Bebilderungseinrichtung für
eine Druckform mit zusätzlichem Strahlprofilfilter gezeigt. Die erfindungsgemäße
Bebilderungseinrichtung umfasst dabei eine Lichtquelle 12, eine Mikrooptik 14, ein
Eintrittsfenster 32 in eine Kapselung 33, in welcher sich die optische Anordnung 10
befindet, und ein Austrittsfenster 34 mit nachgeordneter Druckform 29. Die optische
Anordnung 10 umfasst dabei ein Umlenkelement 22, einen Konkavspiegel 24, ein
Wellenfrontkorrekturelement oder Strahlformungselement 30, ein sogenanntes
Strahlprofilfilter, bevorzugt zur Transmission der Fundamentalmode der Lichtquelle 12,
beispielsweise mit einem Gaußschen Strahlprofil, und einem Konkavspiegel 26. Die
optische Anordnung 10 ist also ebenfalls eines Konvexspiegels und eines Konkavspiegels
mit konjugierten Bereichen, wobei das virtuelle Zwischenbild 18, erzeugt aus dem
divergenten Licht 16 der Lichtquelle 12 mittels der Mikrooptik 14, im ersten konjugierten
Bereich und dem Bildpunkt 28 in der Druckformebene 29 im zweiten konjugierten
Bereich. Durch die gezeigte Faltung des Strahlenganges durch Verwendung des
Umlenkelementes 22, sei es wie hier in Figur 2 gezeigt vor dem Konvexspiegel 26 vorbei,
den Strahlengang zwischen Konvexspiegel 26 und Konkavspiegel 24 kreuzend, oder
alternativ dazu hinter dem Konvexspiegel vorbei ist es möglich, einen noch kompakteren
Aufbau zu erreichen.</p>
    <p num="0020">Die Figur 3 dient mit einer schematischen Darstellung der Erläuterung der Lage einer
Fokallinie, d. h. ausgewählten Punkten im ersten konjugierten Bereich der optischen
Anordnung eines Konvexspiegels und eines Konkavspiegels, zur Reihe der virtuellen
Bildpunkte des Arrays von Lichtquellen. Gezeigt ist in der Figur 3 eine Projektion entlang
der optischen Achse 23 des Konkavspiegels 24 und des Konvexspiegels 26 der optischen
Anordnung 10. Die im Wesentlichen kreisförmige Fokallinie 36 repräsentiert die
Projektion der konjugierten Bereiche auf den Konkavspiegel 24 für den Fall eines hier
beispielhaft gewählten symmetrischen Strahlenganges. In anderen Worten:
Gegenstandspunkt und Bildpunkt der optischen Anordnung eines Konvexspiegels und
eines Konkavspiegels liegen im Wesentlichen gegenphasig auf einer kreisförmigen
Fokallinie 36, also 180 Grad entgegengesetzt um die optische Achse 23. Die Fokallinie 36 
beschreibt im Wesentlichen diejenigen Punkte mit extremal vorteilhafter
Transformationseigenschaft, also mit minimierten Aberrationen. Ziel ist es nun, die Reihe
der virtuellen Bildpunkte 38 dieser Fokallinie 36 möglichst anzunähern. Dabei ist es im
Zusammenhang der Erfindung unerheblich, welche genaue Metrik oder welches Maß zur
Messung des Abstandes der Linie 38 zum Kreissegment 36 gewählt wird. Beispielhaft
kann der mittlere Abstand der Lichtquellen in der Projektion 38 zur optischen Achse 23,
also die Summe der Abstände geteilt durch die Anzahl der Lichtquellen, als ein Maß
herangezogen werden. Zur Erreichung einer vorteilhaft aberrationsminimierten Abbildung
durch die optische Anordnung 10 wird der Abstand der Projektion der Reihe der virtuellen
Bildpunkte 38 zum Radius der Fokallinie 36 gering gehalten oder angepasst.</p>
    <p num="0021">Des Weiteren ist klar, dass die optische Anordnung 10 eines Konvexspiegels und eines
Konkavspiegels derart ausgelegt werden soll, dass die Projektion der Fokallinie 36 einen
möglichst großen Krümmungsradius aufweist. In anderen Worten: Lokal gesehen, also auf
der Skala des Abstandes maximal voneinander entfernten Bildpunkte der Lichtquellen in
der Projektion der Lichtquellen 38 gesehen, soll die Fokallinie 36 im Vergleich zur
Projektion der Reihe der Lichtquellen 38 möglichst flach verlaufen. Die eingesetzte
optische Anordnung 10 braucht also nur wenigstens ein Kreissegment einer
rotationssymmetrischen Optik eines Konvexspiegels und eines Konkavspiegels
aufzuweisen.</p>
    <p num="0022">In der Figur 4 ist eine schematische Darstellung einer monolithisch aufgebauten
Ausführungsform der optischen Anordnung in der erfindungsgemäßen
Bebilderungseinrichtung gezeigt. Durch einen monolithischen Aufbau soll eine weitere
Verkleinerung der optischen Anordnung eines Konvexspiegels und eines Konkavspiegels
erreicht werden. Gezeigt ist in der Figur 4 beispielhaft zur Erläuterung eines derartigen
monolithischen Aufbaus ein symmetrischer Strahlengang. Die optische Anordnung 10 ist
symmetrisch zur Achse 41. Ausgehend vom virtuellen Zwischenbild 18 der hier nicht
gezeigten Lichtquelle nebst Mikrooptik treten Lichtstrahlen 20 durch ein Eintrittsfenster 32
in einen Monolithen 40, welcher beispielhaft aus einem hochbrechenden Glas oder einem
für die verwendete Wellenlänge transparenten Polymer besteht. Der Monolith weist eine 
Konkavfläche 42 auf, welche die Lichtstrahlen 20 spiegelt, sodass sie auf eine im
Wesentlichen plane Spiegelfläche 46, der Konkavfläche 42 gegenüberliegend treffen. Von
der Spiegelfläche 46 werden die Strahlen auf eine Konvexfläche 44 geworfen, von welcher
ausgehend symmetrisch auf der anderen Seite der Symmetrieachse 41 wiederum die
Spiegelfläche 46 und anschließend die Konkavfläche 42 von den Lichtstrahlen getroffen
wird, bis diese durch ein Austrittsfenster 34 den Monolithen verlassen und in einen
Bildpunkt 28, zweckmäßigerweise in der hier nicht gezeigten Druckformebene,
konvergieren. Der monolithische Aufbau, wie er in dieser Figur 4 gezeigt ist, nutzt aus,
dass in einer optischen Anordnung eines Konvexspiegels und eines Konkavspiegels vor
allem diejenigen Bereiche des Konkavspiegels, welche entfernt von der optischen Achse
oder Symmetrieachse 41 liegen, zur Reflektion vom ersten konjugierten Bereich auf den
Konvexspiegel und vom Konvexspiegel in den zweiten konjugierten Bereich genutzt
werden. Dadurch ist es möglich, eine spiegelnde Fläche 46 einzuführen, sodass die
Konkavfläche 42 in der Nähe der optischen Achse oder Symmetrieachse 41 durch eine
Konvexfläche 44 ersetzt werden kann. Die Lage und die Krümmung ist selbstverständlich
durch die Bedingungen einer optischen Anordnung eines Konvexspiegels und eines
Konkavspiegels bestimmt. Die Konvexfläche 44 entspricht einem Konvexspiegel an der
Position 48, auf den die Lichtstrahlen 20 entlang der Lichtwege 50 ohne spiegelnde Fläche
46 treffen würde. Während die Seiten des Monolithen 40, an denen die Lichtstrahlen 20
reflektiert werden sollen, durch geeignete Beschichtungen, sei es durch eine Metallschicht
oder durch Interferenzfilter, möglichst reflektiv gemacht werden, ist für das Eintrittsfenster
32 und/oder das Austrittsfenster 34 eine Antireflexbeschichtung, beispielsweise durch ein
Interferenzfilter, vorgesehen, sodass eine möglichst starke Ein- bzw. Auskopplung des
Lichtes in bzw. aus dem Monolithen ermöglicht wird.</p>
    <p num="0023">In der Figur 5 ist eine schematische Darstellung einer monolithisch ausgeführten
alternativen optischen Anordnung eines Konvexspiegels und eines Konkavspiegels unter
Ausnutzung von Zweistrahlfaltungen gezeigt. Eine Lichtquelle 12 wird mittels einer
Mikrooptik 14 in ein virtuelles Zwischenbild 18 transformiert. Die von diesem virtuellen
Zwischenbild 18 ausgehenden Lichtstrahlen 20 treten in den Monolithen 40 ein und
werden an einer ersten Umlenkfläche 51 und einer zweiten Umlenkfläche 52 auf eine 
Konkavfläche 42 projiziert. Die Lichtstrahlen 20 treffen dann auf eine Spiegelfläche 46,
auf eine Konvexfläche 44, erneut auf die Spiegelfläche 46 und auf die Konkavfläche 42,
um dann den Monolithen 40 durch ein Austrittsfenster 34 zu verlassen und in einem
Bildpunkt 28 zu konvergieren.</p>
    <p num="0024">Eine symmetrisch ausgeführte alternative optische Abbildung eines Konvexspiegels und
eines Konkavspiegels ist in der Figur 6 schematisch dargestellt, wobei zusätzlich
Umlenkelemente in prismatischer Form verwendet werden. Vom virtuellen Zwischenbild
18 der hier nicht gezeigten Lichtquelle 12 ausgehende Lichtstrahlen 20 treten in ein
prismatisches Umlenkelement 54, an dessen Basis sie reflektiert werden, ein und gelangen
in den Monolithen 40. Es ist ein symmetrischer Strahlengang vorgesehen, die Lichtstrahlen
20 treffen zunächst auf eine Konkavfläche 42, eine Spiegelfläche 46, eine Konvexfläche,
erneut auf die Spiegelfläche 46 und auf die Konkavfläche 42. Anschließend ist ebenfalls
ein prismatisches Umlenkelement 54 vorgesehen, an dessen Basis die Lichtstrahlen 20 total
reflektiert werden. Das Licht konvergiert in einen Bildpunkt 28.</p>
    <p num="0025">In der Figur 7 ist eine schematische Darstellung einer weiteren alternativen monolithisch
ausgeführten optischen Anordnung eines Konvexspiegels und eines Konkavspiegels mit
einer zusätzlichen konvexen Sphäre und einem Prisma zur Einkoppelung des
abzubildenden Lichtes gezeigt. Das von einem virtuellen Zwischenbild 18, einer hier nicht
gezeigten Lichtquelle nebst Mikrooptik Licht 20 tritt in ein Prisma 58 und von dort in eine
konvexe Sphäre 56. Es ist ein Bereich in deren Oberfläche vorgesehen, durch den die
Lichtstrahlen 20 möglichst reflexionsfrei in den Monolithen 40 eintreten können. Die
Lichtstrahlen 20 werden an die diversen Innenflächen des Monolithen reflektiert. Diese
Innenflächen umfassen die Facette 60, eine Konkavfläche 42, eine Spiegelfläche 46 und
eine Konvexfläche 44. Der Strahlengang des Lichtes 20 bis zum Bildpunkt 28 ist
angedeutet. Das Licht kann den Monolithen 40 durch ein Austrittsfenster 34 verlassen.
Typischerweise ist die Konvexfläche 44 verspiegelt, sodass Licht innerhalb des
Monolithen 40 reflektiert wird. </p>
    <heading>
      <b>Bezugszeichenliste</b>
    </heading>
    <p num="0026">
      <dl compact="compact" tsize="2">
        <dt>10</dt>
        <dd>optische Anordnung</dd>
        <dt>12</dt>
        <dd>Lichtquelle</dd>
        <dt>14</dt>
        <dd>Mikrooptik</dd>
        <dt>16</dt>
        <dd>divergentes Licht</dd>
        <dt>18</dt>
        <dd>virtuelles Zwischenbild</dd>
        <dt>20</dt>
        <dd>Lichtstrahl</dd>
        <dt>22</dt>
        <dd>Umlenkelement</dd>
        <dt>23</dt>
        <dd>optische Achse</dd>
        <dt>24</dt>
        <dd>Konkavspiegel</dd>
        <dt>25</dt>
        <dd>Krümmungsmittelpunkt</dd>
        <dt>26</dt>
        <dd>Konvexspiegel</dd>
        <dt>27</dt>
        <dd>konjugierter Punkt ohne Umlenkelement</dd>
        <dt>28</dt>
        <dd>Bildpunkt</dd>
        <dt>29</dt>
        <dd>Druckformebene</dd>
        <dt>30</dt>
        <dd>Strahlformungselement</dd>
        <dt>32</dt>
        <dd>Eintrittsfenster</dd>
        <dt>33</dt>
        <dd>Kapselung</dd>
        <dt>34</dt>
        <dd>Austrittsfenster</dd>
        <dt>36</dt>
        <dd>Projektion der Fokallinie</dd>
        <dt>38</dt>
        <dd>Projektion der Lichtquellen</dd>
        <dt>40</dt>
        <dd>Monolith</dd>
        <dt>41</dt>
        <dd>Symmetrieachse</dd>
        <dt>42</dt>
        <dd>Konkavfläche</dd>
        <dt>44</dt>
        <dd>Konvexfläche</dd>
        <dt>46</dt>
        <dd>Spiegelfläche</dd>
        <dt>48</dt>
        <dd>Position des Konvexspiegels</dd>
        <dt>50</dt>
        <dd>Lichtstrahlen ohne spiegelnde Fläche</dd>
        <dt>51</dt>
        <dd>erste Umlenkfläche</dd>
        <dt>52</dt>
        <dd>zweite Umlenkfläche </dd>
        <dt>54</dt>
        <dd>prismatisches Umlenkelement</dd>
        <dt>56</dt>
        <dd>konvexe Sphäre</dd>
        <dt>58</dt>
        <dd>Prisma</dd>
        <dt>60</dt>
        <dd>Facette</dd>
      </dl>
    </p>
  </description>
  <claims load-source="ep" status="new" lang="DE">
    <claim num="1">
      <claim-text>Bebilderungseinrichtung für eine Druckform (29) mit einem Array von Lichtquellen
(12) und einer nachgeordneten Mikrooptik (14), welche ein virtuelles Zwischenbild
(18) der Lichtquellen (12) erzeugt,dadurch gekennzeichnet,
dass der Mikrooptik eine optische Anordnung (10), welche wenigstens einen Sektor
eines Konvexspiegels (26) und einen Sektor eines Konkavspiegels (24) mit
gemeinsamen Krümmungsmittelpunkt umfasst, nachgeordnet ist, welche ein reelles
Bild (28) erzeugt.</claim-text>
    </claim>
    <claim num="2">
      <claim-text>Bebilderungseinrichtung für eine Druckform (29) gemäß Anspruch 1,dadurch gekennzeichnet,
dass das virtuelle Zwischenbild (18) eine vergrößerte Abbildung der Lichtquellen (12)
ist.</claim-text>
    </claim>
    <claim num="3">
      <claim-text>Bebilderungseinrichtung für eine Druckform (29) gemäß Anspruch 1 oder 2,dadurch gekennzeichnet,
dass die Mikrooptik (14) für eine Anpassung der Divergenz des emittierten Lichtes
(16) der Lichtquellen asphärisch ist.</claim-text>
    </claim>
    <claim num="4">
      <claim-text>Bebilderungseinrichtung für eine Druckform (29) gemäß einem der vorhergehenden
Ansprüche,dadurch gekennzeichnet,
dass die optische Anordnung (10) eines Konvexspiegels (26) und eines
Konkavspiegels (26) wenigstens ein Kreissegment einer rotationssymmetrischen Optik
aufweist, zu dessen zugeordneter Gegenstandskreislinie (36) die im Wesentlichen
gradlinig verlaufende Projektion der Reihe der virtuellen Zwischenbildpunkte (38)
einen gering gewählten Abstand aufweist.</claim-text>
    </claim>
    <claim num="5">
      <claim-text>Bebilderungseinrichtung für eine Druckform (29) gemäß einem der vorhergehenden
Ansprüche,dadurch gekennzeichnet,
dass wenigstens ein Lichtumlenkelement (22) vor und/oder nach den reflektiven
Flächen der optischen Anordnung (10) eines Konvexspiegels (26) und eines
Konkavspiegels (24) und/oder ein Strahlformungselement (30) zwischen den
reflektiven Flächen der optischen Anordnung (10) eines Konvexspiegels und eines
Konkavspiegels vorgesehen ist.</claim-text>
    </claim>
    <claim num="6">
      <claim-text>Bebilderungseinrichtung für eine Druckform (29) gemäß einem der vorhergehenden
Ansprüche,dadurch gekennzeichnet,
dass die optische Anordnung (10) wenigstens teilweise monolithisch aufgebaut ist.</claim-text>
    </claim>
    <claim num="7">
      <claim-text>Bebilderungseinrichtung für eine Druckform (29) gemäß Anspruch 6,dadurch gekennzeichnet,
dass die aktiven inneren Flächen des Monolithen (40) verspiegelt sind.</claim-text>
    </claim>
    <claim num="8">
      <claim-text>Bebilderungseinrichtung für eine Druckform (29) gemäß Anspruch 6 oder Anspruch 7,dadurch gekennzeichnet,
dass wenigstens ein Eintrittsfenster (32) und ein Austrittsfenster (34) mit
Antireflexschichten vorgesehen sind.</claim-text>
    </claim>
    <claim num="9">
      <claim-text>Bebilderungseinrichtung für eine Druckform (29) gemäß einem der Ansprüche 6 bis 8,dadurch gekennzeichnet,
dass dem monolithischen Aufbau (40) weitere optische Elemente (54, 56, 58) zur
Strahlumlenkung und/oder Strahlformung und/oder Wellenfrontkorrektur zugeordnet
sind.</claim-text>
    </claim>
    <claim num="10">
      <claim-text>Bebilderungseinrichtung für eine Druckform (29) gemäß einem der Ansprüche 6 bis 9,dadurch gekennzeichnet,
dass der Monolith (40) ein Glas mit einem hohen Brechungsindex im Vergleich zu
seiner Umgebung aufweist.</claim-text>
    </claim>
    <claim num="11">
      <claim-text>Druckformbelichter,dadurch gekennzeichnet,
dass der Druckformbelichter wenigstens eine Bebilderungseinrichtung gemäß einem
der vorhergehenden Ansprüche umfasst.</claim-text>
    </claim>
    <claim num="12">
      <claim-text>Druckwerk,dadurch gekennzeichnet,
dass das Druckwerk wenigstens eine Bebilderungseinrichtung gemäß einem der
vorhergehenden Ansprüche umfasst.</claim-text>
    </claim>
    <claim num="13">
      <claim-text>Druckmaschine mit einem Anleger, wenigstens einem Druckwerk und einem
Ausleger,dadurch gekennzeichnet,
dass die Druckmaschine wenigstens ein Druckwerk gemäß Anspruch 12 aufweist.</claim-text>
    </claim>
  </claims>
  <copyright>User acknowledges that the Information Retrieval Facility (IRF) and its third party providers retain all right, title and interest in and to this xml under applicable copyright laws. User acquires no ownership rights to this xml including but not limited to its format. User hereby accepts the terms and conditions of the Licence Agreement set forth at http://www.ir-facility.org/legal/marec/data_licence</copyright>
</patent-document>
