<?xml version="1.0" encoding="utf-8"?>
<!DOCTYPE patent-document PUBLIC "-//MXW//DTD patent-document XML//EN" "http://www.ir-facility.org/dtds/patents/v1.4/patent-document.dtd">
<patent-document ucid="EP-1231164-A1" country="EP" doc-number="1231164" kind="A1" lang="DE" family-id="7673271" status="new" date-produced="20090516" date="20020814">
  <bibliographic-data>
    <publication-reference ucid="EP-1231164-A1" status="new" fvid="23513552">
      <document-id status="new" format="original">
        <country>EP</country>
        <doc-number>1231164</doc-number>
        <kind>A1</kind>
        <date>20020814</date>
      </document-id>
    </publication-reference>
    <application-reference ucid="EP-02100071-A" status="new" is-representative="NO">
      <document-id status="new" format="epo">
        <country>EP</country>
        <doc-number>02100071</doc-number>
        <kind>A</kind>
        <date>20020129</date>
      </document-id>
    </application-reference>
    <priority-claims status="new">
      <priority-claim ucid="DE-10105706-A" status="new">
        <document-id status="new" format="epo">
          <country>DE</country>
          <doc-number>10105706</doc-number>
          <kind>A</kind>
          <date>20010208</date>
        </document-id>
      </priority-claim>
    </priority-claims>
    <technical-data status="new">
      <classifications-ipcr>
        <classification-ipcr status="new">B65G   1/04        20060101A I20051008RMEP        </classification-ipcr>
        <classification-ipcr status="new">B65G   1/04        20060101C I20051008RMEP        </classification-ipcr>
      </classifications-ipcr>
      <classification-ecla status="new">
        <classification-symbol scheme="EC">B65G   1/04B8</classification-symbol>
      </classification-ecla>
      <invention-title load-source="ep" status="new" lang="DE">Regallager</invention-title>
      <invention-title load-source="ep" status="new" lang="EN">Shelf storage</invention-title>
      <invention-title load-source="ep" status="new" lang="FR">Magasin à rayonnage</invention-title>
    </technical-data>
    <parties>
      <applicants>
        <applicant status="new" format="epo">
          <addressbook>
            <name>SIEMENS AG</name>
            <address>
              <country>DE</country>
            </address>
          </addressbook>
        </applicant>
        <applicant status="new" format="intermediate">
          <addressbook>
            <name>SIEMENS AKTIENGESELLSCHAFT</name>
          </addressbook>
        </applicant>
        <applicant status="new" format="original">
          <addressbook>
            <last-name>SIEMENS AKTIENGESELLSCHAFT</last-name>
            <address>
              <street>Wittelsbacherplatz 2</street>
              <city>80333 München</city>
              <country>DE</country>
            </address>
          </addressbook>
        </applicant>
      </applicants>
      <inventors>
        <inventor status="new" format="epo">
          <addressbook>
            <name>ENGELHARDT ALFRED</name>
            <address>
              <country>DE</country>
            </address>
          </addressbook>
        </inventor>
        <inventor status="new" format="epo">
          <addressbook>
            <name>GRONIMUS KERSTIN</name>
            <address>
              <country>DE</country>
            </address>
          </addressbook>
        </inventor>
        <inventor status="new" format="intermediate">
          <addressbook>
            <name>ENGELHARDT, ALFRED</name>
          </addressbook>
        </inventor>
        <inventor status="new" format="intermediate">
          <addressbook>
            <name>GRONIMUS, KERSTIN</name>
          </addressbook>
        </inventor>
        <inventor status="new" format="original">
          <addressbook>
            <last-name>ENGELHARDT, ALFRED</last-name>
            <address>
              <street>Aspertshofen 60</street>
              <city>91241, Kirchensittenbach</city>
              <country>DE</country>
            </address>
          </addressbook>
        </inventor>
        <inventor status="new" format="original">
          <addressbook>
            <last-name>GRONIMUS, KERSTIN</last-name>
            <address>
              <street>Elise-Spaeth-Str. 8</street>
              <city>91058, Erlangen</city>
              <country>DE</country>
            </address>
          </addressbook>
        </inventor>
      </inventors>
    </parties>
    <international-convention-data>
      <designated-states>
        <ep-contracting-states>
          <country>AT</country>
          <country>BE</country>
          <country>CH</country>
          <country>CY</country>
          <country>DE</country>
          <country>DK</country>
          <country>ES</country>
          <country>FI</country>
          <country>FR</country>
          <country>GB</country>
          <country>GR</country>
          <country>IE</country>
          <country>IT</country>
          <country>LI</country>
          <country>LU</country>
          <country>MC</country>
          <country>NL</country>
          <country>PT</country>
          <country>SE</country>
          <country>TR</country>
        </ep-contracting-states>
      </designated-states>
    </international-convention-data>
  </bibliographic-data>
  <abstract load-source="ep" status="new" lang="DE">
    <p>Das Regallager besitzt jeweils beiderseits einer Lagergasse
(2) ein Regalgerüst (3,4) mit nebeneinander und in mehreren
Lagerebenen (5) übereinander angeordneten Fächern (6). In
jeder Lagergasse ist in Höhe einer jeden Lagerebene (5) eine
Horizontalführung mit einem horizontal verfahrbaren
Gassenfahrzeug angeordnet; außerdem ist im Bereich eines
Regalgerüstes (4) jeweils seitlich der Lagergasse mindestens
ein Vertikalförderer (9) vorgesehen, der die einzelnen
Lagerebenen (5) mit unterhalb des Regallagers oder an der
Rückseite eines Regalgerüstes vorgesehenen Arbeitsplätzen
(12;52) verbindet. In jedem Fach (6) ist jeweils nur ein
Behälter (8) angeordnet, der von dem Gassenfahrzeug über eine
einfache Ziehvorrichtung herausgezogen oder eingeschoben
werden kann. Dadurch ergibt sich ein hochdynamisches
Kommissionierlager, in welchem eine sehr große Anzahl
unterschiedlicher Artikel mit sehr hoher Dynamik gehandhabt
werden kann.
<img id="img-00000001" orientation="unknown" wi="120" img-format="tif" img-content="ad" file="00000001.tif" inline="no" he="108"/></p>
  </abstract>
  <abstract load-source="docdb" source="EPO" status="new" lang="EN">
    <p>The storage system comprises columns (2) with layers of shelves (5) on either side which are connected by lifts. The columns contain rails on the level of each shelf on which carriages (7) are mounted which can move in all directions horizontally . These have grippers allowing containers to be transferred between the shelves, lifts and carriages, as required.</p>
  </abstract>
  <description load-source="ep" status="new" lang="DE">
    <p num="0001">Die Erfindung betrifft ein Regallager mit zumindest einer Lagergasse
und je einem beiderseits einer jeden Lagergasse angeordneten
Regalgerüst mit nebeneinander und in mehreren Lagerebenen
übereinander angeordneten Fächern, wobei in jeder
Lagergasse in Höhe einer jeden Lagerebene eine Horizontalführung
mit einem horizontal verfahrbaren Gassenfahrzeug angeordnet
ist und wobei jeder Lagergasse mindestens ein seitlich
von ihr im Bereich eines Regalgerüstes angeordneter Vertikalförderer
zugeordnet ist, der jeweils mindestens einen Teil
der Lagerebenen miteinander verbindet.</p>
    <p num="0002">Aus der WO 99/10258 ist ein dynamisches Kompaktlager bekannt,
das dem eingangs genannten Grundaufbau entspricht. Dort sind
die verschiedenen Lagerebenen über Vertikalfördereinrichtungen
verbunden, während in den Lagerebenen horizontal ausgerichtete
Transportgassen für Horizontalfördereinrichtungen
vorgesehen sind. Seitlich der Transportgassen weisen die Lagerebenen
Lagerkanäle auf, in denen Ladeeinheiten bewegbar
angeordnet sind. Das dort beschriebene Kompaktlager weist unterschiedliche
Funktionsbereiche mit Lade- bzw. Funktionseinheiten
größerer Abmessung und Funktionsbereiche für Ladebzw.
Funktionseinheiten kleinerer Abmessungen auf. Dabei sind
die Lagerkanäle vom Gesamtaufbau und in ihrer Tiefe so ausgelegt,
daß in ihnen jeweils Palettenzüge mit mehreren aneinander
gekoppelten Rollpaletten gelagert werden können. Diese
Tiefe der Lagerkanäle bleibt auch dann erhalten, wenn Funktionsbereiche
mit kleineren Abmessungen der Lagerkanäle in Länge
und Breite gebildet werden. Dementsprechend muß auch das
Transportfahrzeug in der Transportgasse mit Hebe- und Querfördereinrichtungen
versehen sein, um die Paletten in einem
derartigen Zug zu handhaben, zu vereinzeln und auf das Transportfahrzeug
zu bringen. Eine solche Technik ist deshalb unwirtschaftlich,
wenn es darum geht, eine große Anzahl unterschiedlicher 
kleiner Artikel zu lagern und zu kommissionieren.</p>
    <p num="0003">Aus der DE 40 20 784 A1 ist ferner eine Regalanlage mit in
Fächern eines Regals angeordneten Lagerbehältern bekannt, bei
der die Lagerbehälter mittels einer Ziehvorrichtung aus den
Fächern gezogen bzw. in diese hineingeschoben werden können.
Allerdings ist diese Ziehvorrichtung Teil eines herkömmmlichen
teuren Regalbediengerätes. Für die Handhabung von großen
Artikelmengen in hochdynamischen Kommissionierprozessen sind
diese Regalbediengeräte nicht geeignet, da eine entsprechend
große Anzahl von Regalbediengeräten einerseits zu teuer wäre,
andererseits diese sich in den Lagergassen auch gegenseitig
behindern würden, d.h. die dynamischen Anforderungen können
damit nicht wirtschaftlich umgesetzt werden.</p>
    <p num="0004">Ziel der Erfindung ist es, ein einfaches, hochdynamisches
Kommissionierlager mit dem eingangs genannten Aufbau zu
schaffen, welches die Handhabung einer großen Anzahl von Artikeln
mit sehr hoher Dynamik ermöglicht und gleichzeitig
keine teuren Einrichtungen wie Regalbediengeräte, Transportfahrzeuge
mit Hakeltechnik oder mit Satellitenfahrzeugen, benötigt.</p>
    <p num="0005">Erfindungsgemäß wird dieses Ziel bei dem eingangs genannten
Regallager dadurch erreicht, daß jedes Fach zur Aufnahme eines
einzigen, an seine Abmessungen angepaßten Behälters oder
Tablares ausgelegt ist und daß die Gassenfahrzeuge jeweils
mit einer Ziehvorrichtung ausgestattet sind, welche mittels
Greifelementen mit den entsprechend angepaßten Behältern/Tablaren
in Eingriff bringbar ist, um jeweils einen Behälter/Tablar
aus dem Fach auf das Gassenfahrzeug zu ziehen
und umgekehrt von dem Gassenfahrzeug in ein Fach zu schieben.</p>
    <p num="0006">Das erfindungsgemäße System benutzt also einen an sich bekannten
modularen Aufbau, allerdings nicht mit tiefen Lagerkanälen,
bei denen mehrere Lagereinheiten über zusätzliche 
Koppeltechnik gehandhabt werden müßten, sondern mit Fächern
geringer Tiefe, die jeweils nur einen Behälter bzw. nur ein
Tablar aufnehmen. Dementsprechend werden diese Behälter oder
Tablare auch mit einfacher Ziehtechnik über preiswerte Gassenfahrzeuge
innerhalb der Lagerebenen befördert, während für
den Transport zwischen den Lagerebenen und den Arbeitsplätzen
in an sich bekannter Weise Vertikalförderer zum Einsatz kommen.
Die Behälter oder Tablare können in Abhängigkeit von der
Art und Größe der Artikel jeweils mehrere Artikel gleicher
oder unterschiedlicher Art aufnehmen, so daß das Regal bezüglich
der Stellplätze und der Dynamik optimal genutzt wird.</p>
    <p num="0007">Das erfindungsgemäße Regallager ist vorzugsweise modular aufgebaut.
So können beispielsweise in einem vorgegebenen Raum
entsprechend der Größe der Artikel bzw. der Behälter jeweils
Fächer mit großen Abmessungen entsprechend einem Großraster,
zum Beispiel Palettenraster, vorgesehen sein, oder das Großraster
kann durch ein Kleinraster zur Bildung von Fächern mit
entsprechend kleineren Abmessungen unterteilt sein. Dabei muß
natürlich darauf geachtet werden, daß innerhalb einer Lagergasse
jeweils in ein und derselben Lagerebene nur Fächer
gleicher Höhe vorgesehen werden, damit die Zuordnung und Führung
der Gassenfahrzeuge zu einer bestimmten Lagerebene möglich
ist.</p>
    <p num="0008">In bevorzugter Ausgestaltung des erfindungsgemäßen Regallagers
sind jeweils unterhalb der Lagergassen Arbeitsplätze zur
Einlagerung, Kommissionierung und/oder Auslagerung von Artikeln
angeordnet, die über die jeweiligen Vertikalförderer mit
den Lagerebenen verbunden sind. In einer anderen vorteilhaften
Ausgestaltung, insbesondere bei einem eingassigen Lager,
können auch jeweils auf der von der Lagergasse abgewandten
Seite eines Regalgerüstes Arbeitsplätze zur Ein- und Auslagerung
bzw. zur Kommissionierung von Artikeln in Höhe bestimmter
Lagerebenen vorgesehen sein. In den einzelnen Arbeitsebenen
sind dann jeweils Horizontalfördereinrichtungen vorgesehen,
die die Arbeitsplätze untereinander und/oder oder mit 
den Vertikalförderern verbinden. Bei den unmittelbar an der
Rückseite des Lagergerüsts vorgesehenen Arbeitsplätzen werden
zweckmäßigerweise zusätzlich Fördereinrichtungen und Hubeinrichtungen
vorgesehen, um Behälter bzw. Tablare direkt aus
den Fächern zu entnehmen und einem Arbeitsplatz in ergonomisch
günstiger Lage zuzuführen.</p>
    <p num="0009">Die Erfindung wird nachfolgend an Ausführungsbeispielen anhand
der Zeichnung näher erläutert. Es zeigen
<sl><li>Figur 1 eine schematische Darstellung eines erfindungsgemäßen
Regallagers in Seitenansicht,</li><li>Figur 2 eine Draufsicht des Regallagers von Figur 1 (im Ausschnitt),</li><li>Figur 3 eine vergrößerte Ausschnittsansicht einer Lagergasse
aus Figur 1,</li><li>Figur 4 eine Vorderansicht IV-IV aus Figur 3 auf die Regalfächer,</li><li>Figur 5 eine gegenüber Figur 1 abgewandelte Ausführungsform
eines Regallagers,</li><li>Figur 6 das Regallager von Figur 5 in Draufsicht.</li></sl></p>
    <p num="0010">Das in den Figuren 1 und 2 gezeigte Regallager 1 besteht aus
mehreren Lagergassen 2 zwischen jeweils zwei Regalgerüsten 3
und 4. Jedes Regalgerüst bildet eine Vielzahl von Lagerebenen
5, zwischen denen jeweils nebeneinanderliegende Fächer 6 ausgebildet
sind. Die Abstände zwischen den Lagerebenen können
auch unterschiedlich sein, wie dies beispielsweise in Figur 1
anhand der Lagergasse 21 und der Regalgerüste 31 und 41 gezeigt
ist. Neben den kleinen Fächern 6 wie in den übrigen Regalgerüsten
sind zwischen den Lagerebenen 51 große Fächer 61
ausgebildet, die eine mehrfache Höhe im Vergleich zu den Fächern
6 aufweisen. Es muß lediglich sichergestellt werden,
daß in einer Lagerebene alle Fächer die gleiche Höhe aufweisen. </p>
    <p num="0011">In jeder Lagerebene 5 bzw. 51 ist im Bereich der Lagergasse
ein horizontal geführtes Gassenfahrzeug 7 angeordnet, das in
der Lagerebene verfahrbar ist und jedes in dieser Lagerebene
an die Lagergasse angrenzende Fach erreicht. Das Gassenfahrzeug
ist mit einer Zieheinrichtung 73 versehen, mit dessen
Hilfe Behälter oder Tablare 8 aus den Fächern 6 bzw. 61 auf
das Gassenfahrzeug 7 gezogen oder von diesem Gassenfahrzeug 7
in ein Regalfach 6 bzw. 61 geschoben werden kann.</p>
    <p num="0012">Die Verbindung zwischen den einzelnen Lagerebenen wird durch
Vertikalförderer 9 hergestellt, die zwischen den Fächern eines
Regalgerüstes, im dargestellten Beispiel jeweils in dem
Regalgerüst 4, angeordnet sind. Die Anzahl der Vertikalförderer
kann entsprechend den erforderlichen Fördermengen der dynamischen
Anforderungen gewählt werden. Natürlich können ein
oder mehrere Vertikalförderer auch ersatzweise oder zusätzlich
in den Regalgerüsten 3 vorgesehen werden. Die Bewegung
der Behälter oder Tablare zwischen den Gassenfahrzeugen und
den Vertikalförderern erfolgt ebenfalls über die erwähnte
Zieheinrichtung 71.</p>
    <p num="0013">Die Vertikalförderer 9 stellen außerdem eine Verbindung zwischen
den Lagerebenen und einem Arbeitsraum 10 her, der im
Ausführungsbeispiel nach Figur 1 und 2 unterhalb der Lagergassen
2 bzw. der Regalgerüste 3 und 4 angeordnet und von
diesen durch eine Zwischendecke 11 getrennt ist. In dem Arbeitsraum
10 sind Arbeitsplätze 12 zum Einlagern, Auslagern
und Kommissionieren durch entsprechende Bedienpersonen 13
vorgesehen. Im Arbeitsraum 10 sind vorzugsweise nicht dargestellte
Horizontalfördereinrichtungen vorgesehen, um Behälter
zwischen den verschiedenen Arbeitsplätzen bzw. zwischen den
Arbeitsplätzen und den Ausgängen der Vertikalförderer zu bewegen.</p>
    <p num="0014">In den Ausschnittsdarstellungen der Figuren 3 und 4 ist der
modulare Aufbau des Regalsystems ersichtlich. Die Regalgerüste
bestehen aus einem System von Hauptstützen 32 sowie Hauptträgern 
33, deren Abstände entsprechend einem Grundmodulraster
eine Palettenrasterhöhe 34 und eine Palettenrasterbreite
(1-3 Platzlagerung) 35 aufweisen, dem beispielsweise die Fächer
61 entsprechen. Innerhalb dieses Grundmodulrasters sind
zur Bildung der Fächer 6 jeweils Zwischenträger 36 mit einer
Rasterhöhe 38 und Zwischenstützen 37 mit einer Rasterbreite
39 angeordnet, die somit ein Tablarmodulraster mit den einzelnen
Fächern 6 zur Aufnahme von Behältern oder Tablaren 8
bilden. In jeder durch Hauptträger 33 oder Zwischenträger 36
gebildeten Lagerebene ist eines der Gassenfahrzeuge 7 über
seine Rollen 71 in Führungsschienen 72 verfahrbar. Zusätzlich
können jeweils in Höhe der Hauptträger 33 im Bereich der Lagergasse
begehbare Stege, beispielsweise Gitterroste 40 angeordnet
sein, um die notwendige Zugänglichkeit zu gewährleisten.</p>
    <p num="0015">In Figur 5 und 6 ist ein etwas abgewandeltes Ausführungsbeispiel
gezeigt. In diesem Fall, der hauptsächlich für ein eingassiges
Regallager zur Anwendung kommt, sind wie im vorhergehenden
Beispiel zu beiden Seiten der Lagergasse 2 zwei Regalgerüste
3 und 4 angeordnet. An den Rückseiten der Regalgerüste
3 und 4 ist jedoch nicht ein weiteres Regalgerüst wie
in Figur 1 vorgesehen. Vielmehr sind hier Arbeitsplätze 52
nicht wie im vorherigen Beispiel unterhalb des Regallagers,
sondern jeweils an der Rückseite eines Regalgerüstes in Arbeitsbereichen
50 auf verschiedenen Arbeitsebenen 53 vorgesehen.
Wie in Figur 5 gezeigt, sind beispielsweise an der der
Lagergasse 2 entgegengesetzten Seite des Regalgerüstes 4 mehrere
Arbeitsebenen 53 mit entsprechenden Arbeitsplätzen 52
durch entsprechende Stahlbetondecken oder Stahlbühnen gebildet.
Wahlweise können auch auf der gegenüberliegenden Seite
hinter dem Regalgerüst 3 entsprechende, gestrichelt angedeutete
Arbeitsplätze vorgesehen werden. Auch in diesem Fall
sind wie im vorhergehenden Beispiel in den einzelnen Lagerebenen
Gassenfahrzeuge 7 und Vertikalförderer 9 vorgesehen,
wobei letztere die Verbindung zwischen verschiedenen Lagerebenen
5 und verschiedenen Arbeitsbereichen 50 herstellen. </p>
    <p num="0016">Bedarfsweise sind derartige Vertikalförderer nicht nur in dem
Regalgerüst 4, sondern auch im Regalgerüst 3 (gestrichelt angedeutet)
einsetzbar.</p>
    <p num="0017">Es ist aber auch möglich, die Behälter bzw. Tablare aus den
verschiedenen Fächern eines Regalgerüstes 4 oder 3 mittels
der Ziehvorrichtung des Gassenfahrzeuges zur Rückseite des
Faches direkt in einen Arbeitsbereich 50 herauszuschieben oder
mittels einer entsprechenden Vorrichtung in den Arbeitsbereich
zu fördern. Da die einzelnen Fächer in unterschiedlicher
Höhe zu den Arbeitsplätzen liegen, können zusätzliche
Hubvorrichtungen vorgesehen sein, um die Behälter jeweils in
eine ergonomisch günstige Arbeitshöhe zu bringen.</p>
    <p num="0018">Wie in Figur 5 gestrichelt angedeutet, kann auch dieser Lageraufbau
mit im Regalbereich angeordneten Lagerplätzen mehrfach
nebeneinander angeordnet werden, so daß jeweils ein eingassiger
Regalabschnitt R mit einem mehrere Arbeitsbereiche
umfassenden Arbeitsabschnitt A abwechselt.</p>
  </description>
  <claims load-source="ep" status="new" lang="DE">
    <claim num="1">
      <claim-text>Regallager mit zumindest einer Lagergasse (2;22) und je
einem beiderseits einer jeden Lagergasse angeordneten
Regalgerüst (3,4;31,41) mit nebeneinander und in mehreren
Lagerebenen (5;51) übereinander angeordneten Fächern, wobei
in jeder Lagergasse (2;21) in Höhe einer jeden Lagerebene
eine Horizontalführung (72) mit einem horizontal verfahrbaren
Gassenfahrzeug (7) angeordnet ist und wobei jeder Lagergasse
(2;21) mindestens ein seitlich von ihr im Bereich eines
Regalgerüstes (3,4;31,41) angeordneter Vertikalförderer (9)
zugeordnet ist, der jeweils mindestens einen Teil der
Lagerebenen (5;51) miteinander verbindet,dadurch gekennzeichnet, daß jedes Fach
(6;61) zur Aufnahme eines einzigen, an seine Abmessungen
angepaßten Behälters (8) ausgelegt ist und daß die
Gassenfahrzeuge (7) jeweils mit einer Ziehvorrichtung
ausgestattet sind, welche mittels Greifelementen mit den
entsprechend angepaßten Behältern/Tablaren (8) in Eingriff
bringbar ist, um jeweils einen Behälter aus dem Fach auf das
Gassenfahrzeug (7) zu ziehen oder umgekehrt von dem
Gassenfahrzeug in ein Fach (6) bzw. in einen Vertikalförderer
(9) zu schieben.</claim-text>
    </claim>
    <claim num="2">
      <claim-text>Regallager nach Anspruch 1,dadurch gekennzeichnet, daß die einer
Lagergasse (2;21) zugewandten Fächer (6;61) einer Lagerebene
(5;51) alle gleiche Höhe aufweisen.</claim-text>
    </claim>
    <claim num="3">
      <claim-text>Regallager nach Anspruch 2,dadurch gekennzeichnet, daß die
unterschiedlichen Lagergassen (2;21) und/oder
unterschiedlichen Lagerebenen (5;51) zugeordneten Fächer
unterschiedliche Höhe und/oder Breite aufweisen können.</claim-text>
    </claim>
    <claim num="4">
      <claim-text>Regallager nach einem der Ansprüche 1 bis 3,dadurch gekennzeichnet, daß in den
Fächern (6) Tablare (8) zur Aufnahme einer Mehrzahl von
gleichen und/oder unterschiedlichen Artikeln angeordnet sind.</claim-text>
    </claim>
    <claim num="5">
      <claim-text>Regallager nach einem der Ansprüche 1 bis 4,dadurch gekennzeichnet, daß unterhalb
der Lagergassen (2;21) jeweils Arbeitsplätze (12) zur
Einlagerung, Kommissionierung und/oder Auslagerung von
Artikeln angeordnet sind, die über die jeweiligen
Vertikalförderer (9) mit den Lagerebenen (5;51) verbunden
sind.</claim-text>
    </claim>
    <claim num="6">
      <claim-text>Regallager nach einem der Ansprüche 1 bis 4,dadurch gekennzeichnet, daß auf der
von der Lagergasse (2) abgewandten Seite eines Regalgerüstes
(3,4) in Höhe bestimmter Lagerebenen (54) jeweils
Arbeitsplätze (53) zur Ein- und Auslagerung bzw. zur
Kommissionierung von Waren angeordnet sind.</claim-text>
    </claim>
    <claim num="7">
      <claim-text>Regallager nach Anspruch 6,dadurch gekennzeichnet, daß in den
einzelnen Arbeitsbereichen (52) jeweils
Horizontalfördereinrichtungen (55) vorgesehen sind, die die
Arbeitsplätze (53) untereinander und/oder mit
Senkrechtförderern (9) verbinden.</claim-text>
    </claim>
    <claim num="8">
      <claim-text>Regallager nach Anspruch 6 oder 7,dadurch gekennzeichnet, daß an der der
Lagergasse (2) abgewandten Seite des Regalgerüstes (4) in den
jeweiligen Arbeitsbereichen (52) jeweils Fördereinrichtungen
und Hubeinrichtungen vorgesehen sind, um Behälter bzw.
Tablare aus den Fächern (6) zu entnehmen und einem
Arbeitsplatz in ergonomisch günstiger Lage zuzuführen.</claim-text>
    </claim>
    <claim num="9">
      <claim-text>Regallager nach einem der Ansprüche 1 bis 8,dadurch gekennzeichnet, daß jedes
Regalgerüst (3,4;31,41) jeweils durch ein Stützgerüst aus
Hauptstützen (32) und Hauptträgern (33) gebildet ist, die in
einem Großraster angeordnet sind, und daß zwischen diesen
jeweils Zwischenträger (36) und Zwischenstützen (37) in einem
Feinraster zur Bildung der Fächer (6) angeordnet sind.</claim-text>
    </claim>
  </claims>
  <copyright>User acknowledges that the Information Retrieval Facility (IRF) and its third party providers retain all right, title and interest in and to this xml under applicable copyright laws. User acquires no ownership rights to this xml including but not limited to its format. User hereby accepts the terms and conditions of the Licence Agreement set forth at http://www.ir-facility.org/legal/marec/data_licence</copyright>
</patent-document>
