<?xml version="1.0" encoding="utf-8"?>
<!DOCTYPE patent-document PUBLIC "-//MXW//DTD patent-document XML//EN" "http://www.ir-facility.org/dtds/patents/v1.4/patent-document.dtd">
<patent-document ucid="EP-1236420-A1" country="EP" doc-number="1236420" kind="A1" lang="FR" family-id="8860610" status="new" date-produced="20090516" date="20020904">
  <bibliographic-data>
    <publication-reference ucid="EP-1236420-A1" status="new" fvid="23541319">
      <document-id status="new" format="original">
        <country>EP</country>
        <doc-number>1236420</doc-number>
        <kind>A1</kind>
        <date>20020904</date>
      </document-id>
    </publication-reference>
    <application-reference ucid="EP-02290494-A" status="new" is-representative="NO">
      <document-id status="new" format="epo">
        <country>EP</country>
        <doc-number>02290494</doc-number>
        <kind>A</kind>
        <date>20020228</date>
      </document-id>
    </application-reference>
    <priority-claims status="new">
      <priority-claim ucid="FR-0102800-A" status="new">
        <document-id status="new" format="epo">
          <country>FR</country>
          <doc-number>0102800</doc-number>
          <kind>A</kind>
          <date>20010301</date>
        </document-id>
      </priority-claim>
    </priority-claims>
    <technical-data status="new">
      <classifications-ipcr>
        <classification-ipcr status="new">A45D  34/04        20060101AFI20051220RMJP        </classification-ipcr>
        <classification-ipcr status="new">A45D  34/04        20060101CFI20051220RMJP        </classification-ipcr>
        <classification-ipcr status="new">A46B   3/00        20060101C I20051008RMEP        </classification-ipcr>
        <classification-ipcr status="new">A46B   3/18        20060101A I20051008RMEP        </classification-ipcr>
        <classification-ipcr status="new">A46B   9/00        20060101C I20051008RMEP        </classification-ipcr>
        <classification-ipcr status="new">A46B   9/02        20060101A I20051008RMEP        </classification-ipcr>
        <classification-ipcr status="new">B05C  17/00        20060101CLI20051220RMJP        </classification-ipcr>
        <classification-ipcr status="new">B05C  17/10        20060101ALI20051220RMJP        </classification-ipcr>
      </classifications-ipcr>
      <classification-ecla status="new">
        <classification-symbol scheme="EC">A46B   3/18</classification-symbol>
        <classification-symbol scheme="EC">A46B   9/02A</classification-symbol>
      </classification-ecla>
      <invention-title load-source="ep" status="new" lang="DE">Bürste zum Auftragen eines Produktes auf keratinische Fasern</invention-title>
      <invention-title load-source="ep" status="new" lang="EN">Brush for applying a product on keratinous fibres</invention-title>
      <invention-title load-source="ep" status="new" lang="FR">Brosse pour l'application d'un produit sur les fibres kératiniques</invention-title>
    </technical-data>
    <parties>
      <applicants>
        <applicant status="new" format="epo">
          <addressbook>
            <name>OREAL</name>
            <address>
              <country>FR</country>
            </address>
          </addressbook>
        </applicant>
        <applicant status="new" format="intermediate">
          <addressbook>
            <name>L'OREAL</name>
          </addressbook>
        </applicant>
        <applicant status="new" format="original">
          <addressbook>
            <last-name>L'OREAL</last-name>
            <address>
              <street>14, rue Royale</street>
              <city>75008 Paris</city>
              <country>FR</country>
            </address>
          </addressbook>
        </applicant>
      </applicants>
      <inventors>
        <inventor status="new" format="epo">
          <addressbook>
            <name>GUERET JEAN-LOUIS</name>
            <address>
              <country>FR</country>
            </address>
          </addressbook>
        </inventor>
        <inventor status="new" format="intermediate">
          <addressbook>
            <name>GUERET, JEAN-LOUIS</name>
          </addressbook>
        </inventor>
        <inventor status="new" format="original">
          <addressbook>
            <last-name>GUERET, JEAN-LOUIS</last-name>
            <address>
              <street>27 avenue Raymond Poincaré</street>
              <city>75016 Paris</city>
              <country>FR</country>
            </address>
          </addressbook>
        </inventor>
      </inventors>
      <agents>
        <agent status="new" format="original">
          <addressbook>
            <last-name>Tanty, François</last-name>
            <address>
              <street>Nony &amp;amp; Associés, 3, rue de Penthièvre</street>
              <city>75008 Paris</city>
              <country>FR</country>
            </address>
          </addressbook>
        </agent>
      </agents>
    </parties>
    <international-convention-data>
      <designated-states>
        <ep-contracting-states>
          <country>AT</country>
          <country>BE</country>
          <country>CH</country>
          <country>CY</country>
          <country>DE</country>
          <country>DK</country>
          <country>ES</country>
          <country>FI</country>
          <country>FR</country>
          <country>GB</country>
          <country>GR</country>
          <country>IE</country>
          <country>IT</country>
          <country>LI</country>
          <country>LU</country>
          <country>MC</country>
          <country>NL</country>
          <country>PT</country>
          <country>SE</country>
          <country>TR</country>
        </ep-contracting-states>
      </designated-states>
    </international-convention-data>
  </bibliographic-data>
  <abstract load-source="docdb" source="EPO" status="new" lang="EN">
    <p>The applicator comprises a rod with a brush at one end. The portion of the rod adjacent to the brush has an axis (Y) and the brush comprises a core (11) from a portion of which bristles extend. The core is curved over a part of its length and the angle between the rod axis and the core axis is less than 90o and the brush free end is not aligned with the rod axis.</p>
  </abstract>
  <abstract load-source="ep" status="new" lang="FR">
    <p>La présente invention concerne un dispositif pour l'application d'un produit
sur les fibres kératiniques, notamment pour l'application de mascara sur les cils,
comportant une tige munie à une extrémité d'une brosse, la portion de la tige adjacente à
la brosse ayant un axe (Y).</p>
    <p>La brosse présente une âme courbe sur au moins une partie de sa longueur.
Sa surface enveloppe est non symétrique par rapport à un plan (P) médian perpendiculaire
à l'âme, l'angle entre l'axe (Y) de la tige et l'axe de l'âme en tout point de celle-ci est
inférieur à 90°. La brosse présente une extrémité libre non alignée avec l'axe (Y) de la
tige.
<img id="img-00000001" orientation="unknown" wi="137" img-format="tif" img-content="ad" file="00000001.tif" inline="no" he="57"/></p>
  </abstract>
  <description load-source="ep" status="new" lang="FR">
    <p num="0001">La présente invention concerne une brosse pour appliquer un produit
cosmétique ou de soins sur les fibres kératiniques, notamment pour appliquer du mascara
sur les cils.</p>
    <p num="0002">L'invention est également relative à un dispositif de maquillage comportant
une telle brosse.</p>
    <p num="0003">On connaít de nombreuses brosses formées par l'enroulement en hélice de
deux branches d'un fil métallique autour de touffes de poils s'étendant radialement à partir
de l'âme, ces branches étant fixées dans une tige réalisée en matière plastique, solidaire
d'un capuchon de fermeture du récipient contenant le produit à appliquer.</p>
    <p num="0004">Les extrémités libres des poils définissent une surface enveloppe, laquelle peut
présenter de multiples formes.</p>
    <p num="0005">Est ainsi connue par la demande de brevet français FR-A-2 605 505 une brosse
à âme rectiligne, présentant plusieurs faces latérales et sur chaque face latérale une encoche
s'étendant sur sensiblement toute la longueur de la brosse, chaque encoche présentant en
section transversale un profil concave vers l'extérieur. De telles encoches définissent entre
elles des zones de crête. L'axe de l'âme est confondu avec celui de la tige. Lors de
l'application de produit au moyen d'une telle brosse, cette dernière étant entraínée en
rotation autour de l'axe de la tige, les cils rencontrent successivement des faces latérales
ayant une forme identique.</p>
    <p num="0006">La demande de brevet européen EP-A-0 663 161 décrit une brosse ayant une
âme rectiligne et sur ses faces latérales des encoches concaves vers l'extérieur. Les bords
de ces encoches appartiennent à une surface enveloppe ayant la forme générale de deux
troncs de cône accolés par leur base.</p>
    <p num="0007">On connaít par la demande de brevet européen EP-A-0 792 603 une brosse
ayant une âme rectiligne et une portion cylindrique dans laquelle sont réalisées une ou
plusieurs encoches dont la largeur passe par un maximum lorsque l'on se déplace selon
l'axe de la brosse.</p>
    <p num="0008">On connaít encore par la demande de brevet français FR-A-2 755 593 une
brosse présentant une âme non rectiligne, s'étendant dans un plan de courbure. La surface
enveloppe de la brosse présente sur au moins une partie de sa longueur une section
transversale de forme allongée selon un axe de plus grande longueur, parallèle au plan de 
courbure. Les deux moitiés de la surface enveloppe de la brosse situées de part et d'autre
du plan de courbure sont symétriques par rapport à ce dernier.</p>
    <p num="0009">On connaít par les demandes de brevet français FR-A-2 749 489 et
FR-A-2 749 490 d'autres brosses à âme courbe. La section transversale définie par les
poils de ces brosses varie de manière homothétique d'une extrémité à l'autre de la brosse.
Autrement dit, si l'on compare deux sections transversales de la brosse prises en deux
endroits différents de la longueur de celle-ci, l'une des sections est un agrandissement de
l'autre, c'est-à-dire que le rapport des dimensions d'une section à l'autre est constant
quelle que soit l'orientation autour de l'axe de l'âme. Ces brosses sont en outre réalisées à
partir d'une ébauche ayant une surface enveloppe symétrique par rapport à un plan médian
perpendiculaire à l'âme.</p>
    <p num="0010">Le brevet US 5 937 870 décrit une brosse qui présente une section transversale
définie par les poils, ayant une forme allongée sur au moins une partie de sa longueur.
Cette brosse présente une surface enveloppe ayant deux moitiés symétriques par rapport au
plan de courbure de l'âme.</p>
    <p num="0011">Le brevet US 5 876 138 décrit une brosse à âme rectiligne ayant une forme
générale de poisson.</p>
    <p num="0012">La demande de brevet DE-A-4 205 935 décrit une brosse à âme coudée, de
section transversale constante, circulaire.</p>
    <p num="0013">La demande de brevet FR-A-2 798 276, qui est un document intercalaire, décrit
un dispositif comportant une brosse à âme courbe dont l'extrémité libre ne se situe pas
dans l'alignement de la tige, afin d'améliorer le prélèvement du produit. La brosse présente
une section transversale qui varie de manière monotone depuis l'extrémité de la brosse liée
à la tige vers son extrémité libre.</p>
    <p num="0014">La présente invention a pour but d'améliorer encore les brosses existantes et la
qualité du maquillage obtenu, notamment en termes de chargement en produit,
d'allongement, de recourbement, de pénétration des poils dans les cils et de séparation de
ces derniers.</p>
    <p num="0015">L'invention a notamment pour objet, parmi d'autres, un dispositif pour
l'application d'un produit sur les fibres kératiniques, notamment pour l'application de
mascara sur les cils, comportant une tige munie à une extrémité d'une brosse, la portion de
la tige adjacente à la brosse ayant un axe (Y). La brosse comporte une âme ayant une 
portion à partir de laquelle s'étendent des poils, encore appelée portion « empoilée ». Ce
dispositif peut se caractériser par le fait qu'il présente l'une au moins des caractéristiques
suivantes :
<ul list-style="bullet"><li>l'âme est courbe sur au moins une partie de sa longueur,</li><li>la surface enveloppe définie par les poils de la brosse définie par les poils
est non symétrique par rapport à un plan (P) médian perpendiculaire à l'âme,</li><li>l'angle entre l'axe (Y) et l'axe de l'âme en tout point de celle-ci est toujours
inférieur à 90°,</li><li>la brosse présente une extrémité libre non alignée avec l'axe (Y),</li><li>la section transversale, définie par les poils de la brosse varie de manière
non monotone d'une extrémité de la brosse à l'autre.</li></ul></p>
    <p num="0016">Par section transversale variant de manière non monotone, il faut comprendre
que la section transversale de la brosse n'est pas constante sur toute la longueur de la
brosse et ne varie pas d'une manière strictement croissante ou strictement décroissante
d'une extrémité de la brosse à l'autre. Le fait que, dans une brosse selon l'invention, la
section transversale définie par les poils varie de manière non monotone peut être dû par
exemple à la forme de l'ébauche à partir de laquelle la brosse est réalisée, cette ébauche
pouvant par exemple présenter un diamètre extremum à distance de chaque extrémité de la
brosse, ou à la présence d'une ou plusieurs encoches, entre autres.</p>
    <p num="0017">Dans une réalisation particulière, la brosse est réalisée à partir d'une ébauche à
âme rectiligne, la portion empoilée ayant une surface enveloppe non symétrique par
rapport à un plan médian perpendiculaire à l'âme, l'ébauche ayant un bord non rectiligne
lorsqu'elle est observée de profil dans une direction perpendiculaire à l'âme, ce bord ayant
été redressé au moins partiellement par la courbure donnée à l'âme de l'ébauche lors de la
fabrication de la brosse.</p>
    <p num="0018">La nouvelle brosse selon l'invention permet d'obtenir une qualité de
maquillage très satisfaisante, grâce au fait que l'âme est courbe et qu'elle présente,
lorsqu'elle est observée de côté dans une direction perpendiculaire à l'axe de la tige, un
profil qui varie lorsqu'elle est entraínée en rotation autour de l'axe de la tige.</p>
    <p num="0019">La brosse permet d'obtenir une bonne prise en charge des cils et permet
également d'obtenir un essorage non uniforme, conduisant à des zones chargées
inégalement en produit. </p>
    <p num="0020">Ainsi, l'utilisatrice peut disposer sur la brosse d'une quantité plus importante
de produit permettant d'ajouter localement sur les cils du produit si cela s'avère nécessaire
lors du maquillage, sans avoir à replonger la brosse dans le récipient, et d'autre part de
poils peu chargés en produit, pouvant avantageusement être utilisés pour séparer les cils,
notamment les petits cils à l'extrémité de la paupière.</p>
    <p num="0021">En partant d'une brosse conforme à l'invention, on peut revenir pour les
besoins de l'observation à l'ébauche utilisée pour la fabriquer en redressant entièrement
l'âme, c'est-à-dire en la rendant complètement rectiligne.</p>
    <p num="0022">Par « courbe », il faut comprendre « non rectiligne », de sorte qu'une ligne
brisée est une ligne courbe au sens de la présente invention.</p>
    <p num="0023">Selon un autre aspect de l'invention, la courbure est non constante.</p>
    <p num="0024">Le fait que la courbure soit non constante sur la longueur de la brosse signifie
que le rayon de courbure (qui peut être infini) n'est pas le même au moins en deux points
différents le long de la brosse. La brosse peut ainsi comporter une courbure plus
importante du côté de son extrémité libre que du côté de la tige par exemple, ou encore
comporter une portion rectiligne ou sensiblement rectiligne et une portion courbe, ce qui
est le cas notamment lorsque l'âme de la brosse présente une partie rectiligne engagée dans
la tige et que les poils sont supportés par une partie curviligne, de courbure constante ou
non.</p>
    <p num="0025">Dans une réalisation particulière, la section transversale de la brosse selon
l'invention passe par au moins un extremum entre ses deux extrémités axiales.</p>
    <p num="0026">Cet extremum peut être un maximum ou un minimum et la section transversale
de la brosse peut notamment passer par un maximum et par un minimum entre ses deux
extrémités axiales, ce qui est le cas notamment lorsque l'ébauche à partir de laquelle la
brosse est réalisée présente une forme générale de poisson.</p>
    <p num="0027">Dans une réalisation particulière, l'ébauche présente une surface enveloppe
ayant une forme symétrique de révolution.</p>
    <p num="0028">L'ébauche servant à réaliser la brosse selon l'invention peut encore ne pas
présenter une surface enveloppe ayant une forme symétrique de révolution mais
simplement une symétrie axiale par rapport à l'axe de l'âme, par exemple.</p>
    <p num="0029">La section transversale de la surface enveloppe de l'ébauche peut présenter une
forme variant, sur au moins une partie de la longueur de la brosse, par exemple sur plus du 
tiers de sa longueur, de manière homothétique. Autrement dit, si l'on compare deux
sections transversales de la brosse prises en deux endroits différents de la longueur de
celle-ci, l'une des sections est un agrandissement de l'autre, c'est-à-dire que le rapport des
dimensions d'une section à l'autre est constant quelle que soit l'orientation autour de l'axe
de l'âme.</p>
    <p num="0030">L'âme de l'ébauche peut être cintrée au moins autour d'un axe s'étendant hors
du plan médian de l'ébauche. Un bord de l'ébauche qui est rendu plus rectiligne du fait de
la courbure donnée à l'âme peut se situer dans la partie distale ou proximale de la brosse,
c'est-à-dire dans la première ou la deuxième moitié de la longueur de la brosse à partir de
son extrémité libre. Le bord non rectiligne précité de l'ébauche peut se situer sensiblement
dans le premier ou le dernier tiers de la brosse, à partir de son extrémité libre. Ce bord non
rectiligne peut être concave vers l'extérieur ou en variante convexe vers l'extérieur.
Lorsque le bord non rectiligne est concave vers l'extérieur, il se situe par exemple
sensiblement dans le dernier tiers de la brosse. C'est le cas notamment lorsque l'ébauche
présente une forme générale de poisson. Lorsque le bord non rectiligne est convexe vers
l'extérieur, il se situe par exemple dans le premier tiers de la brosse. C'est le cas
notamment lorsque l'ébauche présente une forme générale d'obus ou de bouée.</p>
    <p num="0031">Dans une réalisation particulière, le bord non rectiligne de l'ébauche est défini
au moins partiellement par une partie d'extrémité distale de forme ogivale de la brosse, le
corps de la brosse présentant une forme tronconique avec une section transversale
diminuant depuis cette partie d'extrémité distale, sur au moins une partie de la longueur de
la brosse, en direction de la tige à laquelle se raccorde l'âme.</p>
    <p num="0032">Dans une autre réalisation particulière, le bord non rectiligne de l'ébauche est
défini par la zone environnant la jonction entre une partie d'extrémité distale de la brosse,
de forme tronconique, convergeant vers l'extrémité libre de la brosse et le corps de la
brosse, également de forme tronconique, convergeant vers la tige à laquelle se raccorde
l'âme.</p>
    <p num="0033">Dans une autre réalisation particulière, l'ébauche ayant la forme générale d'un
poisson, le bord non rectiligne de l'ébauche est défini par la zone environnant la jonction
entre la partie d'extrémité proximale formant la queue du poisson et le corps de la brosse.</p>
    <p num="0034">Dans une autre réalisation particulière, la brosse étant réalisée à partir d'une
ébauche ayant la forme d'un diabolo, le bord non rectiligne de l'ébauche est défini par 
l'angle rentrant à la jonction des deux troncs de cône.</p>
    <p num="0035">Dans une autre réalisation particulière, l'ébauche ayant la forme d'un ballon de
rugby comportant au moins une facette ou encoche, le bord non rectiligne est défini par
l'encoche ou se situe dans le voisinage d'une extrémité de l'encoche ou de la facette.</p>
    <p num="0036">Le bord non rectiligne de l'ébauche est avantageusement déformé, suite à la
courbure donnée à l'âme, de manière à se situer au moins partiellement et sensiblement
dans l'axe du bord adjacent du corps de la brosse, lorsque cette dernière est observée dans
une direction perpendiculaire à l'axe de la tige.</p>
    <p num="0037">L'âme peut être une âme torsadée, à pas à gauche ou à droite, notamment à pas
à gauche comme décrit dans la demande de brevet français FR-A-2 701 198.</p>
    <p num="0038">Dans une brosse à pas à gauche, les branches de l'âme sont torsadées en
tournant à gauche pour former des spires qui, vues suivant l'axe de l'âme depuis l'extrémité
fixée dans la tige, tournent dans le sens horaire quand on progresse de la tige vers
l'extrémité libre de la brosse.</p>
    <p num="0039">L'âme est avantageusement incurvée, lorsque la brosse est à pas à gauche, de
manière à diminuer l'inclinaison des nappes hélicoïdales formées par les poils par rapport à
l'axe de la tige au fur et à mesure que l'on s'éloigne de la tige, ce qui permet d'améliorer la
séparation des cils aux extrémités de la paupière, en augmentant l'angle entre les cils et
lesdites nappes.</p>
    <p num="0040">On peut également jouer sur la courbure donnée à l'âme, lorsque cette dernière
est à pas à droite, de façon à orienter les poils dans une direction souhaitée.</p>
    <p num="0041">L'âme peut être réalisée autrement que par torsion de deux branches d'un fil
métallique, les poils pouvant être implantés ou moulés sur d'autres supports.</p>
    <p num="0042">Les poils peuvent être naturels ou synthétiques, et leurs extrémités peuvent
subir tout type de traitement connu, afin par exemple de former des têtes arrondies ou des
fourches.</p>
    <p num="0043">La brosse peut comporter des poils de longueurs différentes, notamment des
poils courts contenus dans le volume délimité par la surface enveloppe définie par les
extrémités libres des poils de grande dimension.</p>
    <p num="0044">La brosse peut comporter un mélange de poils.</p>
    <p num="0045">Les poils utilisés peuvent être de toute nature, notamment être des poils creux,
à rainure capillaire, plats ou vrillés, ou encore à zone de déformation préférentielle. </p>
    <p num="0046">L'invention n'est pas limitée à une brosse dont l'âme est incurvée autour d'un
seul axe.</p>
    <p num="0047">En particulier, l'âme peut être incurvée autour de deux axes non parallèles
entre eux.</p>
    <p num="0048">Dans ce cas, l'axe de l'âme n'est pas contenu tout entier dans un seul plan de
courbure.</p>
    <p num="0049">Les axes autour desquels l'âme est incurvée peuvent s'étendre dans des
directions perpendiculaires ou non, et être sécants ou non.</p>
    <p num="0050">L'invention a encore pour objet un procédé de fabrication d'une brosse,
comprenant les étapes suivantes :
<sl><li>a) réaliser une ébauche à âme rectiligne, notamment ayant une section
transversale variant de manière non monotone d'une première extrémité de la brosse à une
deuxième extrémité, l'ébauche ayant une surface enveloppe non symétrique par rapport à
un plan médian P perpendiculaire à l'âme,</li><li>b) incurver l'âme de manière à ce que la première extrémité de la brosse ne
soit pas alignée avec l'axe de la partie rectiligne de l'âme adjacente à la deuxième
extrémité, et à ce que l'angle formé entre l'axe de la partie rectiligne de l'âme et l'axe en
tout point de la partie incurvée de l'âme soit inférieur à 90°.</li></sl></p>
    <p num="0051">Dans une mise en oeuvre particulière, le procédé comporte les étapes
suivantes :
<sl><li>a) réaliser une ébauche à âme rectiligne ayant une section transversale non
constante, et sur au moins une partie de la longueur de l'ébauche, un bord non rectiligne
lorsque l'ébauche est observée de profil dans une direction perpendiculaire à l'âme,</li><li>b) incurver l'âme de manière à diminuer la courbure dudit bord non rectiligne
de l'ébauche, lorsque la brosse est observée dans la même direction que précédemment.</li></sl></p>
    <p num="0052">L'ébauche peut être symétrique de révolution ou non et présenter par exemple
une forme générale d'obus, de bouée, de poisson, de diabolo ou de ballon de rugby.</p>
    <p num="0053">Au moins une facette ou encoche peut être réalisée sur l'ébauche avant
d'incurver l'âme, à l'étape b) ci-dessus.</p>
    <p num="0054">On peut réaliser au moins trois telles facettes ou encoches, afin de donner à la
brosse, en section transversale et sur au moins une partie de sa longueur, une forme
générale triangulaire. </p>
    <p num="0055">On peut par exemple donner le maximum de courbure à l'âme au niveau de la
partie renflée de l'ébauche lorsque cette dernière présente une forme générale d'obus ou de
bouée, afin de relever la partie d'extrémité distale de l'ébauche, avec pour effet de
redresser un bord supérieur non rectiligne de la partie renflée de l'ébauche et d'accentuer la
courbure de son bord inférieur diamétralement opposé.</p>
    <p num="0056">On peut encore par exemple donner le maximum de courbure à l'âme au
niveau de la partie la plus étroite de l'ébauche lorsque cette dernière présente une forme
générale de poisson ou de diabolo, afin de relever la partie d'extrémité proximale de
l'ébauche, avec pour effet de creuser davantage le bord supérieur concave vers le haut de
l'ébauche et aplanir son bord inférieur, diamétralement opposé, concave vers le bas.</p>
    <p num="0057">La courbure donnée à l'âme peut d'une manière générale avoir pour effet par
exemple de repousser une face de forme convexe ou concave de la brosse pour la rendre
sensiblement rectiligne, notamment sensiblement parallèle à l'axe de la tige.</p>
    <p num="0058">Lorsque la courbure donnée à l'âme a pour effet de redresser une face concave
ou convexe afin de la rendre sensiblement rectiligne, cette courbure peut s'effectuer autour
d'un axe contenu dans un plan médian pour ladite face.</p>
    <p num="0059">L'âme peut être incurvée autour de deux axes non parallèles entre eux, comme
indiqué plus haut.</p>
    <p num="0060">L'ébauche réalisée à l'étape a) peut être à pas à gauche.</p>
    <p num="0061">L'invention a encore pour objet une brosse obtenue au moyen d'un tel procédé.</p>
    <p num="0062">L'invention a encore pour objet un dispositif pour appliquer un produit sur les
fibres kératiniques, comportant
<ul list-style="bullet"><li>une tige ayant deux extrémités opposées, et</li><li>une partie formant brosse raccordée à une extrémité de la tige, cette extrémité
ayant un axe longitudinal et la partie formant brosse ayant une extrémité libre qui n'est pas
alignée avec l'axe longitudinal de l'extrémité de la tige,</li><li>la partie formant brosse ayant une âme, au moins une portion de l'âme étant
incurvée de telle sorte qu'une ligne tangente à l'âme en un point quelconque de l'âme ne
soit pas perpendiculaire audit axe longitudinal,</li><li>la partie formant brosse comportant en outre des poils se raccordant à l'âme,
les poils ayant des extrémités définissant une surface enveloppe ayant une section
transversale qui varie sur une partie au moins de sa longueur, la surface enveloppe étant 
non symétrique par rapport à un plan médian de la surface enveloppe, perpendiculaire à
l'âme.</li></ul></p>
    <p num="0063">L'invention a encore pour objet un dispositif de maquillage comportant une
brosse telle que définie plus haut.</p>
    <p num="0064">Un tel dispositif de maquillage peut notamment comporter un récipient
contenant une réserve de produit, par exemple du mascara, un applicateur muni à une
extrémité d'un organe de préhension et à l'autre extrémité de la brosse, cet applicateur
pouvant de préférence se fixer de manière étanche sur le récipient, lors du vissage de
l'organe de préhension sur le récipient par exemple, la brosse pouvant plonger dans le
produit, de préférence liquide, contenu dans le récipient, ce dernier étant en outre muni
d'un essoreur.</p>
    <p num="0065">L'invention sera mieux comprise à la lecture de la description détaillée qui va
suivre, de différents exemples de mise en oeuvre, et à l'examen du dessin annexé, sur
lequel :
<ul list-style="bullet"><li>les figures 1 à 4 représentent divers exemples d'ébauches à partir
desquelles peuvent être réalisées des brosses conformes à l'invention,</li><li>les figures 5 à 8 représentent des brosses conformes à l'invention, obtenues
respectivement à partir des ébauches représentées sur les figures 1 à 4,</li><li>la figure 9 représente l'ébauche de la figure 1 sur laquelle ont été réalisées
des facettes,</li><li>la figure 10 est une section transversale selon X-X de la figure 9,</li><li>la figure 10A est une section transversale selon X-X illustrant une variante
de réalisation à encoches,</li><li>la figure 11 représente l'ébauche de la figure 2 sur laquelle ont été réalisées
des facettes,</li><li>la figure 12 est une section transversale selon XII-XII de la figure 11,</li><li>la figure 13 représente la brosse de la figure 3 sur laquelle ont été réalisées
des facettes,</li><li>la figure 14 est une section transversale selon XIV-XIV de la figure 13,</li><li>la figure 15 représente l'ébauche de la figure 4 sur laquelle ont été réalisées
des facettes,</li><li>la figure 16 est une section transversale selon XVI-XVI de la figure 15, </li><li>la figure 17 représente l'ébauche de la figure 9 après courbure de l'âme,</li><li>la figure 18 représente l'ébauche de la figure 11 après courbure de l'âme,</li><li>la figure 19 représente l'ébauche de la figure 13 après courbure de l'âme,</li><li>la figure 20 représente l'ébauche de la figure 15 après courbure de l'âme,</li><li>la figure 21 représente la brosse de la figure 8, à l'âme de laquelle on a fait
subir une deuxième torsion,</li><li>la figure 22 représente un dispositif de conditionnement et d'application
équipé d'une brosse conforme à l'invention,</li><li>la figure 23 représente de manière schématique la brosse de la figure 6,
avec l'âme torsadée à gauche, en cours d'application de produit sur les cils,</li><li>la figure 24 représente les différents angles entre une nappe hélicoïdale, un
cil et l'axe de l'âme,</li><li>la figure 25 est une vue analogue à la figure 24, représentant partiellement
et isolément une âme torsadée à droite,</li><li>la figure 26 illustre une section transversale à crans,</li><li>la figure 27 représente de manière schématique une brosse ayant une forme
générale de diabolo, avant courbure de l'âme,</li><li>la figure 28 représente de manière schématique une brosse ayant une forme
générale de ballon de rugby, comportant une encoche, avant courbure de l'âme,</li><li>les figures 29 et 30 illustrent l'utilisation de la brosse de la figure 6 pour le
maquillage des cils,</li><li>la figure 31 illustre la réalisation d'un coude sur l'âme à proximité de la
tige,</li><li>la figure 32 représente une portion de l'âme pour illustrer l'angle formé par
la direction de l'âme avec l'axe de la tige, et</li><li>les figures 33 et 34 représentent deux exemples d'ébauches avec en trait
discontinu la courbure donnée à l'âme.</li></ul></p>
    <p num="0066">On a représenté à la figure 5 une brosse 10 conforme à un premier exemple de
mise en oeuvre de l'invention.</p>
    <p num="0067">Cette brosse 10 comporte, de manière connue en soi, une âme 11 réalisée en
torsadant deux longueurs de fil métallique.</p>
    <p num="0068">Des poils non représentés sont pris entre les spires de l'âme, de manière 
conventionnelle.</p>
    <p num="0069">On n'a représenté sur la figure 5, dans un souci de clarté, que la surface
enveloppe définie par les extrémités libres des poils de grande dimension.</p>
    <p num="0070">L'âme 11 est fixée à une extrémité à une tige 13 d'axe Y.</p>
    <p num="0071">La tige 13 est par exemple réalisée en matière plastique et l'âme 11 insérée à
force dans un logement situé à l'extrémité de celle-ci.</p>
    <p num="0072">Pour réaliser la brosse 10, on part d'une ébauche représentée à la figure 1,
présentant une surface enveloppe en forme générale d'obus.</p>
    <p num="0073">La surface enveloppe de l'ébauche de la figure 1 est symétrique de révolution
autour de l'axe X de l'âme 11, rectiligne, et non symétrique par rapport à un plan P
médian, coupant l'âme 11 à mi-longueur de l'ébauche.</p>
    <p num="0074">La partie renflée de la brosse passe par un diamètre maximum au niveau d'un
cercle 14 de plus grand diamètre.</p>
    <p num="0075">La partie d'extrémité distale 15 de la brosse présente une forme ogivale et le
corps 16 de la brosse une forme tronconique, le diamètre du corps 16 diminuant en
direction de la tige 13 jusqu'à être minimum au niveau d'un cercle 17 d'extrémité.</p>
    <p num="0076">Le bord supérieur de l'ébauche de la figure 1 comporte une première portion
rectiligne 18a s'étendant le long du corps 16 entre les cercles 14 et 17, et une deuxième
portion 18b arrondie, délimitant supérieurement la partie d'extrémité distale 15, en forme
de quart d'ellipse dans l'exemple représenté.</p>
    <p num="0077">Les régions des portions 18a et 18b qui environnent le cercle 14 constituent un
bord 18c non rectiligne.</p>
    <p num="0078">Pour réaliser la brosse 10, on fait subir à l'âme 11 une torsion autour d'un axe
perpendiculaire au plan de la figure 1, de manière à redresser la partie d'extrémité distale
15 de l'ébauche, ce qui a pour effet d'aplanir le bord 18c, lequel devient sensiblement
rectiligne et dans l'axe de la portion 18a, comme on peut le voir sur la figure 5.</p>
    <p num="0079">La brosse 10 n'est pas symétrique de révolution autour de l'axe Y de la tige 13.</p>
    <p num="0080">Les extrémités des poils de la brosse 10 situés du côté du bord 18c sont
davantage excentrées par rapport à l'axe Y de la tige 13 que celles situées diamétralement
à l'opposé.</p>
    <p num="0081">On obtient ainsi sur la brosse 10, après retrait du récipient et essorage, une
réserve plus importante de produit au niveau du bord 18d situé sensiblement dans l'axe Y 
de la tige 13 et un essorage plus vigoureux au niveau du bord 18c, ce qui facilite le
maquillage, en permettant à l'utilisatrice de déposer localement sur les cils du produit en
cas de besoin, en le prélevant sur la partie la moins essorée de la brosse, et de séparer les
cils en utilisant les poils les moins chargés en produit.</p>
    <p num="0082">La direction de l'âme, en tout point de sa longueur, fait avec l'axe Y de la tige,
un angle α qui est toujours inférieur à 90°, comme illustré sur la figure 32.</p>
    <p num="0083">L'âme peut ne pas être recouverte de poils sur toute la longueur de sa partie
s'étendant hors de la tige.</p>
    <p num="0084">Ainsi, l'âme peut comporter, comme on le voit sur la figure 1, une portion
curviligne 11a sur laquelle se raccordent les poils et qui est séparée de la tige par une
portion rectiligne 11b, dépourvue de poils et implantée au moins partiellement dans la tige.
L'âme ne présente donc pas une courbure constante. La portion curviligne 11a peut
présenter une courbure constante ou non.</p>
    <p num="0085">On a représenté à la figure 6 une brosse 20 qui est obtenue à partir de l'ébauche
de la figure 2, en forme de bouée.</p>
    <p num="0086">Cette ébauche présente une forme générale symétrique de révolution autour de
l'axe X de l'âme 11, rectiligne, et une surface enveloppe formée par la réunion de deux
troncs de cônes accolés par leur base, laquelle constitue un cercle 13 de plus grand
diamètre.</p>
    <p num="0087">Le bord supérieur de l'ébauche de la figure 2 est formé par la réunion des
génératrices 22a et 22b des troncs de cônes, et la région environnant le cercle 13 de plus
grand diamètre constitue un bord non rectiligne 22c.</p>
    <p num="0088">La surface enveloppe de l'ébauche de la figure 2 est non symétrique par
rapport à un plan médian P coupant l'âme 11 à mi-longueur de l'ébauche.</p>
    <p num="0089">Pour réaliser la brosse 20 à partir de l'ébauche de la figure 2, on donne une
courbure à l'âme 11 de manière à amener les portions 22a et 22b sensiblement dans
l'alignement l'une de l'autre, ce qui a également pour effet d'augmenter la courbure du
bord inférieur, diamétralement à l'opposé.</p>
    <p num="0090">L'âme 11 est cintrée par exemple avec un rayon de courbure constant sur la
portion 11a autour d'un axe perpendiculaire au plan de la figure 2, situé du côté du bord
supérieur de l'ébauche. L'âme 11 présente, dans sa totalité, une courbure non constante, la
portion 11b étant rectiligne. </p>
    <p num="0091">On remarquera sur la figure 6 que le bord 22c est devenu sensiblement
rectiligne.</p>
    <p num="0092">On a représenté à la figure 7 une brosse 30 réalisée à partir de l'ébauche de la
figure 3, en forme de poisson.</p>
    <p num="0093">La surface enveloppe de cette ébauche est symétrique de révolution autour de
l'axe X de l'âme 11, rectiligne, et non symétrique par rapport au plan médian P coupant
l'âme 11 à mi-longueur de l'ébauche.</p>
    <p num="0094">L'ébauche de la figure 3 comporte un corps 32 dont le diamètre est maximum
au niveau d'un cercle 31 de plus grand diamètre.</p>
    <p num="0095">La partie d'extrémité distale 33 qui s'étend en avant du cercle de plus grand
diamètre 31 présente une forme ogivale.</p>
    <p num="0096">La partie d'extrémité proximale 34 de l'ébauche se raccorde au corps 32 par
une partie rétrécie 36.</p>
    <p num="0097">Le bord inférieur 37 de l'ébauche forme au niveau de cette partie rétrécie 36 un
creux concave vers le bas.</p>
    <p num="0098">Pour réaliser la brosse 30, on donne une certaine courbure à l'âme 11 de
l'ébauche de la figure 3 de manière à aplanir le bord inférieur 37 et le rendre moins creusé,
voire rectiligne comme dans l'exemple illustré.</p>
    <p num="0099">Le bord supérieur 38 diamétralement opposé à la partie rétrécie 36 prend une
courbure plus importante en raison de la torsion de l'âme 11.</p>
    <p num="0100">La portion 32a du bord inférieur du corps 32 adjacente à la partie rétrécie 36 a
été également redressée du fait de la courbure donnée à l'âme.</p>
    <p num="0101">On a représenté à la figure 8 une brosse 40 obtenue à partir de l'ébauche
représentée à la figure 4.</p>
    <p num="0102">La surface enveloppe de cette ébauche présente une forme générale de poisson,
symétrique de révolution autour de l'axe X de l'âme 11, rectiligne.</p>
    <p num="0103">La partie d'extrémité distale 41 de l'ébauche est de forme tronconique.</p>
    <p num="0104">Le corps 42 de l'ébauche est, dans sa région adjacente au cercle 43 de plus
grand diamètre, tronconique.</p>
    <p num="0105">Le corps 42 se raccorde à la partie d'extrémité proximale 44 de l'ébauche par
une partie rétrécie 45.</p>
    <p num="0106">Le bord inférieur 46 de la partie rétrécie 45 est concave vers le bas. </p>
    <p num="0107">On passe de l'ébauche de la figure 4 à la brosse 40 en donnant une certaine
courbure à l'âme 11 de manière à aplanir le bord inférieur 46 pour le rendre sinon
rectiligne et dans le prolongement d'une génératrice 42a du corps 42, du moins
sensiblement moins creusé qu'il ne l'était initialement.</p>
    <p num="0108">La courbure donnée à l'âme 11 a pour effet de creuser davantage le bord
supérieur 47 de la partie rétrécie 45, diamétralement à l'opposé du bord inférieur 46.</p>
    <p num="0109">On peut réaliser sur chacune des ébauches des figures 1 à 4 une ou plusieurs
facettes ou encoches avant d'incurver l'âme.</p>
    <p num="0110">A titre d'exemple, on a représenté sur la figure 9 l'ébauche de la figure 1 sur
laquelle on a réalisé trois facettes 19 sensiblement planes, conférant au corps de l'ébauche,
en section transversale, une forme générale triangulaire comme représenté sur la figure 10.</p>
    <p num="0111">Les facettes 19 sont dans l'exemple de la figure 9 sensiblement planes,
parallèles à l'axe X de l'âme.</p>
    <p num="0112">En variante, elles pourraient être remplacées par des encoches 19' présentant
en section transversale une forme concave vers l'extérieur, comme illustré à la figure 10A,
ou par des encoches ayant un profil concave vers l'extérieur lorsque la brosse est observée
dans une direction perpendiculaire à l'axe de la tige, le profil de l'encoche pouvant être un
arc de cercle par exemple.</p>
    <p num="0113">On a représenté sur la figure 11 l'ébauche de la figure 2 sur laquelle on a
réalisé trois facettes 29 sensiblement planes, conférant au corps de l'ébauche une forme
générale triangulaire en section transversale.</p>
    <p num="0114">On a représenté sur la figure 13 l'ébauche de la figure 3 sur laquelle on a
réalisé trois facettes 39 sensiblement planes, conférant au corps de l'ébauche une forme
générale triangulaire en section transversale.</p>
    <p num="0115">On a représenté sur la figure 15 l'ébauche de la figure 4 sur laquelle on a
réalisé trois facettes 49 sensiblement planes.</p>
    <p num="0116">Alors que dans l'exemple de la figure 13, les facettes 39 s'étendent uniquement
sur le corps de la brosse, dans l'exemple de la figure 15, les facettes s'étendent sur toute la
longueur de l'ébauche, y compris sur sa partie d'extrémité proximale.</p>
    <p num="0117">On a représenté sur les figures 17 à 20 les brosses obtenues en faisant subir aux
ébauches des figures 9, 11, 13 et 15 respectivement, la même transformation que pour
passer des ébauches des figures 1 à 4 à celles des brosses des figures 5 à 8. </p>
    <p num="0118">Dans les exemples des figures 17 à 20, le plan de courbure de l'âme peut être
sensiblement perpendiculaire à la facette 19, 29, 39 ou 49 qui se situe diamétralement à
l'opposé du bord non rectiligne qui a été redressé. Le plan de courbure de l'âme 11 peut
aussi être un plan médian de symétrie pour une facette.</p>
    <p num="0119">Dans tous les exemples qui viennent d'être décrits, on cintre l'âme 11 autour
d'un axe uniquement.</p>
    <p num="0120">On peut, sans sortir du cadre de la présente invention, cintrer l'âme autour de
deux axes ou plus, parallèles ou non, perpendiculaires ou non, sécants ou non.</p>
    <p num="0121">A titre d'exemple, on a représenté sur la figure 21 la brosse de la figure 8 à
laquelle on a fait subir une deuxième torsion autour d'un axe de cintrage C parallèle au
plan de la figure 21, c'est-à-dire parallèle au plan de courbure de la brosse de la figure 8.</p>
    <p num="0122">Du fait de cette courbure supplémentaire, l'âme 11 ne s'étend plus dans un seul
plan de courbure, ce qui peut permettre d'améliorer l'ergonomie de la brosse.</p>
    <p num="0123">On a représenté à la figure 22 un dispositif 100 de conditionnement et
d'application qui comporte une brosse conforme à l'invention.</p>
    <p num="0124">La tige 13 est fixée à un capuchon 101 qui sert à la fois d'organe de préhension
et d'organe de fermeture étanche du récipient 102 contenant le produit à appliquer sur les
cils.</p>
    <p num="0125">Le récipient 102 comporte un col 103 fileté extérieurement, à l'intérieur duquel
est fixé un essoreur 104 qui peut être de tout type connu, étant de préférence adapté à
essuyer la tige 13 à sa sortie du récipient.</p>
    <p num="0126">On peut avoir sur la brosse au moins une surface d'application sensiblement
parallèle à la tige, par exemple.</p>
    <p num="0127">Il convient de noter qu'il est particulièrement avantageux de partir d'une brosse
à pas à gauche, comme cela va être expliqué en se référant aux figures 23 et 24.</p>
    <p num="0128">Sur la figure 23, on a représenté la brosse de la figure 6 avec une âme torsadée
à pas à gauche.</p>
    <p num="0129">On a schématisé par des pointillés le trajet des nappes N définies par les
extrémités des poils, ces nappes faisant un angle ν avec un plan perpendiculaire à l'âme.</p>
    <p num="0130">On remarquera à l'examen de la figure 23 que l'angle des nappes N par rapport
à l'axe Y de la tige 13 diminue lorsque l'on se rapproche de l'extrémité libre de la brosse,
ce qui permet de conserver un angle <i>i</i> relativement important entre les cils H à l'extrémité 
de la paupière et les nappes N, permettant de bien séparer les cils.</p>
    <p num="0131">Bien entendu, l'invention n'est pas limitée à une âme torsadée à gauche et l'on
peut utiliser une âme torsadée à droite, partiellement représentée sur la figure 25.</p>
    <p num="0132">On peut réaliser des crans sur une brosse selon l'invention, comme illustré sur
la figure 26. Sur cette figure, on voit que la brosse a été usinée de manière à former sur au
moins une partie de sa longueur des décrochements 110 à sa surface, à flancs sensiblement
radiaux.</p>
    <p num="0133">On a représenté sur la figure 27 une ébauche 120 en forme générale de diabolo,
définissant lorsque observée de côté un bord non rectiligne 121 destiné à être redressé
grâce à la courbure donnée localement à l'âme, au niveau du plus petit diamètre de la
brosse.</p>
    <p num="0134">On a représenté sur la figure 28 une ébauche 130 présentant une forme
générale de ballon de rugby, comportant une encoche 131.</p>
    <p num="0135">Cette encoche 131, concave, peut être rendue sensiblement plane par la
courbure donnée à l'âme.</p>
    <p num="0136">On a illustré sur les figures 29 et 30 l'utilisation de la brosse de la figure 6 pour
le maquillage des cils. Un côté de la brosse peut servir au maquillage des cils situés à une
extrémité de la paupière tandis que le côté opposé de la brosse peut servir lors du
maquillage des cils situés à l'extrémité opposée de la paupière.</p>
    <p num="0137">On peut courber l'âme 11 d'une brosse telle que décrite précédemment très
près de la tige 13, comme illustré à la figure 31, afin d'en modifier l'ergonomie, si
nécessaire.</p>
    <p num="0138">On a représenté sur les figures 33 et 34 deux ébauches de brosse avant
courbure de l'âme et implantation de l'âme dans la tige.</p>
    <p num="0139">On peut voir que l'âme 11 est, pour chacun de ces exemples, entièrement
rectiligne avant implantation dans la tige.</p>
    <p num="0140">On a représenté en traits discontinus la forme de l'âme après courbure.</p>
    <p num="0141">Dans l'exemple de la figure 33, l'ébauche présente surface enveloppe bitronconique
autour de l'axe X de l'âme.</p>
    <p num="0142">La longueur totale de la portion 11a qui porte les poils est par exemple de
l'ordre de 26 mm.</p>
    <p num="0143">Le plus grand diamètre de l'ébauche peut être légèrement supérieur à 7 mm 
tandis que les diamètres d'extrémité peuvent être voisins de 4 mm. La longueur totale de
l'âme 11 peut être légèrement supérieure à 35 mm.</p>
    <p num="0144">L'âme peut être incurvée tout en gardant la portion 11b rectiligne, pour donner
à la portion 11a un rayon de courbure voisin de 60 mm.</p>
    <p num="0145">L'extrémité libre de l'âme peut se trouver désaxée par rapport à l'axe de la
partie rectiligne 11b d'une distance d qui peut être de l'ordre de 4,5 mm.</p>
    <p num="0146">On a représenté sur la figure 34 un autre exemple d'ébauche qui présente, avant
courbure de l'âme, une forme générale de poisson avec une partie avant 180 sensiblement
tronconique et un corps 181 symétrique de révolution, délimité en coupe longitudinale par
deux bords circulaires opposés 182 et 183, concaves vers l'extérieur, ayant un rayon de
courbure de l'ordre de 52 mm. Le diamètre de la brosse au niveau du plan d'extrémité
arrière 185 peut être de l'ordre 7,5 mm et celui au niveau du plan d'extrémité avant 186 de
l'ordre de 5 mm.</p>
    <p num="0147">On passe de l'ébauche de la figure 34 à la brosse définitive en courbant la
portion 11a de l'âme supportant les poils, avec un rayon de courbure qui dans l'exemple
illustré est constant, de l'ordre de 53 mm, l'extrémité de la portion 11a adjacente à la
portion 11b pouvant former un léger angle, comme illustré, avec l'axe de la portion 11b.
La distance d de laquelle se trouve excentrée l'extrémité libre de l'âme peut être de l'ordre
de 2,4 mm.</p>
    <p num="0148">Sur les figures, on a pu exagérer la courbure de l'âme, afin de faciliter la
compréhension de l'invention.</p>
    <p num="0149">On ne sort pas du cadre de la présente invention lorsque la courbure est plus
faible, étant adaptée par exemple à celle de la paupière.</p>
    <p num="0150">L'âme peut encore être incurvée en S dans un même plan de courbure.</p>
    <p num="0151">On comprend que l'on peut réaliser grâce à l'invention une brosse capable de
subir un essorage inhomogène, avec une partie d'extrémité distale désaxée par rapport à
l'axe de la tige.</p>
    <p num="0152">Une brosse selon l'invention peut s'avérer particulièrement ergonomique.</p>
    <p num="0153">On peut également obtenir grâce à l'invention une brosse présentant des faces
de formes différentes permettant d'obtenir des effets multiples.</p>
  </description>
  <claims load-source="ep" status="new" lang="FR">
    <claim num="1">
      <claim-text>Dispositif pour l'application d'un produit sur les fibres kératiniques,
notamment pour l'application de mascara sur les cils, comportant une tige munie à une
extrémité d'une brosse, la portion de la tige adjacente à la brosse ayant un axe (Y), la
brosse comportant une âme (11a, 11b) ayant une portion (11a) à partir de laquelle
s'étendent les poils, dispositif caractérisé par le fait que :
<claim-text><claim-text>l'âme est courbe sur au moins une partie de sa longueur,</claim-text><claim-text>la surface enveloppe définie par les poils est non symétrique par rapport à
un plan (P) médian perpendiculaire à l'âme,</claim-text><claim-text>l'angle entre l'axe (Y) de la tige et l'axe de l'âme en tout point de celle-ci
est inférieur à 90°, et</claim-text><claim-text>la brosse présente une extrémité libre non alignée avec l'axe (Y) de la tige.</claim-text></claim-text></claim-text>
    </claim>
    <claim num="2">
      <claim-text>Dispositif selon la revendication 1, caractérisé par le fait que la section
transversale de la brosse, définie par les poils de la brosse, varie de manière non monotone
d'une extrémité de la brosse à l'autre.</claim-text>
    </claim>
    <claim num="3">
      <claim-text>Dispositif selon la revendication 1 ou 2, caractérisé par le fait que la brosse
est réalisée à partir d'une ébauche à âme rectiligne, non symétrique par rapport à un plan
médian perpendiculaire à l'âme, ayant un bord non rectiligne (18c; 22c; 37; 46)
lorsqu'elle est observée de profil dans une direction perpendiculaire à l'âme, ce bord ayant
été redressé au moins partiellement par la courbure donnée à l'âme lors de la fabrication de
la brosse.</claim-text>
    </claim>
    <claim num="4">
      <claim-text>Dispositif selon l'une des revendications précédentes, caractérisé par le fait
que la section transversale de la brosse passe par au moins un extremum entre ses deux
extrémités axiales.</claim-text>
    </claim>
    <claim num="5">
      <claim-text>Dispositif selon la revendication précédente, caractérisé par le fait que ledit
extremum est un maximum.</claim-text>
    </claim>
    <claim num="6">
      <claim-text>Dispositif selon revendication 4, caractérisé par le fait que ledit extremum
est un minimum.</claim-text>
    </claim>
    <claim num="7">
      <claim-text>Dispositif selon la revendication 4, caractérisé par le fait que sa section
transversale passe par un maximum et par un minimum entre ses deux extrémités axiales.</claim-text>
    </claim>
    <claim num="8">
      <claim-text>Dispositif selon la revendication 3 et éventuellement l'une quelconque des
revendications précédentes, caractérisé par le fait que ledit bord non rectiligne (18c ; 22c ;
37 ; 46) se situe dans le premier ou le dernier tiers de l'ébauche.</claim-text>
    </claim>
    <claim num="9">
      <claim-text>Dispositif selon la revendication 3 et éventuellement l'une quelconque des
revendications précédentes, caractérisé par le fait que ledit bord non rectiligne (37 ; 46) est
concave vers l'extérieur.</claim-text>
    </claim>
    <claim num="10">
      <claim-text>Dispositif selon la revendication précédente, caractérisé par le fait que ledit
bord non rectiligne (37 ; 46) se situe dans le dernier tiers de l'ébauche.</claim-text>
    </claim>
    <claim num="11">
      <claim-text>Dispositif selon la revendication 3 et éventuellement l'une quelconque des
revendications 3 à 6, caractérisé par le fait que ledit bord non rectiligne (18c ; 22c) est
convexe vers l'extérieur.</claim-text>
    </claim>
    <claim num="12">
      <claim-text>Dispositif selon la revendication précédente, caractérisé par le fait que ledit
bord non rectiligne (18c ; 22c) se situe dans le premier tiers de l'ébauche.</claim-text>
    </claim>
    <claim num="13">
      <claim-text>Dispositif selon la revendication 3, caractérisé par le fait que ledit bord non
rectiligne (18c) est défini au moins partiellement par une partie d'extrémité distale (15) de
forme ogivale de la brosse, le corps (16) de la brosse présentant une section transversale
diminuant depuis cette partie d'extrémité distale, sur au moins une portion de la longueur
de la brosse, en direction d'une tige (13) à laquelle se raccorde l'âme (11).</claim-text>
    </claim>
    <claim num="14">
      <claim-text>Dispositif selon la revendication 3, caractérisé par le fait que ledit bord non
rectiligne (22c) est défini par la zone environnant la jonction entre une partie d'extrémité
distale de la brosse, de forme tronconique, convergeant vers l'extrémité libre de la brosse
et le corps de la brosse, également tronconique, convergeant vers une tige (13) à laquelle se
raccorde l'âme (11).</claim-text>
    </claim>
    <claim num="15">
      <claim-text>Dispositif selon la revendication 3, l'ébauche ayant la forme d'un poisson,
caractérisé par le fait que ledit bord non rectiligne (37 ; 46) est défini par la zone
environnant la jonction (36 ; 45) entre la partie d'extrémité proximale (34 ; 44) formant la
queue du poisson et le corps (32 ; 42) de la brosse.</claim-text>
    </claim>
    <claim num="16">
      <claim-text>Dispositif selon la revendication 3, l'ébauche ayant la forme d'un diabolo,
caractérisé par le fait que ledit bord non rectiligne est défini par l'angle rentrant à la
jonction des deux troncs de cône.</claim-text>
    </claim>
    <claim num="17">
      <claim-text>Dispositif selon la revendication 3, l'ébauche ayant la forme d'un ballon de
rugby, comportant au moins une facette ou encoche, caractérisé par le fait que ledit bord
non rectiligne est défini par l'encoche ou se situe dans le voisinage d'une extrémité de
l'encoche ou de la facette.</claim-text>
    </claim>
    <claim num="18">
      <claim-text>Dispositif selon l'une des revendications 13 à 17, caractérisé par le fait que
ledit bord non rectiligne (18c ; 22c ; 37 ; 46) de l'ébauche a été déformé, suite à la
courbure donnée à l'âme, de manière à se situer au moins partiellement et sensiblement
dans l'axe du bord adjacent (18a ; 22b ; 32a ; 42a) du corps de la brosse.</claim-text>
    </claim>
    <claim num="19">
      <claim-text>Dispositif selon l'une quelconque des revendications précédentes,
caractérisé par le fait que la brosse est réalisée à partir d'une ébauche présentant une forme
symétrique de révolution.</claim-text>
    </claim>
    <claim num="20">
      <claim-text>Dispositif selon l'une quelconque des revendications précédentes,
caractérisé par le fait que la brosse est réalisée à partir d'une ébauche présentant une
symétrie axiale par rapport à l'axe (X) de l'âme.</claim-text>
    </claim>
    <claim num="21">
      <claim-text>Dispositif selon l'une quelconque des revendications précédentes,
caractérisé par le fait que la brosse est réalisée à partir d'une ébauche et par le fait que
l'âme (11) de l'ébauche a été cintrée au moins autour d'un axe s'étendant hors du plan
médian (P) de l'ébauche.</claim-text>
    </claim>
    <claim num="22">
      <claim-text>Dispositif selon l'une quelconque des revendications précédentes,
caractérisé par le fait que la brosse est à âme torsadée, à pas à gauche notamment.</claim-text>
    </claim>
    <claim num="23">
      <claim-text>Dispositif selon la revendication 22, caractérisé par le fait que l'âme est à
pas à gauche et par le fait que l'âme est incurvée de manière à diminuer l'inclinaison des
nappes hélicoïdales (N) formées par les extrémités des poils par rapport à l'axe de la tige
au fur et à mesure que l'on s'éloigne de la tige.</claim-text>
    </claim>
    <claim num="24">
      <claim-text>Dispositif selon l'une quelconque des revendications précédentes,
caractérisé par le fait que la brosse comporte des poils de longueurs différentes, notamment
des poils plus courts contenus dans le volume délimité par la surface enveloppe définie par
les poils de plus grande dimension.</claim-text>
    </claim>
    <claim num="25">
      <claim-text>Dispositif selon l'une quelconque des revendications précédentes,
caractérisé par le fait que la brosse est réalisée à partir d'une ébauche comportant au moins
une facette (19 ; 29 ; 39 ; 49) sensiblement plane, et notamment trois facettes sensiblement
planes conférant à l'ébauche, sur au moins une partie de sa longueur, une section
transversale de forme générale triangulaire.</claim-text>
    </claim>
    <claim num="26">
      <claim-text>Dispositif selon l'une quelconque des revendications précédentes,
caractérisé par le fait que l'âme (11) est incurvée au moins autour de deux axes non
parallèles entre eux.</claim-text>
    </claim>
    <claim num="27">
      <claim-text>Dispositif selon l'une quelconque des revendications précédentes,
caractérisé par le fait que la brosse présente en section transversale, sur au moins une partie
de sa longueur, des crans.</claim-text>
    </claim>
    <claim num="28">
      <claim-text>Dispositif selon l'une quelconque des revendications 1 à 26, caractérisé par
le fait que la courbure de l'âme (11a, 11b) est non constante.</claim-text>
    </claim>
    <claim num="29">
      <claim-text>Dispositif selon la revendication 28, caractérisé par le fait que l'âme
comporte une partie curviligne (11a) et une partie rectiligne (11b) implantée dans la tige.</claim-text>
    </claim>
    <claim num="30">
      <claim-text>Dispositif selon l'une quelconque des revendications précédentes,
caractérisé par le fait qu'il comporte un récipient (102) contenant une réserve de produit,
un essoreur (104) et un applicateur muni à une extrémité d'une organe de préhension (101)
et à l'autre extrémité de la brosse.</claim-text>
    </claim>
    <claim num="31">
      <claim-text>Procédé de fabrication d'une brosse pour l'application d'un produit sur les
fibres kératiniques, comprenant les étapes suivantes :
<claim-text><claim-text>a) réaliser une ébauche à âme rectiligne, notamment ayant une section
transversale variant de manière non monotone d'une première extrémité de la brosse à une
deuxième extrémité, l'ébauche ayant une surface enveloppe non symétrique par rapport à
un plan médian (P) de la surface enveloppe perpendiculaire à l'âme,</claim-text><claim-text>b) incurver l'âme de manière à ce que la première extrémité de la brosse ne
soit pas alignée avec l'axe de la partie rectiligne (11b) de l'âme adjacente à la deuxième
extrémité, et à ce que l'angle formé entre l'axe de la partie rectiligne de l'âme et l'axe en
tout point de la partie incurvée de l'âme soit inférieur à 90°.</claim-text></claim-text></claim-text>
    </claim>
    <claim num="32">
      <claim-text>Procédé selon la revendication 31, caractérisé par le fait qu'il comporte les
étapes suivantes :
<claim-text><claim-text>a) réaliser une ébauche à âme rectiligne, notamment ayant une section
transversale non constante, et sur au moins une partie de la longueur de l'ébauche, un bord
non rectiligne (18c ; 22c ; 37; 46) lorsque l'ébauche est observée de profil dans une
direction perpendiculaire à l'âme,</claim-text><claim-text>b) incurver l'âme (11) de manière à diminuer la courbure dudit bord non
rectiligne de l'ébauche.</claim-text></claim-text></claim-text>
    </claim>
    <claim num="33">
      <claim-text>Procédé selon la revendication 31 ou 32, caractérisé par le fait que
l'ébauche est symétrique de révolution.</claim-text>
    </claim>
    <claim num="34">
      <claim-text>Procédé selon la revendication 31 ou 32, caractérisé par le fait que
l'ébauche présente une forme générale d'obus (fig. 1).</claim-text>
    </claim>
    <claim num="35">
      <claim-text>Procédé selon la revendication 31 ou 32, caractérisé par le fait que
l'ébauche présente une forme générale de bouée (fig. 2).</claim-text>
    </claim>
    <claim num="36">
      <claim-text>Procédé selon la revendication 31 ou 32, caractérisé par le fait que
l'ébauche présente une forme générale de poisson (fig. 3 ; fig. 4).</claim-text>
    </claim>
    <claim num="37">
      <claim-text>Procédé selon la revendication 31 ou 32, caractérisé par le fait que
l'ébauche présente une forme générale de diabolo.</claim-text>
    </claim>
    <claim num="38">
      <claim-text>Procédé selon la revendication 31 ou 32, caractérisé par le fait que
l'ébauche présente une forme générale de ballon de rugby, avec au moins une facette ou
encoche.</claim-text>
    </claim>
    <claim num="39">
      <claim-text>Procédé selon l'une quelconque des revendications 31 à 38, caractérisé par
le fait qu'au moins une facette (19 ; 29 ; 39 ; 49) ou encoche (19') est réalisée sur
l'ébauche avant d'incurver l'âme (11) à l'étape b), et notamment trois telles facettes ou
encoches.</claim-text>
    </claim>
    <claim num="40">
      <claim-text>Procédé selon l'une quelconque des revendications 31 à 39, caractérisé par
le fait que l'âme est incurvée autour de deux axes non parallèles entre eux.</claim-text>
    </claim>
    <claim num="41">
      <claim-text>Procédé selon l'une des revendications 31 à 40, caractérisé par le fait que
l'âme est à pas à gauche.</claim-text>
    </claim>
  </claims>
  <copyright>User acknowledges that the Information Retrieval Facility (IRF) and its third party providers retain all right, title and interest in and to this xml under applicable copyright laws. User acquires no ownership rights to this xml including but not limited to its format. User hereby accepts the terms and conditions of the Licence Agreement set forth at http://www.ir-facility.org/legal/marec/data_licence</copyright>
</patent-document>
