<?xml version="1.0" encoding="utf-8"?>
<!DOCTYPE patent-document PUBLIC "-//MXW//DTD patent-document XML//EN" "http://www.ir-facility.org/dtds/patents/v1.4/patent-document.dtd">
<patent-document ucid="EP-1225299-A1" country="EP" doc-number="1225299" kind="A1" lang="FR" family-id="8859073" status="new" date-produced="20090516" date="20020724">
  <bibliographic-data>
    <publication-reference ucid="EP-1225299-A1" status="new" fvid="23524365">
      <document-id status="new" format="original">
        <country>EP</country>
        <doc-number>1225299</doc-number>
        <kind>A1</kind>
        <date>20020724</date>
      </document-id>
    </publication-reference>
    <application-reference ucid="EP-02290126-A" status="new" is-representative="NO">
      <document-id status="new" format="epo">
        <country>EP</country>
        <doc-number>02290126</doc-number>
        <kind>A</kind>
        <date>20020118</date>
      </document-id>
    </application-reference>
    <priority-claims status="new">
      <priority-claim ucid="FR-0100799-A" status="new">
        <document-id status="new" format="epo">
          <country>FR</country>
          <doc-number>0100799</doc-number>
          <kind>A</kind>
          <date>20010122</date>
        </document-id>
      </priority-claim>
    </priority-claims>
    <technical-data status="new">
      <classifications-ipcr>
        <classification-ipcr status="new">E21B   7/04        20060101C I20051008RMEP        </classification-ipcr>
        <classification-ipcr status="new">E21B   7/06        20060101A I20051008RMEP        </classification-ipcr>
        <classification-ipcr status="new">E21B   7/08        20060101A I20060521RMFR        </classification-ipcr>
        <classification-ipcr status="new">E21B   7/18        20060101A I20051008RMEP        </classification-ipcr>
        <classification-ipcr status="new">E21B   7/18        20060101C I20051008RMEP        </classification-ipcr>
      </classifications-ipcr>
      <classification-ecla status="new">
        <classification-symbol scheme="EC">E21B   7/06F</classification-symbol>
        <classification-symbol scheme="EC">E21B   7/18</classification-symbol>
      </classification-ecla>
      <invention-title load-source="ep" status="new" lang="DE">Bohrwerkzeug mit Hochdruckflüssigkeitsstrahlvorrichtung</invention-title>
      <invention-title load-source="ep" status="new" lang="EN">High pressure fluid jet drilling tool</invention-title>
      <invention-title load-source="ep" status="new" lang="FR">Outil de forage à jet de liquide sous pression</invention-title>
    </technical-data>
    <parties>
      <applicants>
        <applicant status="new" format="epo">
          <addressbook>
            <name>CIE DU SOL</name>
            <address>
              <country>FR</country>
            </address>
          </addressbook>
        </applicant>
        <applicant status="new" format="intermediate">
          <addressbook>
            <name>COMPAGNIE DU SOL</name>
          </addressbook>
        </applicant>
        <applicant status="new" format="original">
          <addressbook>
            <last-name>COMPAGNIE DU SOL</last-name>
            <address>
              <street>6 Rue de Watford</street>
              <city>92000 Nanterre</city>
              <country>FR</country>
            </address>
          </addressbook>
        </applicant>
      </applicants>
      <inventors>
        <inventor status="new" format="epo">
          <addressbook>
            <name>GESSAY JEAN-CLAUDE</name>
            <address>
              <country>FR</country>
            </address>
          </addressbook>
        </inventor>
        <inventor status="new" format="intermediate">
          <addressbook>
            <name>GESSAY, JEAN-CLAUDE</name>
          </addressbook>
        </inventor>
        <inventor status="new" format="original">
          <addressbook>
            <last-name>Gessay, Jean-Claude, c/o Compagnie du Sol</last-name>
            <address>
              <street>6, Rue de Watford</street>
              <city>92000 Nanterre</city>
              <country>FR</country>
            </address>
          </addressbook>
        </inventor>
      </inventors>
      <agents>
        <agent status="new" format="original">
          <addressbook>
            <last-name>Dronne, Guy</last-name>
            <address>
              <street>Cabinet Beau de Loménie, 158, rue de l'Université</street>
              <city>75340 Paris Cedex 07</city>
              <country>FR</country>
            </address>
          </addressbook>
        </agent>
      </agents>
    </parties>
    <international-convention-data>
      <designated-states>
        <ep-contracting-states>
          <country>AT</country>
          <country>BE</country>
          <country>CH</country>
          <country>CY</country>
          <country>DE</country>
          <country>DK</country>
          <country>ES</country>
          <country>FI</country>
          <country>FR</country>
          <country>GB</country>
          <country>GR</country>
          <country>IE</country>
          <country>IT</country>
          <country>LI</country>
          <country>LU</country>
          <country>MC</country>
          <country>NL</country>
          <country>PT</country>
          <country>SE</country>
          <country>TR</country>
        </ep-contracting-states>
      </designated-states>
    </international-convention-data>
  </bibliographic-data>
  <abstract load-source="docdb" source="EPO" status="new" lang="EN">
    <p>The tool comprises a body (40) with a lower end (42) provided with several mechanical cutting parts (44) and with nozzles (46) for creating a pressurized fluid jet for breaking up the ground. It has an upper end (48) provided with connections (50) to a drilling string and a pressurized fluid supply. A valve (56) gives the pressurized fluid jet a temporary non-symmetrical distribution relative to the tool longitudinal axis.</p>
  </abstract>
  <abstract load-source="ep" status="new" lang="FR">
    <p>L'invention concerne un outil de forage directionnel permettant
la réalisation d'un forage dirigé.</p>
    <p>L'outil comprenant un corps (40) ayant un axe longitudinal, une
extrémité inférieure (42) munie d'une pluralité d'organes mécaniques de
coupe (44) et de moyens (46) pour créer un jet de fluide sous pression
pour désagréger le sol et une extrémité supérieure (48) munie de
moyens (50) de raccordement à un train de tiges et à des moyens (52)
d'alimentation en fluide sous pression des moyens de création de jet.
L'outil de forage se caractérise en ce qu'il comprend des moyens (56)
pour donner au moins temporairement audit jet de fluide sous pression
une distribution moyenne non symétrique par rapport audit axe
longitudinal du corps dudit outil.
<img id="img-00000001" orientation="unknown" wi="106" img-format="tif" img-content="ad" file="00000001.tif" inline="no" he="76"/></p>
  </abstract>
  <description load-source="ep" status="new" lang="FR">
    <p num="0001">La présente invention a pour objet un ensemble de forage à jet
de liquide sous pression qui permet la réalisation de forage dévié.</p>
    <p num="0002">La technique dite de "jet grouting" consiste à réaliser des
colonnes de béton de sol en utilisant un fluide envoyé à haute pression
pour déstructurer le terrain. Cette opération de déstructuration est réalisée
à partir d'un forage mécanique matérialisant l'axe de la colonne qui sera
ainsi obtenue. La position et notamment la verticalité de ces colonnes
sont très importantes pour la qualité de l'ouvrage final en particulier
lorsque celui-ci doit avoir une fonction d'étanchéité. Par exemple, pour
obtenir une bonne continuité d'un voile résultant de la juxtaposition de
colonnes ou celle d'un massif, il faut positionner de façon très précise les
axes de toutes les colonnes constituant cet ouvrage. Pour corriger des
erreurs de positionnement et notamment de verticalité, on utilise des
techniques de forage dirigé afin de corriger les déviations de l'axe du
forage en cours de réalisation.</p>
    <p num="0003">La technique de forage dirigé s'appuie sur deux
systèmes : d'une part la détection de la position du forage et d'autre part
la possibilité de faire dévier ce forage dans la direction souhaitée afin de
corriger l'erreur de verticalité ou, plus généralement, l'erreur de direction.</p>
    <p num="0004">Les techniques couramment utilisées dans les terrains durs,
c'est-à-dire essentiellement dans le domaine des forages pétroliers, sont
basées sur trois principes :
<ul list-style="bullet"><li>l'insertion d'un coude dans la ligne d'outil ;</li><li>l'utilisation de déflecteurs commandés qui créent un effort
latéral sur l'outil ; et</li><li>le changement de l'incidence de l'outil, par exemple en faisant
fléchir son axe.</li></ul></p>
    <p num="0005">Ces trois techniques sont associées à la rotation continue de
l'outil de forage entraíné soit par un moteur de fond, soit directement par
la tête de forage via le train de tiges. L'outil de forage est uniquement
équipé d'organes mécaniques de coupe. La mise en circulation d'un
liquide ou boue de forage a uniquement pour but de lubrifier les organes
mécaniques de coupe et de permettre la remontée des débris de sol
arrachés.</p>
    <p num="0006">Dans les terrains de couverture, d'autres techniques de forage
dévié sont utilisées. Elles sont basées sur le fonçage d'une palette 
inclinée dont est équipé l'outil, ce fonçage étant quelquefois assisté par un
jet de fluide de forage. Pour effectuer la déviation, la rotation du train de
tiges à l'extrémité duquel est monté l'outil doit être arrêtée et après
orientation, l'outil est foncé dans le terrain sur quelques centimètres avant
de reprendre sa rotation. Cette opération est répétée plusieurs fois jusqu'à
ce que l'on obtienne une déviation significative capable de corriger l'erreur
de direction. Pour forer de façon normale, l'outil est mis en rotation
continue.</p>
    <p num="0007">Dans le cas des forages utilisés pour la construction de
colonnes par "jet grouting", ceux-ci sont obligatoirement situés dans des
terrains qui peuvent être détruits par un jet sous haute pression,
c'est-à-dire des terrains relativement meubles.</p>
    <p num="0008">Une technique de forage utilisée dans les terrains
alluvionnaires peu cohérents consiste à déstructurer le sol par un jet de
fluide sous pression dirigé vers l'avant de l'outil. Cette technique s'appelle
le lançage. Elle est très utilisée dans les terrains sableux peu compacts.
L'inconvénient de ce principe de forage est qu'il ne fonctionne pas dès
qu'il rencontre un obstacle un peu plus dur.</p>
    <p num="0009">Un objet de l'invention est de fournir un ensemble de forage
dans le sol par injection de fluide sous pression qui permet, dans
certaines phases de forage, de réaliser un forage dirigé afin de corriger
une erreur de direction du forage.</p>
    <p num="0010">Pour atteindre ce but, l'ensemble de forage dans le sol par
injection de fluide sous pression comprend :
<ul list-style="bullet"><li>une pluralité de tiges de forage raccordées entre elles et
comportant des moyens formant conduite pour un fluide sous pression,
lesdites tiges formant un train de tiges ;</li><li>une tête de forage pour commander la mise en rotation dans
un sens et dans l'autre et la translation verticale dudit train de tiges ;</li><li>un outil de forage fixé à l'extrémité inférieure dudit train de
tiges, ledit outil ayant un corps présentant un axe longitudinal prolongeant
l'axe du train de tiges, une extrémité inférieure munie de n organes de
coupe (n &gt; 1) et des moyens pour créer un jet de fluide sous pression
pour désagréger le sol, des moyens de raccordement des moyens
formant conduite aux moyens de création de jet et des moyens pour 
donner audit jet une distribution moyenne non symétrique par apport audit
axe longitudinal dudit outil ; et</li><li>des moyens pour alimenter lesdits moyens formant conduite
sous une pression suffisante pour que le jet produit réalise effectivement
une désagrégation du sol.</li></ul></p>
    <p num="0011">Dans le présent texte, par moyens pour créer un jet de fluide
sous pression, il faut entendre des moyens qui permettent de créer à
l'extrémité inférieure de l'outil de forage une sortie de fluide sous pression,
pouvant consister effectivement en un seul jet ou en une pluralité de jets.</p>
    <p num="0012">En outre, l'outil de forage pouvant être animé d'un mouvement
de rotation continu ou alterné autour de son axe longitudinal, par
distribution moyenne non symétrique par rapport à l'axe longitudinal, on
entend non seulement la distribution du jet à l'état statique (en l'absence
de rotation) mais également dynamique, c'est-à-dire l'ensemble des
positions du ou des jets lors d'une période de rotation de l'outil autour de
son axe.</p>
    <p num="0013">Selon un premier mode de mise en oeuvre, l'outil se caractérise
en ce que les moyens pour créer un jet de fluide sous pression
comprennent q buses d'injection réparties symétriquement par rapport à
l'axe longitudinal dudit outil et en ce qu'il comprend des moyens pour
commander temporairement l'interruption de l'alimentation de certaines
desdites buses de telle manière que lesdites r buses alimentées
présentent une distribution non symétrique par rapport à l'axe longitudinal
dudit outil.</p>
    <p num="0014">On comprend que, dans ce premier mode de mise en oeuvre,
en dehors des phases de déviation, le jet de fluide sous pression présente
une distribution symétrique par rapport à l'axe de l'outil et le jet est modifié
temporairement dans les phases de déviation pour introduire une
dissymétrie dans la direction souhaitée.</p>
    <p num="0015">Selon un deuxième mode de mise en oeuvre, l'outil de forage
directionnel se caractérise en ce que lesdits moyens de création du jet de
fluide sous pression comprennent q buses d'injection sous pression,
lesdites q buses étant réparties non symétriquement par rapport à l'axe
longitudinal dudit outil, et il comprend des moyens pour alimenter
simultanément lesdites buses. </p>
    <p num="0016">Dans ce deuxième mode de mise en oeuvre, le jet de fluide
sous pression est dissymétrique par rapport à l'axe du corps de l'outil en
permanence et, dans les phases de déviation, on obtient donc la
déviation. En revanche, en dehors des phases de déviation, l'outil est
commandé en rotation continue pour rendre la distribution moyenne du jet
de fluide sous pression symétrique sur une période de rotation de l'outil.</p>
    <p num="0017">D'autres caractéristiques et avantages de l'invention
apparaítront mieux à la lecture de la description qui suit de plusieurs
modes de réalisation de l'invention donnés à titre d'exemples non
limitatifs. La description se réfère aux figures annexées sur lesquelles :
<sl><li>la figure 1 est une vue en élévation d'un ensemble de forage
par jet sous pression ;</li><li>la figure 2A est une vue en coupe longitudinale d'un outil de
forage selon un premier mode de réalisation de l'invention ;</li><li>la figure 2B est une vue de face de l'outil de la figure 2A ;</li><li>la figure 3A est une vue de face d'un outil de forage selon un
deuxième mode de réalisation ; et</li><li>la figure 3B est une vue de côté de l'outil de la figure 3A
montrant l'effet de déviation.</li></sl></p>
    <p num="0018">Sur la figure 1, on a représenté un ensemble de forage
comportant une plate-forme 10 montée de préférence sur des chenilles 14
ou tout autre système de déplacement. Sur la plate-forme 10 est articulé
un mât de guidage 16 servant à guider en translation un chariot 18. Le
chariot 18 supporte une tête de forage 20 pour la mise en rotation et le
déplacement en translation d'un train de tiges de forage 22 à l'extrémité
inférieure 22a duquel est monté l'outil de forage 24. L'outil de forage 24
est du type capable de créer des jets de fluide sous pression.</p>
    <p num="0019">L'alimentation sous pression est réalisée par une source de
fluide sous pression 26, de préférence un liquide, qui alimente une
conduite non représentée disposée à l'intérieur des tiges de forage 2,
cette conduite pouvant être constituée par les tiges elles-mêmes et
raccordée à celle-ci par un tube flexible 28 et un joint tournant 30. Le
contrôle des déplacements verticaux de la tête de forage 20 est assuré
par exemple par un système de câble 32 ou de chaíne, entraíné par un
moteur non représenté, alors que la mise en rotation du train de tiges est
réalisée par exemple par un moteur 34. </p>
    <p num="0020">En se référant tout d'abord aux figures 2A et 2B, on va décrire
un premier mode de réalisation de l'outil de forage qui porte la référence
24a. Cet outil comprend un corps 40 qui présente une extrémité
inférieure 42 sur laquelle sont montés des organes de coupe tels que 44
de type classique. Dans la face inférieure 42 sont également prévues des
buses telles que 46 capables de créer un jet de liquide sous pression
dirigé sensiblement selon l'axe longitudinal X-X' du corps 40 de l'outil. Le
corps 40 de l'outil comporte une deuxième extrémité 48 munie d'un
filetage 50 de raccordement au train de tiges 22. On a représenté
également dans le train de tiges 22 une conduite d'alimentation en liquide
sous pression 52. Cette conduite 52 est raccordée à des passages tels
que 54 aménagés dans le corps de l'outil pour alimenter les buses 46.
Comme le montre la figure 2A, la buse 46a est équipée d'un interrupteur
commandable 56. Sur la figure 2B, on a représenté quatre outils
mécaniques de coupe tels que 44 et quatre buses d'injection 46a, 46b,
46c et 46d. Ces buses sont disposées à 90° les unes par rapport aux
autres. Plus généralement, ces buses dont le nombre peut être différent
de 4 sont disposées globalement symétriquement par rapport à l'axe X-X'
de l'outil.</p>
    <p num="0021">On comprend que, lorsque les buses sont alimentées en liquide
sous pression, les buses 46b,46c et 46d créent en permanence un jet
localisé de liquide alors que la buse 46a crée un tel jet ou ne crée aucun
jet selon l'état de l'interrupteur 56. L'interrupteur 56 peut par exemple être
commandé par un système bistable dont l'état dépend de l'application
d'une surpression temporaire.</p>
    <p num="0022">On comprend que, lorsque l'outil 24a n'est pas entraíné en
rotation et que la buse 46a est obturée, le jet global de liquide sous
pression créé par les buses 46b, 46c et 46d est dissymétrique et va
permettre la déviation de la trajectoire de l'outil dans le sol. Au contraire, si
la buse 46a est alimentée, le jet global est symétrique et aucune déviation
n'intervient.</p>
    <p num="0023">Il est possible lors de la phase de déviation de combiner l'effet
des jets sous pression et l'action mécanique des organes de coupe 44
pour obtenir le forage. Pour maintenir l'effet de déviation, il suffit de
provoquer la rotation alternée de l'outil d'un angle égal à 90° par exemple,
ce qui n'altère pas la dissymétrie du jet, mais permet l'action des différents 
outils de coupe sur 360 degrés. Plus généralement, si l'outil comporte n
organes de coupe 40, la rotation alternée sera d'un angle au moins égal à
360/n degrés et inférieur à 360 degrés pour maintenir la dissymétrie
moyenne des jets produits par les buses. Le moteur 34 de la tête de
forage devra être commandé en conséquence.</p>
    <p num="0024">Dans le mode de réalisation représenté sur les figures 3A et
3B, l'outil de forage qui porte la référence 24b comprend trois organes de
coupe 60 et trois buses d'injection de liquide sous pression 62a, 62b et
62c. Les buses d'injection 62a et 62c sont obturées en permanence alors
que la buse 62b est ouverte en permanence. Il serait également possible
de prévoir un outil ne comportant qu'une seule buse. On comprend
qu'ainsi lorsque l'outil de forage est alimenté en fluide sous pression, le jet
global résultant est, à l'état statique, c'est-à-dire en l'absence de rotation
de l'outil, dissymétrique par rapport à l'axe X-X' de l'outil de forage. On
peut ainsi provoquer la déviation de l'outil comme le montre la figure 3B.
Pour permettre l'action des différents organes de coupe 60, on peut
donner à l'outil un mouvement de rotation alterné F d'un angle égal à
120°. En effet, cette rotation permet l'action des organes de coupe sur
360° mais n'altère pas la dissymétrie moyenne du jet de liquide sous
pression globale produit par la buse 62b. Plus généralement, si l'outil
comporte n organes de coupe 40, la rotation alternée devra correspondre
à un angle au moins égal à 360/n degrés pour assurer une coupe sur 360
degrés. L'angle de rotation alterné doit respecter la condition de
distribution moyenne dissymétrique du jet (ou des jets) de liquide sous
pression. Cet angle est donc nécessairement inférieur à 360 degrés.</p>
    <p num="0025">En revanche, en dehors des phases de déviation de l'outil, on
peut imprimer à celui-ci un mouvement de rotation continu commandé par
la tête de forage 20. En effet, en moyenne, le jet unique produit par la
buse 62b occupe toutes les positions angulaires par rapport à l'axe X-X'
sur une rotation complète. On peut également provoquer des rotations
alternées de l'outil de plus ou moins 360 degrés.</p>
    <p num="0026">Bien entendu le nombre de buses actives d'injection du liquide
de forage pourrait être différent de un.</p>
    <p num="0027">Il suffit que le nombre de buses actives et leur disposition
angulaire par rapport à l'axe longitudinal de l'outil fasse que les jets soient
dissymétriques par rapport à cet axe.</p>
  </description>
  <claims load-source="ep" status="new" lang="FR">
    <claim num="1">
      <claim-text>Ensemble de forage dans le sol par injection de fluide sous
pression comprenant :
<claim-text><claim-text>une pluralité de tiges de forage (22) raccordées entre elles et
comportant des moyens formant conduite pour un fluide sous
pression (28, 30), lesdites tiges formant un train de tiges ;</claim-text><claim-text>une tête de forage (20) pour commander la mise en rotation et
la translation verticale dudit train de tiges ;</claim-text><claim-text>un outil de forage (24) fixé à l'extrémité inférieure dudit train
de tiges, ledit outil ayant un corps (40) présentant un axe longitudinal
prolongeant l'axe du train de tiges, une extrémité inférieure (42) munie de
n organes de coupe (n &gt; 1) et des moyens pour créer un jet de fluide sous
pression pour désagréger le sol, des moyens de raccordement des
moyens formant conduite aux moyens de création de jet et des moyens
pour donner audit jet une distribution moyenne non symétrique par apport
audit axe longitudinal dudit outil ; et</claim-text><claim-text>des moyens pour alimenter lesdits moyens formant conduite
sous une pression suffisante pour que le jet produit réalise effectivement
une désagrégation du sol.</claim-text></claim-text></claim-text>
    </claim>
    <claim num="2">
      <claim-text>Ensemble de forage selon la revendication 1, caractérisé en
ce que les moyens pour créer un jet de fluide sous pression comprennent
q buses d'injection (46) réparties globalement symétriquement par rapport
à l'axe longitudinal dudit outil et en ce qu'il comprend des moyens (56)
pour commander temporairement l'interruption de l'alimentation de
certaines desdites buses de telle manière que lesdites r buses alimentées
produiront une distribution non symétrique par rapport à l'axe longitudinal
dudit outil.</claim-text>
    </claim>
    <claim num="3">
      <claim-text>Ensemble de forage selon la revendication 1, caractérisé en
ce que lesdits moyens de création du jet de fluide sous pression
comprennent q buses d'injection (62) sous pression, lesdites q buses
étant réparties globalement non symétriquement par rapport à l'axe
longitudinal dudit outil, et en ce qu'il comprend des moyens pour alimenter
simultanément lesdites buses.</claim-text>
    </claim>
    <claim num="4">
      <claim-text>Ensemble de forage dans le sol par injection de fluide sous
pression selon la revendication 2, caractérisé en ce que ledit outil de
forage (24a) comporte n organes de coupe (44) et en ce que, durant les
phases de déviation, seulement r desdites buses (r ≤ n) sont alimentées
en fluide sous pression et la tête de forage (20) est commandée pour
provoquer une rotation alternée dans un sens et dans l'autre du train de
tiges d'un angle au moins égal à 360/n degrés et inférieur à 360 degrés.</claim-text>
    </claim>
    <claim num="5">
      <claim-text>Ensemble de forage dans le sol par injection de fluide sous
pression selon la revendication 3, caractérisé en ce que ledit outil de
forage comprend n organes de coupe (60) avec n ≥ q et en ce que la tête
de forage est commandée pour provoquer la rotation continue dans un
même sens, ou des rotations alternées de plus ou moins 360 degrés du
train de tiges pendant les phases de forage sans déviation et en ce que
ladite tête de forage est commandée pour provoquer une rotation alternée
dans un sens et dans l'autre du train de tiges d'un angle au moins égal à
360/n degrés et inférieur à 360 degrés pendant les phases de déviation.</claim-text>
    </claim>
  </claims>
  <copyright>User acknowledges that the Information Retrieval Facility (IRF) and its third party providers retain all right, title and interest in and to this xml under applicable copyright laws. User acquires no ownership rights to this xml including but not limited to its format. User hereby accepts the terms and conditions of the Licence Agreement set forth at http://www.ir-facility.org/legal/marec/data_licence</copyright>
</patent-document>
