<?xml version="1.0" encoding="utf-8"?>
<!DOCTYPE patent-document PUBLIC "-//MXW//DTD patent-document XML//EN" "http://www.ir-facility.org/dtds/patents/v1.4/patent-document.dtd">
<patent-document ucid="EP-1254614-A1" country="EP" doc-number="1254614" kind="A1" lang="DE" family-id="7956384" status="new" date-produced="20090516" date="20021106">
  <bibliographic-data>
    <publication-reference ucid="EP-1254614-A1" status="new" fvid="23585159">
      <document-id status="new" format="original">
        <country>EP</country>
        <doc-number>1254614</doc-number>
        <kind>A1</kind>
        <date>20021106</date>
      </document-id>
    </publication-reference>
    <application-reference ucid="EP-02009430-A" status="new" is-representative="NO">
      <document-id status="new" format="epo">
        <country>EP</country>
        <doc-number>02009430</doc-number>
        <kind>A</kind>
        <date>20020425</date>
      </document-id>
    </application-reference>
    <priority-claims status="new">
      <priority-claim ucid="DE-20107428-U" status="new">
        <document-id status="new" format="epo">
          <country>DE</country>
          <doc-number>20107428</doc-number>
          <kind>U</kind>
          <date>20010430</date>
        </document-id>
      </priority-claim>
    </priority-claims>
    <technical-data status="new">
      <classifications-ipcr>
        <classification-ipcr status="new">A47B  21/00        20060101A I20051008RMEP        </classification-ipcr>
        <classification-ipcr status="new">A47B  21/00        20060101C I20051008RMEP        </classification-ipcr>
      </classifications-ipcr>
      <classification-ecla status="new">
        <classification-symbol scheme="EC">A47B  21/00</classification-symbol>
      </classification-ecla>
      <invention-title load-source="ep" status="new" lang="DE">Arbeitstisch</invention-title>
      <invention-title load-source="ep" status="new" lang="EN">Work table</invention-title>
      <invention-title load-source="ep" status="new" lang="FR">Table de travail</invention-title>
    </technical-data>
    <parties>
      <applicants>
        <applicant status="new" format="epo">
          <addressbook>
            <name>KELLER AG</name>
            <address>
              <country>CH</country>
            </address>
          </addressbook>
        </applicant>
        <applicant status="new" format="intermediate">
          <addressbook>
            <name>KELLER AG</name>
          </addressbook>
        </applicant>
        <applicant status="new" format="original">
          <addressbook>
            <last-name>Keller AG</last-name>
            <address>
              <street>17, Romanshornstrasse</street>
              <city>8583 Sulgen</city>
              <country>CH</country>
            </address>
          </addressbook>
        </applicant>
      </applicants>
      <inventors>
        <inventor status="new" format="epo">
          <addressbook>
            <name>KELLER ERICH</name>
            <address>
              <country>CH</country>
            </address>
          </addressbook>
        </inventor>
        <inventor status="new" format="intermediate">
          <addressbook>
            <name>KELLER, ERICH</name>
          </addressbook>
        </inventor>
        <inventor status="new" format="original">
          <addressbook>
            <last-name>KELLER, ERICH</last-name>
            <address>
              <street>Thurberg 16</street>
              <city>CH-9598 Bussnang</city>
              <country>CH</country>
            </address>
          </addressbook>
        </inventor>
      </inventors>
      <agents>
        <agent status="new" format="original">
          <addressbook>
            <last-name>Weiss, Peter, Dr.</last-name>
            <address>
              <street>Zeppelinstrasse 4</street>
              <city>78234 Engen</city>
              <country>DE</country>
            </address>
          </addressbook>
        </agent>
      </agents>
    </parties>
    <international-convention-data>
      <designated-states>
        <ep-contracting-states>
          <country>CH</country>
          <country>DE</country>
          <country>GB</country>
          <country>LI</country>
        </ep-contracting-states>
      </designated-states>
    </international-convention-data>
  </bibliographic-data>
  <abstract load-source="ep" status="new" lang="DE">
    <p>Bei einem Arbeitstisch mit einer Tischplatte (1) auf einem
Gestell, soll unterhalb der Tischplatte (1) ein Drehelement
(4,7) angeordnet sein, an welchem sich eine
Arbeitsgerätschaft (5) befindet.
<img id="img-00000001" orientation="unknown" wi="149" img-format="tif" img-content="ad" file="00000001.tif" inline="no" he="96"/></p>
  </abstract>
  <abstract load-source="docdb" source="EPO" status="new" lang="EN">
    <p>The working table is designed so that under the table top (1) a rotation element (4,3,7) is arranged, at which a working appliance shaft (5) is located. The rotation element (7) has a rotation shaft (4), which extends vertically. The rotation element has support (9) for the working appliance shaft (5). The rotation element (7) has holders (12) for a fixing element (6), for the working appliance shaft (5).</p>
  </abstract>
  <description load-source="ep" status="new" lang="DE">
    <p num="0001">Die Erfindung betrifft einen Arbeitstisch mit einer
Tischplatte auf einem Gestell.</p>
    <p num="0002">Derartige Arbeitstische sind in vielfältiger Form und
Ausführung bekannt und auf dem Markt. Hierbei handelt es
sich bspw. um normale Büroarbeitsplätze oder um ausgebaute,
als Kommunikationsarbeitsplätze oder Händlertische
bezeichnete Tischeinheiten. Letztere sind dadurch
erkennbar, dass der Arbeitstisch verschiedenartigste
Ausgestaltungen zur Unterbringung von
Kommunikationseinrichtungen oder Arbeitsgerätschaften, wie
Prozessoren, Monitore, Drucker usw. aufweist. Die
besonderen Anforderungen, die an solche
Kommunikationsarbeitsplätze gestellt werden, haben dazu 
geführt, dass sie den besonderen Bedürfnissen, der an
solchen Arbeitsplätzen arbeitenden Personen angepasst
werden.</p>
    <p num="0003">Ein Arbeitstisch der o. g. Art ist bspw. in der EP 0 226
862 A1 beschrieben.</p>
    <p num="0004">Der vorliegenden Erfindung liegt die Aufgabe zugrunde, bei
einem derartigen Arbeitstisch den Zugriff zu einer
Arbeitsgerätschaft, insbesondere zu einem Prozessor zu
erleichtern.</p>
    <p num="0005">Zur Lösung dieser Aufgabe führt, dass unterhalb der
Tischplatte ein Drehelement angeordnet ist, an welchem sich
eine Arbeitsgerätschaft befindet.</p>
    <p num="0006">Sollte demnach der Zugriff bspw. zum Laufwerk eines PCs
ermöglicht werden, genügt es, wenn die Arbeitsgerätschaft
über das Drehelement herausgedreht wird. Nach erfolgtem
Zugriff kann der PC wieder zurückgedreht werden, so dass er
sich geschützt innerhalb eines Raumes bzw. unterhalb der
Tischplatte befindet.</p>
    <p num="0007">Bevorzugt weist das Drehelement eine Drehwelle auf, die
sich vertikal erstreckt. In einem einfachen
Ausführungsbeispiel der Erfindung kann an dem Drehelement
eine Platte bspw. zur Bildung einer Tür angeordnet sein.
Der PC selbst ist dann an dieser Platte festgelegt. Hier
bietet sich bspw. eine von der Platte abragende Auflage an,
auf der der PC aufsteht. Die Befestigung selbst erfolgt
dann mittels eines Gurtes und bevorzugt mittels eines
Schnellverschlusses. </p>
    <p num="0008">Beim Öffnen der Tür schwenkt auch der PC aus seiner
geschützten Lage in einen Raum. Der Zugriff zum PC ist
freigegeben.</p>
    <p num="0009">Bei einem bevorzugten Ausführungsbeispiel der Erfindung
handelt es sich bei dem Drehelement um ein separates
Drehgestell, welches nach vorne durch Schiebetüren
abgeschlossen ist. Bevorzugt befindet sich an einem
Drehelement eine Platte, an der wiederum die
Arbeitsgerätschaft festgelegt ist.</p>
    <p num="0010">Soll der Zugriff zu der Arbeitsgerätschaft erlaubt werden,
so genügt es, ein Schiebeelement zu öffnen und die
Arbeitsgerätschaft an der Drehwelle herauszudrehen. Bspw.
kann nun die Arbeitsgerätschaft in dieser Lage verbleiben
und das Schiebeelement wieder soweit wie möglich
geschlossen werden, so dass der durch das Schiebeelement
eigentlich zu verschliessende Raum bis auf den Platz wieder
geschlossen ist, den die Arbeitsgerätschaft einnimmt.</p>
    <p num="0011">Bevorzugt ist dem einen Schiebeelement zumindest ein
weiteres Schiebeelement zugeordnet, so dass bspw. trotz
ausgeschwenkter Arbeitsgerätschaft auch der andere Teil des
von den Schiebeelementen abgeschlossenen Raumes
(Technikraumes) unterhalb der Tischplatte geöffnet werden
kann. </p>
    <p num="0012">Weitere Vorteile, Merkmale und Einzelheiten der Erfindung
ergeben sich aus der nachfolgenden Beschreibung bevorzugter
Ausführungsbeispiele sowie anhand der Zeichnung; diese
zeigt in
<sl><li>Figur 1 einen teilweise aufgebrochen dargestellten
erfindungsgemässen Arbeitstisch;</li><li>Figur 2 eine Draufsicht auf ein weiteres
Ausführungsbeispiel eines Arbeitsstisches;</li><li>Figur 3 eine Frontansicht des Arbeitstisches gemäss Figur 2
in einer anderen Gebrauchslage.</li></sl></p>
    <p num="0013">Von einem Arbeitstisch P ist in Figur 1 eine Tischplatte 1
gezeigt. In dem aufgebrochenen Bereich ist erkennbar, dass
sich unter der Tischplatte 1 eine Wand 2 befindet, in
welche eine Tür 3 eingegliedert ist. Diese Tür 3 hängt an
einer Drehwelle 4, welche vertikal angeordnet ist. Die Tür
3 kann um die Drehwelle 4 aus der Wand 2 herausgeschwenkt
werden.</p>
    <p num="0014">An der Tür 3 befindet sich eine Arbeitsgerätschaft 5, bspw.
ein Prozessor. Er ist mit einem Gurt 6 an der Tür 3
festgelegt, wobei für den Gurt 6 entsprechende Halterungen
12 vorgesehen sind.</p>
    <p num="0015">Im Unterschied zu Figur 1 befindet sich bei dem dort
gezeigten Arbeitstisch P<sub>1</sub> der Prozessor 5 an einem
separaten Drehelement 7. Dieses Drehelement 7 weist eine
Platte 8 auf, die an der Drehwelle 4 hängt. </p>
    <p num="0016">In Figur 3 ist erkennbar, dass von der Platte 8 eine
Auflage 9 abragt, auf welcher die Arbeitsgerätschaft 5
aufsitzt. Sie wird von dem Gurt 6 gehalten.</p>
    <p num="0017">Vor dem Drehelement 7 sitzen drei Schiebeelemente 10.1,
10.2 und 10.3, die zum Öffnen des Zuganges zu der
Arbeitsgerätschaft 5 verschiebbar sind.</p>
    <heading>Die Funktionsweise der vorliegenden Erfindung ist folgende:</heading>
    <p num="0018">Wird die Arbeitsgerätschaft 5 nicht gebraucht, so befindet
sich die Tür 3 in dem Ausführungsbeispiel nach Figur 1 in
Schliesslage, wie gezeigt. Die Tür 3 ist in diesem Fall in
die Wand 2 integriert.</p>
    <p num="0019">In dem Ausführungsbeispiel gemäss den Figuren 2 und 3 ist
das Schiebeelement 10.1 geschlossen und die drei
Schiebeelemente bilden ebenfalls zusammen eine Wand.</p>
    <p num="0020">Wird nun die Arbeitsgerätschaft benötigt, soll bspw. der
Zugriff zum Laufwerk 11 des Prozessors ermöglicht werden,
so wird bei dem Ausführungsbeispiel gemäss Figur 1 die Tür
3 um die Drehwelle 4 geschwenkt, so dass der Prozessor 5
zugänglich wird.</p>
    <p num="0021">Bei dem Ausführungsbeispiel gemäss den Figuren 2 und 3 wird
das Schiebeelement 10.1 nach rechts verschoben und die
Platte 8 zusammen mit dem Prozessor 5 um die Drehwelle 8
gedreht, so dass der Prozessor in die in Figur 3 gezeigte
Gebrauchslage gelangt. Nunmehr kann hier das Schiebeelement
10.1 wieder nach links verschoben werden, so dass unterhalb
der Tischplatte 1 eine fast geschlossene Wand entsteht.</p>
  </description>
  <claims load-source="ep" status="new" lang="DE">
    <claim num="1">
      <claim-text>Arbeitstisch mit einer Tischplatte (1) auf einem
Gestell,dadurch gekennzeichnet,
dass unterhalb der Tischplatte (1) ein Drehelement (4, 3,
7) angeordnet ist, an welchem sich eine Arbeitsgerätschaft
(5) befindet.</claim-text>
    </claim>
    <claim num="2">
      <claim-text>Arbeitstisch nach Anspruch 1, dadurch gekennzeichnet,
dass das Drehelement(7) eine Drehwelle (4) aufweist, welche
sich vertikal erstreckt.</claim-text>
    </claim>
    <claim num="3">
      <claim-text>Arbeitstisch nach Anspruch 1 oder 2, dadurch
gekennzeichnet, dass das Drehelement (7) eine Auflage (9)
für die Arbeitsgerätschaft (5) aufweist.</claim-text>
    </claim>
    <claim num="4">
      <claim-text>Arbeitstisch nach Anspruch 3, dadurch gekennzeichnet,
dass die Auflage (9) an einer Platte (8) und diese an der
Drehwelle (4) angeordnet ist.</claim-text>
    </claim>
    <claim num="5">
      <claim-text>Arbeitstisch nach wenigstens einem der Ansprüche 1 bis
4, dadurch gekennzeichnet, dass das Drehelement (7)
Halterungen (12) für ein Befestigungselement (6) für die
Arbeitsgerätschaft (5) aufweist.</claim-text>
    </claim>
    <claim num="6">
      <claim-text>Arbeitstisch nach Anspruch 5, dadurch gekennzeichnet,
dass das Befestigungselement ein Gurt(6) ist.</claim-text>
    </claim>
    <claim num="7">
      <claim-text>Arbeitstisch nach wenigstens einem der Ansprüche 1 bis
6, dadurch gekennzeichnet, dass das Drehelement (7) von
einem Schiebeelement (10.1) überdeckt ist.</claim-text>
    </claim>
    <claim num="8">
      <claim-text>Arbeitstisch nach Anspruch 7, dadurch gekennzeichnet,
dass dem Drehelement (7) zumindest drei Schiebeelemente
(10.1, 10.2, 10.3) zugeordnet sind.</claim-text>
    </claim>
    <claim num="9">
      <claim-text>Arbeitstisch nach wenigstens einem der Ansprüche 1 bis
8, dadurch gekennzeichnet, dass das Drehelement (3, 4) eine
Tür ausbildet, an der die Arbeitsgerätschaft (5) festgelegt
ist.</claim-text>
    </claim>
  </claims>
  <copyright>User acknowledges that the Information Retrieval Facility (IRF) and its third party providers retain all right, title and interest in and to this xml under applicable copyright laws. User acquires no ownership rights to this xml including but not limited to its format. User hereby accepts the terms and conditions of the Licence Agreement set forth at http://www.ir-facility.org/legal/marec/data_licence</copyright>
</patent-document>
