<?xml version="1.0" encoding="utf-8"?>
<!DOCTYPE patent-document PUBLIC "-//MXW//DTD patent-document XML//EN" "http://www.ir-facility.org/dtds/patents/v1.4/patent-document.dtd">
<patent-document ucid="EP-1258304-A1" country="EP" doc-number="1258304" kind="A1" lang="DE" family-id="7685256" status="new" date-produced="20090516" date="20021120">
  <bibliographic-data>
    <publication-reference ucid="EP-1258304-A1" status="new" fvid="23615196">
      <document-id status="new" format="original">
        <country>EP</country>
        <doc-number>1258304</doc-number>
        <kind>A1</kind>
        <date>20021120</date>
      </document-id>
    </publication-reference>
    <application-reference ucid="EP-02007884-A" status="new" is-representative="NO">
      <document-id status="new" format="epo">
        <country>EP</country>
        <doc-number>02007884</doc-number>
        <kind>A</kind>
        <date>20020409</date>
      </document-id>
    </application-reference>
    <priority-claims status="new">
      <priority-claim ucid="DE-10124234-A" status="new">
        <document-id status="new" format="epo">
          <country>DE</country>
          <doc-number>10124234</doc-number>
          <kind>A</kind>
          <date>20010518</date>
        </document-id>
      </priority-claim>
    </priority-claims>
    <technical-data status="new">
      <classifications-ipcr>
        <classification-ipcr status="new">B23C   5/16        20060101C I20051008RMEP        </classification-ipcr>
        <classification-ipcr status="new">B23C   5/20        20060101A I20051008RMEP        </classification-ipcr>
      </classifications-ipcr>
      <classification-ecla status="new">
        <classification-symbol scheme="EC">B23C   5/20</classification-symbol>
      </classification-ecla>
      <invention-title load-source="ep" status="new" lang="DE">Schneidwerkzeug</invention-title>
      <invention-title load-source="ep" status="new" lang="EN">Milling tool</invention-title>
      <invention-title load-source="ep" status="new" lang="FR">Fraise</invention-title>
    </technical-data>
    <parties>
      <applicants>
        <applicant status="new" format="epo">
          <addressbook>
            <name>FETTE GMBH</name>
            <address>
              <country>DE</country>
            </address>
          </addressbook>
        </applicant>
        <applicant status="new" format="intermediate">
          <addressbook>
            <name>FETTE GMBH</name>
          </addressbook>
        </applicant>
        <applicant status="new" format="original">
          <addressbook>
            <last-name>Fette GmbH</last-name>
            <address>
              <street>Grabauer Strasse 24</street>
              <city>21493 Schwarzenbek</city>
              <country>DE</country>
            </address>
          </addressbook>
        </applicant>
      </applicants>
      <inventors>
        <inventor status="new" format="epo">
          <addressbook>
            <name>POPKE HERBERT PROF DR</name>
            <address>
              <country>DE</country>
            </address>
          </addressbook>
        </inventor>
        <inventor status="new" format="intermediate">
          <addressbook>
            <name>POPKE, HERBERT, PROF. DR.</name>
          </addressbook>
        </inventor>
        <inventor status="new" format="original">
          <addressbook>
            <last-name>POPKE, HERBERT, PROF. DR.</last-name>
            <address>
              <street>Mühlenweg 4</street>
              <city>39179 Ebendorf</city>
              <country>DE</country>
            </address>
          </addressbook>
        </inventor>
      </inventors>
      <agents>
        <agent status="new" format="original">
          <addressbook>
            <last-name>Dipl.-Ing. H. Hauck, Dipl.-Ing. E. Graalfs, Dipl.-Ing. W. Wehnert, Dr.-Ing. W. Döring, Dr.-Ing. N. Siemons</last-name>
            <address>
              <street>Neuer Wall 41</street>
              <city>20354 Hamburg</city>
              <country>DE</country>
            </address>
          </addressbook>
        </agent>
      </agents>
    </parties>
    <international-convention-data>
      <designated-states>
        <ep-contracting-states>
          <country>AT</country>
          <country>DE</country>
          <country>FR</country>
          <country>GB</country>
          <country>IT</country>
          <country>SE</country>
        </ep-contracting-states>
      </designated-states>
    </international-convention-data>
  </bibliographic-data>
  <abstract load-source="ep" status="new" lang="DE">
    <p>Rotierendes Schneidwerkzeug mit einem um eine zentrale Achse
rotierenden Trägerkörper, an dem mindestens zwei Schneidplatten (I,II)
befestigbar sind, die jeweils mindestens eine Schneidkante aufweisen und
die nacheinander mit einem Werkstück in spanenden Eingriff gelangen,
wenn der Trägerkörper rotiert und zugleich einen linearen Vorschub
erfährt, wobei die Schneidplatten auf eine vorgegebene Frästiefe
(a<sub>p0</sub>) zustellbar sind, wobei die Schneidkante der einen
Schneidplatte (I) zur Schneidkante der anderen Schneidplatte (II) so
versetzt angeordnet ist, dass unterschiedliche Bereiche der
Schneidkanten mit dem Werkstück in Eingriff gelangen und jede
Schneidkante einen Teilbetrag
für die vorgegebene Frästiefe (a<sub>p0</sub>) leistet.
<img id="img-00000001" orientation="unknown" wi="92" img-format="tif" img-content="ad" file="00000001.tif" inline="no" he="105"/></p>
  </abstract>
  <abstract load-source="docdb" source="EPO" status="new" lang="EN">
    <p>The rotary cutting tool has a rotating carrier body, turning around a center axis, with at least two cutting plates (I,II) mounted to it. Each plate has at least one cutting edge, to be brought against the workpiece in succession when the carrier body is rotated and moved on a linear path. The cutting plates are set to a given cutting depth. The cutting edge of one plate is offset from the other cutting edge, so that different sections of the cutting edges act on the workpiece, and each cutting edge gives a portion of the total cutting depth. The cutting plates are held in cassettes, in pairs.</p>
  </abstract>
  <description load-source="ep" status="new" lang="DE">
    <p num="0001">Die Erfindung bezieht sich auf ein Schneidwerkzeug nach dem Patentanspruch 1.
Insbesondere bezieht sich die Erfindung auf ein Schneidwerkzeug mit mindestens
zwei Schneidplatten, die an einem Trägerkörper befestigbar sind und die bei der
Rotation des Schneidwerkzeugs nacheinander mit einem Werkstück in spannenden
Eingriff gelangen, wenn der Trägerkörper zugleich einen linearen Vorschub erfährt.</p>
    <p num="0002">Ein typisches Beispiel für ein derartiges Schneidwerkzeug ist ein Plan- oder Eckfräser,
der beispielsweise mit Wendeschneidplatten bestückt ist. Die Wendeschneidplatten
sind typischerweise in einer vorgegebenen Teilung gleichmäßig am
Umfang des Trägerkörpers angebracht.</p>
    <p num="0003">Wendeschneidplatten sind bei derartigen Werkzeugen allgemein üblich, aber auch
bei speziellen Bohrwerkzeugen, Reibahlen oder dergleichen. Die nachfolgend zu
erläuternde Erfindung ist jedoch nicht auf die Verwendung von Wendeschneidplatten
beschränkt, obwohl zu Erläuterungszwecken hierauf im Wesentlichen eingegangen
wird.</p>
    <p num="0004">Die Wendeschneidplatten werden üblicherweise entweder unmittelbar in entsprechenden
Taschen des Trägerkörpers in bekannter Weise eingespannt oder auch
mit Hilfe von sogenannten Kassetten, die ihrerseits in Taschen des Trägerkörpers
befestigt werden.</p>
    <p num="0005">Für die Wirkungsweise eines derartigen Schneidwerkzeugs, z.B. Fräswerkzeug, ist
die Positionierung der Schneidkante relativ zur Achse des Trägerkörpers von
Bedeutung. Maßgebend sind der Axialwinkel, der Radialwinkel und der Einstellwinkel.
Axialwinkel meint die Relativlage einer Schneidplatte bzw. ihrer Schneide 
gegenüber der Rotationsachse des Fräskörpers. Der Radialwinkel ist der Winkel
zwischen der Fräsplattenebene und einem Radius des Trägerkörpers. Der Einstellwinkel
ist der Winkel, den die Schneidkante in Bezug auf die Zustellrichtung des
Werkzeugs aufweist. Üblicherweise sind alle Winkel ungleich 90°. Aus naheliegenden
Gründen wird angestrebt, dass der Eingriff der Schneidkante am Werkstück
nicht über die gesamte Länge der Schneidkante gleichzeitig erfolgt, sondern von
einem Ende ausgehend, allmählich. Dadurch werden die Belastung der Schneidplatte
bzw. der Schneidkante minimiert sowie die Schwingungen, die naturgemäß beim
Zerspanen mit mehreren Schneidplatten durch deren Aufschläge auftreten.</p>
    <p num="0006">Bei der Zerspanung mit den beschriebenen Schneidwerkzeugen spielt eine Reihe
von Parametern eine Rolle. Erwünscht ist ein hohes Spanvolumen pro Zeiteinheit
bei minimaler Belastung der Schneidkante und einem Minimum an Schnittkraft. Die
Schnittkraft beeinflusst naturgemäß den Energieverbrauch einer Zerspanoperation.
Hohe Schneidenbelastungen führen zu kurzen Standzeiten und damit zu Auswechselvorgängen,
die zeitraubend sind und die gesamte Fertigungszeit beeinflussen.
Ferner wird der Fertigungsaufwand durch unterschiedliche Gegebenheiten
beim Einsatz von Schneidplatten beeinflusst. Bei der herkömmlichen Zerspanungstechnik
haben die Schneidplatten eine identische Position und Ausrichtung am
Trägerkörper, so dass zumeist nur bestimmte Bereiche einer Schneidkante einer
besonderen Belastung unterliegen. Sobald der am meisten beanspruchte Bereich der
Schneidkante nicht mehr einsatzfähig ist, muss die Schneidplatte ausgetauscht oder
gewendet werden. Dies führt zu einer unvollständigen Ausnutzung einer
Schneidplatte.</p>
    <p num="0007">Es ist bekannt, durch eine unterschiedliche Teilung am Umfang des Trägerkörpers
für die Anordnung der Schneidplatten eine dämpfende Wirkung zu erzielen. </p>
    <p num="0008">Der Erfindung liegt die Aufgabe zugrunde, ein Schneidwerkzeug der gattungsgemäßen
Art so zu verbessern, dass die Schnittkraft minimiert wird bzw. bei
gleicher Maschinenleistung ein höheres Spanvolumen erhalten werden kann. Außerdem
soll die Aufgabe darin bestehen, die Ausnutzung der Schneidplatten zu verbessern.</p>
    <p num="0009">Diese Aufgabe wird durch die Merkmale des Patentanspruchs 1 gelöst.</p>
    <p num="0010">Bei dem erfindungsgemäßen Schneidwerkzeug gelangen unterschiedliche Bereiche
der Schneidkanten mit dem Werkstück in Eingriff, wobei jede Schneidkante einen
Teilbetrag für die vorgegebene Frästiefe leistet. Die Frästiefe wird durch die
Zustellung des Schneidwerkzeugs in der Maschine bestimmt. Bei herkömmlichen
Schneidwerkzeugen ist die Zustellung derart, dass über die Länge der Schneidkante
der größere Bereich mit dem Werkstück in Eingriff gelangt. Bei der Erfindung hingegen
kommen nur Abschnitte der Schneidkante einer Schneidplatte jeweils mit
dem Werkstück in Eingriff. So können zum Beispiel die beiden Schneidplatten
parallel zu sich selbst versetzt angeordnet werden derart, dass die Schneidkante der
voreilenden Platte eines Paares von Schneidplatten bis zu einer ersten Frästiefe
arbeitet und die nacheilende den Rest der Frästiefe herstellt. Dies nur für eine
Umdrehung betrachtet, denn bei jeder weiteren Umdrehung sind alle Schneidplatten
jeweils nacheilend. Die Anteile der Schneidkantenabschnitte an der Gesamtfrästiefe
können gleich oder auch unterschiedlich sein.</p>
    <p num="0011">Es ist jedoch auch denkbar, die Einstellwinkel der versetzt angeordneten
Schneidplatten unterschiedlich zu wählen, und zwar für die nacheilende Kante
größer als für die voreilende Schneidkante (jeweils für ein Paar bei einer Umdrehung
betrachtet). </p>
    <p num="0012">Es ist auch möglich, die Schneidkanten Plattenpaaren winkelmäßig zu versetzen,
ohne einen deutlichen Höhenversatz. Hierbei wird von den zwei Schneidplatten
jeweils nur eine im kritischen Bereich hoch belastet, während die andere im weniger
kritischen Schneidkantenbereich über eine größere Länge eine Belastung erfährt.
Daher kann nach Verschleiß der höher belasteten Schneidplatte diese mit der anderen
ausgetauscht werden, wodurch die Gesamtstandzeit beider Platten erhöht wird.</p>
    <p num="0013">Es ist auch möglich, die Schneide oder Schneidkante der einen Schneidplatte als
Schruppschneide und die der anderen als Schlichtschneide zu verwenden. In diesem
Fall kommt nur ein geringer Bereich der Länge einer Schneidkante als Schlichtschneiden
zum Einsatz.</p>
    <p num="0014">Bei dem erfindungsgemäßen Schneidwerkzeug werden entweder identische
Schneidplatten eingesetzt oder auch unterschiedliche, z.B. Schneidplatten mit
gerader und gekrümmter Schneide.</p>
    <p num="0015">Vorstehend wurde nur von zwei Schneidplatten bzw. einem Schneidplattenpaar
gesprochen. Es versteht sich, dass eine beliebige Anzahl von Paaren von
Schneidplatten vorgesehen werden kann, um eine Schnittaufteilung bei einem
Schneidwerkzeug nach der Erfindung zu gewährleisten. Es ist ferner möglich, die
Paare in gleicher Teilung anzuordnen oder auch mit unterschiedlicher Teilung, um
das Schwingungsverhalten zu verbessern. Außerdem kann eine Schnittaufteilung mit
mehr als zwei Schneidkanten vorgesehen werden, z.B. mit drei oder auch mehr
Schneidplatten. Die Schneidplatten werden vorzugsweise in Verbindung mit Kassetten
eingesetzt, wie an sich bei derartigen Schneidwerkzeugen bekannt. Die Kassetten
können für die Aufnahme von zwei oder mehr Schneidplatten ausgelegt sein, die
dann den oben beschriebenen Versatz zueinander haben. </p>
    <p num="0016">Die erfindungsgemäße Schnittaufteilung hat den Vorteil, dass bei gleicher Maschinenleistung
ein höheres Spanvolumen erzielbar ist, ohne dass es zu einer größeren
Beeinträchtigung der Schneidkanten kommt. Im Gegenteil, die Standzeit der
Schneidplatten pro Werkzeug lässt sich erhöhen, wenn dafür gesorgt wird, dass eine
Gesamtausnutzung der Schneidkante verbessert wird.</p>
    <p num="0017">Die Erfindung wird nachfolgend anhand von Ausführungsbeispielen näher erläutert.
<sl><li>Fig. 1 zeigt schematisch ein erstes Ausführungsbeispiel für eine erfindungsgemäße
Schnittaufteilung.</li><li>Fig.2 zeigt schematisch ein zweites Ausführungsbeispiel für eine erfindungsgemäße
Schnittaufteilung.</li><li>Fig. 3 zeigt schematisch ein drittes Ausführungsbeispiel für eine erfindungsgemäße
Schnittaufteilung.</li><li>Fig. 4 zeigt schematisch in einer ersten Ausführungsform zwei Schneidplatten mit
Schnittaufteilung.</li><li>Fig. 5 zeigt schematisch eine zweite Ausführungsform der Schneidplatten mit einer
anderen Schnittaufteilung.</li><li>Fig. 6 zeigt schematisch zwei kreisförmige Schneidplatten mit einer Schnittaufteilung
nach der Erfindung.</li><li>Fig. 7 zeigt schematisch zwei weitere beispielhafte Schneidplatten mit einer erfindungsgemäßen
Schnittaufteilung in einer weiteren Ausführungsform. </li><li>Fig. 8 zeigt schematisch ähnliche Schneidplatten wie Figuren 4 und 5 in einer dritten
Ausführungsform einer Schnittaufteilung.</li><li>Fig. 9 zeigt schematisch eine vierte Ausführungsform einer Schnittaufteilung mit
den Schneidplatten nach Fig. 8.</li><li>Fig. 10 zeigt schematisch eine kreisförmige und eine rechteckige Schneidplatte, die
zusammen eine weitere Ausführungsmöglichkeit für eine Schnittaufteilung
darstellen.</li></sl></p>
    <p num="0018">Bei der nachfolgenden beispielhaften Beschreibung wird von einem Fräswerkzeug
ausgegangen, bei dem der Werkzeugträger rotierend eingespannt ist und an seinem
Umfang mehrere Paare von Schneidplatten enthält, wie sie in den Figuren 4 bis 10
als Beispiel dargestellt sind. Diese Paare können in gleichmäßiger Teilung oder auch
in ungleichmäßiger Teilung am Umfang des nicht gezeigten Trägerkörpers eingespannt
werden. Sie können mit einem vorgegebenen Axial- und/oder Radialwinkel
eingestellt werden. Hierauf wird im Einzelnen nicht eingegangen. Diese
Beziehungen sind allgemein bekannt wie auch die weiteren Winkel, die für die Zerspanung
von Bedeutung sind, wie Span- und Freiwinkel und das entsprechende Vorzeichen
der einzelnen Winkel. Nur beispielhaft wird auf EP 0 615 718 verwiesen,
das den grundsätzlichen Aufbau eines derartigen Fräsers wiedergibt. In dieser
Schrift sind die Fräser unmittelbar in Taschen des Trägerkörpers eingespannt.
Bevorzugt wird jedoch die Anordnung in sogenannten Kassetten vorgesehen, die
ihrerseits in entsprechenden Ausnehmungen oder Taschen des Trägerkörpers lösbar
befestigt sind. </p>
    <p num="0019">Nachstehend wird stets nur von einem Schneidenpaar gesprochen, ohne dass angegeben
ist, wieviel Paare an einem Trägerkörper vorgesehen sind. Die Befestigung im
Trägerkörper kann mit herkömmlichen Mitteln erfolgen. Im Übrigen ist auch denkbar,
statt einem Paar drei Platten in entsprechender Teilung am Umfang des Trägerkörpers
anzubringen. Die Schneidplatten können im Übrigen übliche Wendeschneidplatten
sein oder nur mit einer Schneide bzw. Schneidkante versehen werden.
Über die Geometrie der Schneidkante ist keine Aussage getroffen. Sie kann den
jeweiligen Gegebenheiten angepasst sein.</p>
    <p num="0020">In den Figuren 1 bis 3 ist die Schnittfläche von nicht weiter gezeigten Werkstücken
im Querschnitt dargestellt, auf welche die Schneiden aufeinanderfolgender
Schneidplatten bei der Drehung des Trägerkörpers am Werkstück treffen. Die Länge
der Fläche wird allgemein mit b und die Breite mit h angegeben. Der Einstellwinkel
der Schneidplatten I, II ist in Fig. 1 mit κ = 70° angegeben. In dem Ausrührungsbeispiel
nach Fig. 2 hat die Schneidplatte I einen Einstellwinkel von 70° und die
Schneidplatte II einen Einstellwinkel von 30°. Im Ausführungsbeispiel nach Fig. 3
hat die Schneidplatte I einen Einstellwinkel von 70° und die Schneidplatte II einen
Einstellwinkel von 30°. Allgemein gilt, dass die Schneidenbelastung bei großer
Länge und geringer Breite, b bzw. h, minimal ist. Es wird eine geringe Schnittkraft
erhalten sowie eine dynamische Stabilität. Bei einem kleinen Einstellwinkel wird die
Schneidenbelastung gering, wie etwa bei der Schneidplatte II nach Fign. 2 und 3.</p>
    <p num="0021">In den Figuren ist a<sub>p0</sub> die Schnitttiefe und f<sub>z0</sub> der Vorschub. In Fig. 1 übernimmt
jeweils eine der beiden Platten nur eine Hälfte ½a<sub>p0</sub> die Schnitttiefe. Um zum gleichen
Spanvolumen zu gelangen, wie es bei nur einer Schneidplatte mit dem gleichen
Spanungsquerschnitt erzeugt wird, ist der Vorschub bei der Ausführung nach Fig. 1
zu verdoppeln. Insgesamt wird jedoch eine geringere Schnittkraft erhalten von z.B.
etwa 10%. Ferner werden die Schwingungsimpulse reduziert. Da das Maß h relativ 
groß ist, wird auch ein stabiler Spanungsquerschnitt erhalten. Die Belastung der
Schneiden der Platten I und II ist jedoch relativ hoch.</p>
    <p num="0022">Fig. 4 zeigt zwei Schneidplatten I und II, mit welchen eine ähnliche Schnittaufteilung
erhalten wird wie in Fig. 1, wobei jedoch der Anteil der Schneidkanten am Zerspanungsquerschnitt
unterschiedlich ist. Der Frästiefenanteil der Platte I beträgt nur
ein Drittel der Gesamtfrästiefe, während die Schneidplatte II zwei Drittel der
Frästiefe erzeugt. Der Einstellwinkel in Fig. 4 beträgt 45° und in Fig. 1, wie
erwähnt, 70°. In jedem Falle ist es möglich, die Schnittkraft zu reduzieren und damit
bei gleicher Maschinenleistung ein höheres Spanvolumen zu erzielen.</p>
    <p num="0023">Bei der Ausführungsform nach Fig. 2 übernehmen die Schneidplatten I und II
jeweils die Hälfte der gesamten Frästiefe, weisen jedoch unterschiedliche Einstellwinkel
auf, nämlich die Schneidplatte I einen Winkel κ = 70° und die Schneidplatte
II einen Winkel κ = 30°. Die gestrichelt gezeichneten Schneidkanten, wie bei 20
angedeutet, stellen nicht genutzte bzw. belastete Schneidkantenabschnitte dar, während
die belasteten mit durchgehenden Linien gezeichnet sind. Mithin ist die
Schneidplatte II mit ihrem unteren Schneidkantenbereich nicht benutzt. Dieser
Bereich ist aber normalerweise der am meisten belastete. Es ist daher möglich, nach
einer Abnutzung der Schneidplatte I, deren Schneidkante im unteren Bereich hauptsächlich
belastet ist, diese mit der Schneidplatte II zu tauschen, die noch einen unbenutzten
unteren Schneidkantenbereich aufweist. Daher ist es möglich, die Gesamtstandzeit
der Schneidplatten zu verlängern.</p>
    <p num="0024">Zu Fig. 4 sei noch nachgetragen, dass gestrichelt eine dritte Schneidplatte angedeutet
ist, die unter Schnittaufteilung mit den Schneidplatten I und II zusammenwirken
kann. </p>
    <p num="0025">Die Ausführungsform nach Fig. 3 unterscheidet sich von der nach Fig. 2 dadurch,
dass die Schneidplatte II drei Viertel der Frästiefe a<sub>p0</sub> und die Schneidplatte I ein
Viertel der Frästiefe a<sub>p0</sub> übernimmt. Die Winkelstellungen sind wie in Fig. 2.</p>
    <p num="0026">Fig. 5 zeigt ein etwas konkreteres Ausführungsbeispiel gemäß Fig. 3. Allerdings hat
die Schneidplatte I einen Einstellwinkel von 45° und die Schneidplatte II einen von
30°. Das Verhältnis der Frästiefen beträgt hier 1:3.</p>
    <p num="0027">In Fig. 6 sind zwei kreisförmige Schneidplatten I und II gezeigt mit einer Schnittteilung
derart, dass die Platte I ein Drittel und die Platte II zwei Drittel der Frästiefe
erzeugen. Erstere Platte hat einen Einstellwinkel von 20° und die zweite einen von
60°. Im Hinblick auf die Vorteile einer solchen Schnittaufteilung gilt das bereits
weiter oben Gesagte.</p>
    <p num="0028">Bei der Ausführungsform nach den Figuren 4 und 5 sind oktogonale Schneidplatten
vorgesehen, während bei der Ausführungsform nach Fig. 7 quadratische
Schneidplatten I und II vorgesehen sind. Der Einstellwinkel der Schneidplatte I
beträgt 75° und der der Schneidplatte II 45°. Letztere übernimmt wiederum im
Wesentlichen zwei Drittel der Frästiefe, während die erstere ein Drittel übernimmt.
Im Übrigen liegt Ähnlichkeit mit der Ausführungsform nach Fig. 5 vor, wobei
jedoch bei der Ausführungsform nach Fig. 7 ein relativ großer Abschnitt der
Schneidkante der Platte II nicht benutzt ist, wie durch die gestrichelte Linie angedeutet.</p>
    <p num="0029">In den Figuren 8 und 9 sind zwei Beispiele dafür gezeigt, dass mit einem
Schneidplattenpaar bzw. einer Mehrzahl von Schneidplattenpaaren sowohl Schruppen
als auch Schlichten stattfindet. In beiden Fällen ist der Schneidkantenabschnitt
der Schneidplatte II als Schruppschneide vorgesehen und die Schneidkante der 
Schneidplatte I als Schlichtschneide. Wie erkennbar, trägt die Schneidplatte II nur
einen sehr geringen Teil der Frästiefe für die Zerspanung bei und kann daher relativ
genau abtragen.</p>
    <p num="0030">Bei der Ausrührungsform nach Fig. 10 ist eine kreisförmige Schneidplatte I und eine
quadratische Schneidplatte II vorgesehen, die ein Paar bilden zwecks Schnittaufteilung.
Der Einstellwinkel der Schneide der Platte II beträgt 30°. Die Schneide ist
als Schruppschneide vorgesehen. Der Einstellwinkel der Platte I beträgt 10°. Diese
Platte trägt nur zu einem minimalen Abtrag bei und dient mithin als Schlichtschneide.</p>
    <p num="0031">Ohne das vorstehend deutlich herauszustellen, ergibt sich aus den Figuren von
selbst, dass die gezeigten Schneidplatten mit einem Werkstück zusammenwirken,
das spanend geformt wird. Die Werkstücke sind jedoch nicht mit einem besonderen
Bezugszeichen versehen.</p>
  </description>
  <claims load-source="ep" status="new" lang="DE">
    <claim num="1">
      <claim-text>Rotierendes Schneidwerkzeug mit einem um eine zentrale Achse rotierenden
Trägerkörper, an dem mindestens zwei Schneidplatten befestigbar sind, die
jeweils mindestens eine Schneidkante aufweisen und die nacheinander mit einem
Werkstück in spanenden Eingriff gelangen, wenn der Trägerkörper rotiert und
zugleich einen linearen Vorschub erfährt, wobei die Schneidplatten auf eine vorgegebene
Frästiefe zustellbar sind, dadurch gekennzeichnet, dass die Schneidkante
der einen Schneidplatte (I) zur Schneidkante der anderen Schneidplatte (II)
so versetzt angeordnet ist, dass unterschiedliche Bereiche der Schneidkanten mit
dem Werkstück in Eingriff gelangen und jede Schneidkante einen Teilbetrag für
die vorgegebene Frästiefe (ap0) leistet.</claim-text>
    </claim>
    <claim num="2">
      <claim-text>Schneidwerkzeug nach Anspruch 1, dadurch gekennzeichnet, dass die Einstellwinkel
(κ) beider Schneidkanten gleich sind.</claim-text>
    </claim>
    <claim num="3">
      <claim-text>Schneidwerkzeug nach Anspruch 1, dadurch gekennzeichnet, dass die Einstellwinkel
(κ) unterschiedlich sind.</claim-text>
    </claim>
    <claim num="4">
      <claim-text>Schneidwerkzeug nach einem der Ansprüche 1 bis 3, dadurch gekennzeichnet,
dass der Anteil der Schneidplatten (I, II) an der Frästiefe (ap0) beider
Schneidplatten gleich ist.</claim-text>
    </claim>
    <claim num="5">
      <claim-text>Schneidwerkzeug nach einem der Ansprüche 1 bis 3, dadurch gekennzeichnet,
dass der Anteil der Schneidplatten (I, II) an der Frästiefe (ap0) unterschiedlich ist.</claim-text>
    </claim>
    <claim num="6">
      <claim-text>Schneidwerkzeug nach einem der Ansprüche 3 bis 5, dadurch gekennzeichnet,
dass der Einstellwinkel (κ) der Schneide, die die Resttiefe erzeugt, größer als der
der anderen Schneidkante ist.</claim-text>
    </claim>
    <claim num="7">
      <claim-text>Schneidwerkzeug nach Anspruch 5 oder 6, dadurch gekennzeichnet, dass die
Frästiefe der Schneidkante, die die Resttiefe erzeugt, kleiner ist als die der anderen
Schneidkante.</claim-text>
    </claim>
    <claim num="8">
      <claim-text>Schneidwerkzeug nach Anspruch 7, dadurch gekennzeichnet, dass die Schneidkante,
die die erste Frästiefe erzeugt, als Schruppschneide und die der anderen
Schneidplatte als Schlichtschneide dient.</claim-text>
    </claim>
    <claim num="9">
      <claim-text>Schneidwerkzeug nach einem der Ansprüche 1 bis 8, dadurch gekennzeichnet,
dass die Schneidplatten (I, II) geometrisch gleich geformt sind mit gerader oder
gekrümmter Schneidkante.</claim-text>
    </claim>
    <claim num="10">
      <claim-text>Schneidwerkzeug nach einem der Ansprüche 1 bis 8, dadurch gekennzeichnet,
dass eine erste Schneidplatte (I) mit kreisförmiger Schneidkante und eine zweite
Schneidplatte (II) mit gerader Schneidkante vorgesehen sind.</claim-text>
    </claim>
    <claim num="11">
      <claim-text>Schneidwerkzeug nach Anspruch 10, dadurch gekennzeichnet, dass die Schneidkante
der kreisförmigen Schneidplatte (I) als Schlichtschneide dient.</claim-text>
    </claim>
    <claim num="12">
      <claim-text>Schneidwerkzeug nach einem der Ansprüche 1 bis 11, dadurch gekennzeichnet,
dass die Schneidplatten Wendeschneidplatten sind.</claim-text>
    </claim>
    <claim num="13">
      <claim-text>Schneidwerkzeug nach einem der Ansprüche 1 bis 12, dadurch gekennzeichnet,
dass die Schneidplatten (I, II) in Kassetten eingespannt sind, die ihrerseits im
Trägerkörper eingespannt sind.</claim-text>
    </claim>
    <claim num="14">
      <claim-text>Schneidwerkzeug nach Anspruch 13, dadurch gekennzeichnet, dass die
Schneidplatten eines Paares jeweils in einer Kassette angeordnet sind.</claim-text>
    </claim>
  </claims>
  <copyright>User acknowledges that the Information Retrieval Facility (IRF) and its third party providers retain all right, title and interest in and to this xml under applicable copyright laws. User acquires no ownership rights to this xml including but not limited to its format. User hereby accepts the terms and conditions of the Licence Agreement set forth at http://www.ir-facility.org/legal/marec/data_licence</copyright>
</patent-document>
