<?xml version="1.0" encoding="utf-8"?>
<!DOCTYPE patent-document PUBLIC "-//MXW//DTD patent-document XML//EN" "http://www.ir-facility.org/dtds/patents/v1.4/patent-document.dtd">
<patent-document ucid="EP-1235094-A2" country="EP" doc-number="1235094" kind="A2" lang="DE" family-id="27512407" status="new" date-produced="20090516" date="20020828">
  <bibliographic-data>
    <publication-reference ucid="EP-1235094-A2" status="new" fvid="23543356">
      <document-id status="new" format="original">
        <country>EP</country>
        <doc-number>1235094</doc-number>
        <kind>A2</kind>
        <date>20020828</date>
      </document-id>
    </publication-reference>
    <application-reference ucid="EP-02100162-A" status="new" is-representative="NO">
      <document-id status="new" format="epo">
        <country>EP</country>
        <doc-number>02100162</doc-number>
        <kind>A</kind>
        <date>20020221</date>
      </document-id>
    </application-reference>
    <priority-claims status="new">
      <priority-claim ucid="DE-10108988-A" status="new">
        <document-id status="new" format="epo">
          <country>DE</country>
          <doc-number>10108988</doc-number>
          <kind>A</kind>
          <date>20010223</date>
        </document-id>
      </priority-claim>
      <priority-claim ucid="DE-10108989-A" status="new">
        <document-id status="new" format="epo">
          <country>DE</country>
          <doc-number>10108989</doc-number>
          <kind>A</kind>
          <date>20010223</date>
        </document-id>
      </priority-claim>
      <priority-claim ucid="DE-10118702-A" status="new">
        <document-id status="new" format="epo">
          <country>DE</country>
          <doc-number>10118702</doc-number>
          <kind>A</kind>
          <date>20010412</date>
        </document-id>
      </priority-claim>
      <priority-claim ucid="DE-10118703-A" status="new">
        <document-id status="new" format="epo">
          <country>DE</country>
          <doc-number>10118703</doc-number>
          <kind>A</kind>
          <date>20010412</date>
        </document-id>
      </priority-claim>
      <priority-claim ucid="DE-10157613-A" status="new">
        <document-id status="new" format="epo">
          <country>DE</country>
          <doc-number>10157613</doc-number>
          <kind>A</kind>
          <date>20011126</date>
        </document-id>
      </priority-claim>
    </priority-claims>
    <technical-data status="new">
      <classifications-ipcr>
        <classification-ipcr status="new">A61B  19/00        20060101ALI20051220RMJP        </classification-ipcr>
        <classification-ipcr status="new">A61B  19/00        20060101CLI20051220RMJP        </classification-ipcr>
        <classification-ipcr status="new">G02B  21/00        20060101A I20060722RMEP        </classification-ipcr>
        <classification-ipcr status="new">G02B  21/00        20060101C I20060722RMEP        </classification-ipcr>
        <classification-ipcr status="new">G02B  21/18        20060101C I20051008RMEP        </classification-ipcr>
        <classification-ipcr status="new">G02B  21/22        20060101A I20051008RMEP        </classification-ipcr>
        <classification-ipcr status="new">G02B  21/36        20060101A I20060722RMEP        </classification-ipcr>
        <classification-ipcr status="new">G02B  21/36        20060101C I20060722RMEP        </classification-ipcr>
        <classification-ipcr status="new">G02B  26/02        20060101AFI20051220RMJP        </classification-ipcr>
        <classification-ipcr status="new">G02B  26/02        20060101CFI20051220RMJP        </classification-ipcr>
        <classification-ipcr status="new">H04N   7/18        20060101ALI20051220RMJP        </classification-ipcr>
        <classification-ipcr status="new">H04N   7/18        20060101CLI20051220RMJP        </classification-ipcr>
      </classifications-ipcr>
      <classification-ecla status="new">
        <classification-symbol scheme="EC">G02B  21/00M2</classification-symbol>
        <classification-symbol scheme="EC">G02B  21/22</classification-symbol>
        <classification-symbol scheme="EC">G02B  21/36D</classification-symbol>
        <classification-symbol scheme="ICO">S01N21:881F</classification-symbol>
        <classification-symbol scheme="ICO">S01N21:887B</classification-symbol>
        <classification-symbol scheme="ICO">S01N21:887M</classification-symbol>
      </classification-ecla>
      <invention-title load-source="ep" status="new" lang="DE">Erweiterte Blendensteuerung für Bildeinblendungen in einem Stereomikroskop</invention-title>
      <invention-title load-source="ep" status="new" lang="EN">Extended iris control for image blending in a stereomicroscope</invention-title>
      <invention-title load-source="ep" status="new" lang="FR">Commande de diaphragme étendue pour l'incrustation des images dans un microscope stéreoscopique</invention-title>
    </technical-data>
    <parties>
      <applicants>
        <applicant status="new" format="epo">
          <addressbook>
            <name>LEICA MICROSYSTEMS</name>
            <address>
              <country>CH</country>
            </address>
          </addressbook>
        </applicant>
        <applicant status="new" format="intermediate">
          <addressbook>
            <name>LEICA MICROSYSTEMS AG</name>
          </addressbook>
        </applicant>
        <applicant status="new" format="original">
          <addressbook>
            <last-name>Leica Microsystems AG</last-name>
            <address>
              <street>Heinrich-Wild-Strasse</street>
              <city>9435 Heerbrugg</city>
              <country>CH</country>
            </address>
          </addressbook>
        </applicant>
      </applicants>
      <inventors>
        <inventor status="new" format="epo">
          <addressbook>
            <name>DEVERIN JACQUES DR</name>
            <address>
              <country>CH</country>
            </address>
          </addressbook>
        </inventor>
        <inventor status="new" format="epo">
          <addressbook>
            <name>MANNSS JUERGEN</name>
            <address>
              <country>CH</country>
            </address>
          </addressbook>
        </inventor>
        <inventor status="new" format="epo">
          <addressbook>
            <name>MOSER BENNO</name>
            <address>
              <country>CH</country>
            </address>
          </addressbook>
        </inventor>
        <inventor status="new" format="epo">
          <addressbook>
            <name>SPINK ROGER</name>
            <address>
              <country>CH</country>
            </address>
          </addressbook>
        </inventor>
        <inventor status="new" format="intermediate">
          <addressbook>
            <name>DEVERIN, JACQUES, DR.</name>
          </addressbook>
        </inventor>
        <inventor status="new" format="intermediate">
          <addressbook>
            <name>MANNSS, JUERGEN</name>
          </addressbook>
        </inventor>
        <inventor status="new" format="intermediate">
          <addressbook>
            <name>MOSER, BENNO</name>
          </addressbook>
        </inventor>
        <inventor status="new" format="intermediate">
          <addressbook>
            <name>SPINK, ROGER</name>
          </addressbook>
        </inventor>
        <inventor status="new" format="original">
          <addressbook>
            <last-name>DEVERIN, JACQUES, DR.</last-name>
            <address>
              <street>Moosanger Strasse 19</street>
              <city>9443 Widnau</city>
              <country>CH</country>
            </address>
          </addressbook>
        </inventor>
        <inventor status="new" format="original">
          <addressbook>
            <last-name>Mannss, Jürgen</last-name>
            <address>
              <street>Hohlenhausweg 5</street>
              <city>3672 Oberdiessbach</city>
              <country>CH</country>
            </address>
          </addressbook>
        </inventor>
        <inventor status="new" format="original">
          <addressbook>
            <last-name>MOSER, BENNO</last-name>
            <address>
              <street>Gemperenstrasse 16</street>
              <city>9442 Berneck</city>
              <country>CH</country>
            </address>
          </addressbook>
        </inventor>
        <inventor status="new" format="original">
          <addressbook>
            <last-name>SPINK, ROGER</last-name>
            <address>
              <street>Wislistrasse 7B</street>
              <city>9442 Berneck</city>
              <country>CH</country>
            </address>
          </addressbook>
        </inventor>
      </inventors>
      <agents>
        <agent status="new" format="original">
          <addressbook>
            <last-name>Reichert, Werner F., Dr.</last-name>
            <address>
              <street>Leica Microsystems AG, Corporate Patents + Trademarks Department, Ernst-Leitz-Strasse 17-37</street>
              <city>35578 Wetzlar</city>
              <country>DE</country>
            </address>
          </addressbook>
        </agent>
      </agents>
    </parties>
    <international-convention-data>
      <designated-states>
        <ep-contracting-states>
          <country>CH</country>
          <country>DE</country>
          <country>FR</country>
          <country>GB</country>
          <country>LI</country>
        </ep-contracting-states>
      </designated-states>
    </international-convention-data>
  </bibliographic-data>
  <abstract load-source="ep" status="new" lang="DE">
    <p>Es wird ein Stereomikroskop beschrieben, das als Operationsmikroskop einen
Beobachtungsausgang für einen Chirurgen (41) und mindestens einen
weiteren Beobachtungsausgang für einen Assistenten (40) aufweist, wobei
das Stereomikroskop Blenden (17a bis 20b) zum wahlweisen Abschalten von
Objektinformationen aufweist.
<img id="img-00000001" orientation="unknown" wi="101" img-format="tif" img-content="ad" file="00000001.tif" inline="no" he="102"/></p>
  </abstract>
  <abstract load-source="docdb" source="EPO" status="new" lang="EN">
    <p>Medical stereo microscope has a main objective (10) and left and right main beam paths (2a, 2b). In at least one of the main beam paths a switchable shutter is provided (18a, 18b) between the output reflecting beam splitter (12a, 12b) and the main observation output (21a, 21b). Further an input reflecting beam splitter (11a, 11b) prior to the output beam splitter with corresponding shutters (17a, 17b). Light from the input reflecting beam splitter is collected in an auxiliary observation output (20a, 20b). Additional information or images are provided from a source (16) that is linked into the observation beam paths via a switchable deflection prism (14).</p>
  </abstract>
  <description load-source="ep" status="new" lang="DE">
    <p num="0001">Die Erfindung betrifft eine Blendensteuerung für die Integration von
Zusatzdaten in einen Beobachtungs-Strahlengang oder in mehrere
Beobachtungs-Strahlengänge eines Stereomikroskops zur wahlweisen
Abschaltung eines unerwünschten Beobachtungs-Bildkanals.</p>
    <p num="0002">In modernen Operationsmikroskopen ist es üblich, Zusatzinformationen in
eines der beiden Zwischenbilder einzublenden. Diese Bildinformationen
werden entweder den originären optischen Bilddaten passgenau überlagert -
z. B: korrelierte Daten, CT-, MRI-Konturen - oder ohne Bezug zur optischen
Objektabbildung dargestellt (nicht-korrelierte Bilddaten, Standard-Schnitte,
etc.), indem der betreffende Objektstrahlengang ausgeblendet wird. Oder sie
werden in einem begrenzten Teilbereich überlagert (Monitoring-Kurven,
Menüs etc.).</p>
    <p num="0003">Im Fall der Abblendung des Objektlichts wird eine Blende zwischen
Objektstrahlengang und den die Zusatzinformation einblendenden 
Strahlenteiler geschoben, sodass nur die zusätzlich eingeblendete Information
sichtbar ist. Eine derartige Blendenanordnung ist aus der WO-A2-01/27659
bekannt, die am 19.4.2001 publiziert wurde. Diese bekannte Anordnung bot
jedoch keine Möglichkeit, unter Ausnutzung des weiteren Strahlverlaufes
mehrere Benutzer wahlweise die Zusatzinformation und/oder die
Objektinformation betrachten lassen zu können. Aus der Fig. der
WO-A2-01/27659 wird vielmehr deutlich, dass ein erster Assistent am
Assistentenanschluss (11) lediglich das Objektbild, nicht jedoch das
eingespiegelte Bild aus dem Display (1) sehen kann. Ein zweiter Assistent,
der beispielsweise über ein Okular am zweiten Assistententubus (19) Einblick
nimmt, sieht überhaupt lediglich einen Bildkanal - und zwar den rechten
Hauptstrahlengang (18) - und kann somit wahlweise entweder das Objektbild
oder überhaupt nichts sehen, wenn die dritte Blende (20) geschlossen ist; dies
jeweils jedoch nicht unabhängig vom Hauptbeobachter am Okular (15), der im
rechten Hauptstrahlengang (18) immer das gleiche Bild wie der zweite
Assistent sieht. Dem konnte beim bekannten Stand der Technik nur dadurch
abgeholfen werden, dass eine zusätzliche Einspiegelungsvorrichtung für den
dritten Hauptstrahlengang vorgesehen worden ist, vgl. hierzu die Seite 4, Zeile
14, bis Seite 5, Zeile 19, der WO-A2-01/27659.</p>
    <p num="0004">Aus dem angegebenen Grund mangelt es dem bekannten Stand der Technik
an Flexibilität für die Steuerung der Beobachtungsmöglichkeiten. Auch ist
beim bekannten Stand der Technik eine Einschränkung insofern gegeben, als
die Einspiegelung in beide Hauptstrahlengänge (4 und 18) - wie schon
erwähnt - zwei Einspiegelungsvorrichtungen (1, 2, 3 usw.) erfordert, was
zusätzliche Platz- und Baugrößenprobleme mit sich bringt.</p>
    <p num="0005">Es ist weiterhin eine "Multivision" genannte Einrichtung von Zeiss bekannt, die
es einem Assistenten erlaubt, das gleiche Bild wie ein Hauptbeobachter zu
sehen, unabhängig davon, ob dieser ein Objektbild oder ein mit einem
Zusatzbild überlagertes Objektbild sieht. Die Flexibilität bei der
Beobachtungsmöglichkeit ist somit nachteiligerweise ebenfalls eingeschränkt. </p>
    <p num="0006">Bei Operationsmikroskopen sind grundsätzlich hinsichtlich ihrer Funktionen
drei unterschiedliche Beobachtungs- beziehungsweise Anwendungsarten zu
unterscheiden, wobei zur Erläuterung der folgenden Ausführungen auf die
Fig. 5-7 verwiesen wird, die Mikroskopstellungen aus dem Stand der Technik
wiedergeben. Bei diesen Figuren bedeuten dabei die Bezugszeichen
figurenübergreifend schematisch dargestellte Personen beziehungsweise
Gegenstände:</p>
    <p num="0007">Patient (Objekt) 42, Optikträger (eines Operationsmikroskops) 45, Chirurg
(Hauptbeobachter) 41, Assistent 40, Beobachtungsausgang (Hauptokular)
linker Strahlengang 21a und rechter Strahlengang 21b,
Beobachtungsausgang (Assistentenokular) für stereoskopische Beobachtung
20a und 20b (nur in Fig. 5) und für monokulare Beobachtung rechter
Strahlengang 20b (Fig. 6) und linker Strahlengang 20a (Fig. 7).
<sl><li>(1) ein Chirurg (Hauptbeobachter), der grundsätzlich (fast ausschließlich)
die Beobachtungsausgänge 21a und 21b stereoskopisch benutzt und im
allgemeinen über Art und Zeitpunkt des Einspiegelns sowie über die
Frage der Überlagerung oder Nichtüberlagerung der Zusatzinformation
entscheidet;</li><li>(2a) ein Assistent, der fast ausschließlich entweder den rechten
Beobachtungsausgang 20a - wie z.B. in Fig. 6 - oder den linken
Beobachtungsstrahlengang 20b - wie z.B. in Fig. 7 - monoskopisch
verwendet, wenn er im rechten Winkel zum Chirurgen 41 und dem
Mikroskop steht ( Craniotomie), oder</li><li>(2b) der Beobachtungsstrahlengang 20a und 20b wird stereoskopisch
verwendet, wenn der Assistent 40 dem Chirurgen 41 gegenüber und
hinter dem Mikroskop steht, wie in Fig. 5 dargestellt (spinale
Operationen);</li><li>(3) eine Beobachtergruppe befindet sich neben dem Mikroskop oder sogar
außerhalb des Operationssaals, die im wesentlichen diejenigen
Informationen auf einem Monitor im oder außerhalb des Operationssaals 
sehen sollte, die der Chirurg (Hauptbeobachter) 41 wahrnimmt und
somit gar nicht selbst durch das Mikroskop blickt, sondern die
Beobachtung über die Betrachtung einer Videoaufnahme durchführt.</li></sl></p>
    <p num="0008">Im "Beobachter"-Fall (1) stehen dem Chirurgen 41 bei stereoskopischem
Einblick in die beiden Okulare aufgrund der Zusatzinformation in einem
einzigen Bildkanal - insbesondere bei Datensubstitution durch das Einblenden
z.B. von Video-Daten in diesen Bildkanal - zwei unterschiedliche BildInformationen
im Vergleich mit dem zweiten Bildkanal zur Verfügung, die ihn
irritieren können.</p>
    <p num="0009">Es ist daher die Aufgabe der vorliegenden Erfindung, die erwähnten Nachteile
zu beseitigen und die Flexibilität der Beobachtungsmöglichkeiten zu erhöhen
und dies auch ohne zusätzliche Einspiegelungsvorrichtungen - d.h. ohne
zusätzliche Strahlengänge und baugruppen-vergößernde Maßnahmen - zu
realisieren.</p>
    <p num="0010">Gelöst wird diese Aufgabe durch die Merkmale des Patentanspruchs 1.
Weitere Ausgestaltungen ergeben sich aus den Unteransprüchen. Durch den
erfindungsgemäßen Einsatz zusätzlicher Blenden und in einem weiteren
Schritt durch eine neuartige Blendensteuerung wird dem Chirurgen das
Abschalten der im Moment nicht gewünschten Objektinformation
beziehungsweise ein Management der den jeweiligen (Haupt- und/oder
Assistenten-) Beobachtern zur Verfügung gestellten Bildinformationen
ermöglicht.</p>
    <p num="0011">Die gewünschte Flexibilität wird erreicht, indem in wenigstens einem
Hauptstrahlengang wenigstens eine zweite schaltbare Blende zwischen dem
Ausspiegelungs-Strahlenteiler und dem Haupt-Beobachtungsausgang
angeordnet ist, und indem in jedem Hauptstrahlengang ein Einspiegelungs-Strahlenteiler
angeordnet ist. So kann flexibel für mehrere Assistenten und
den Hauptbeobachter wahlweise Bildinformation zur Verfügung gestellt 
werden, zum Teil unabhängig von dem, was dem Hauptbeobachter geliefert
wird.</p>
    <p num="0012">Dies ist dann optimiert, wenn zwischen jedem Einspiegelungs-Strahlenteiler
und dem Hauptobjektiv und jedem Ausspiegelungs-Strahlenteiler und dem
Haupt-Beobachtungsausgang je eine schaltbare erste beziehungsweise
zweite Blende angeordnet sind. Unter einer "schaltbaren Blende" wird
erfindungsgemäß jede Blendeneinrichtung verstanden, die einen
Strahlengang öffnet oder schliesst. Damit sind sowohl mechanische als auch
opto-elektronische Blenden oder dergleichen umfasst.</p>
    <p num="0013">Eine weitere Flexibilisierung und Verbesserung der Anwendbarkeit sowie der
Reduktion von unnötigen Lichtverlusten kann bei einem erfindungsgemäßen
Stereomikroskop mit wenigstens einem Neben-Beobachtungsausgang
(Assistentenausgang) erreicht werden, wenn auch zwischen wenigstens
einem Ausspiegelungs-Strahlenteiler und dem Neben-Beobachtungsausgang
eine dritte schaltbare Blende (19a, 19b) angeordnet ist, was wiederum
optimiert wird, wenn vor jedem Neben-Beobachtungsausgang eine dritte
schaltbare Blende (19a, 19b) angeordnet ist.</p>
    <p num="0014">Vor allem bei Stereomikroskopen, bei denen pro Hauptstrahlengang
wenigstens zwei Neben-Beobachtungsausgänge vorgesehen sind - also bei
besonders flexibel einsetzbaren Operationsmikroskopen - ist es vorteilhaft,
wenn diese Beobachtungsausgänge in der gleichen Radialebene in Bezug auf
den Hauptstrahlengang liegen - also z.B. ein Ausgang seitlich des
Ausspiegelungs-Strahlenteilers und ein Ausgang hinter dem Ausspiegelungs-Strahlenteiler
(d.h. um 90° versetzt) - und dass der Ausspiegelungs-Strahlenteiler
drehbar ist, so dass er die Ausspiegelungs-Bildinformation
wahlweise dem einen oder anderen Neben-Beobachtungsausgang zuführt.</p>
    <p num="0015">Da dies zu einer Bilddrehung führt, soll oder kann diese bei Bedarf in
erfindungsgemäßer Weise elektronisch (im Videosignal) berücksichtigt und
korrigiert werden. Die Detaillösung zu dieser erfindungsgemäßen
Weiterbildung kann der DE-Patentanmeldung mit dem amtlichen
Aktenzeichen 101 08 989.9 (Anmeldetag 23.2.2001) entnommen werden, auf 
die hiermit ausdrücklich rückverwiesen wird, um die Möglichkeiten einer
optimierten Umschaltung zu verstehen.</p>
    <p num="0016">Eine besonders kleine Baugröße ergibt sich bei einem erfindungsgemäßen
Stereomikroskop, bei dem wenigstens einer der Einspiegelungs-Strahlenteiler
gleichzeitig auch als Ausspiegelungs-Strahlenteiler - z.B. für
Videobildsensoren oder auch andere Bildaufzeichnungsvorrichtungen -
ausgebildet ist.</p>
    <p num="0017">Eine besonders bevorzugte - weil platzsparende - Entwicklung ergibt sich,
wenn beiden Einspiegelungs-Strahlenteilern in den beiden
Hauptstrahlengängen ein gemeinsamer Einspiegelungs-Strahlengang
zugeordnet ist, der wahlweise dem einen oder dem anderen oder aber beiden
Einspiegelungs-Strahlenteilern zuschaltbar ist. Die Detaillösung zu dieser
erfindungsgemäßen Weiterbildung kann der DE-Patentanmeldung mit dem
amtlichen Aktenzeichen 101 08 988.0 (Anmeldetag 23.2.2001) entnommen
werden, auf die hiermit ausdrücklich rückverwiesen wird, um die Möglichkeiten
einer optimierten Umschaltung zu verstehen. Eine Variante ergibt sich, wenn
der Einspiegelungs-Strahlengang ein Umlenkprisma, das vorzugsweise drehoder
schwenkbar und derart wahlweise dem linken oder rechten
Hauptstrahlengang zuordenbar ist, umfasst. Bei einer anderen Variante, wie in
der zweiten Figur der DE-Patentanmeldung 101 08 988.0 angegeben, ist das
Umlenkprisma nicht zwischen den Einspiegelungs-Strahlenteilern, sondern
dahinter angeordnet. Dadurch wird eine Bilddrehung vermieden.</p>
    <p num="0018">Gemäß einer Weiterentwicklung der Erfindung ist wenigstens ein Teil der
Blenden mit einer Steuereinrichtung verbunden, die im Betriebszustand
wenigstens einen Teil der Blenden anhand von applikations- und/oder
benutzerspezifischen Gesichtspunkten schließt oder öffnet. Somit kann z.B.
ein Anwender sein persönliches Anwendungsprofil festlegen und dieses bei
Bedarf jederzeit wieder abrufen, ohne neuerlich aufwändige Voreinstellungen
vornehmen zu müssen.</p>
    <p num="0019">Die Steueraufgaben werden erleichtert, wenn wenigstens ein Stellungs- oder
Positionsdetektor vorgesehen ist, der im Betriebszustand die Stellung oder 
Position der Ausspiegelungsprismen und/oder des Umlenkprismas und/oder
der Blenden erfasst und mit der Steuereinrichtung verbunden ist und die
Blendensteuerung entsprechend ausrichtet, da so auch manuelle Override-Einstellungen
berücksichtigt und Fehlschaltungen vermieden werden können.</p>
    <p num="0020">Zur weiteren Optimierung und Vereinfachung ist vorgesehen, dass die
Steuereinrichtung mit einer Steuerung für die eingespiegelte
Zusatzinformation (Videocontroller) verbunden ist, um in Abhängigkeit von der
jeweiligen Stellung der Ausspiegelungsprismen und/oder des Umlenkprismas
und/oder der jeweiligen Blendenstellung und/oder der jeweiligen
Beobachterwünsche das über ein Display eingespiegelte Bild zu beeinflussen,
so dass der jeweilige Anwender automatisch die gewünschte
beziehungsweise erforderliche Bildinformation erhält.</p>
    <p num="0021">Die Steuereinrichtung umfasst beispielsweise wenigstens einen Blenden-Controller,
wenigstens einen Controller mit Speicher für Datentyp-Information
und Benutzer-Setup und/oder wenigstens eine Steuerung und Sensorik für die
Position der Ausspiegelungs-Strahlenteiler und/oder des Umlenkprismas,
wobei sie insbesondere automatisch und/oder manuell einstellbar ist.</p>
    <p num="0022">Eine Erleichterung und Steigerung der Effizienz von IGS-Operationen ("IGS" =
Image Guided Surgery) erhält man, wenn die Steuereinrichtung mit der
Operationssteuerungseinrichtung (IGS) verbunden ist und im Betriebszustand
wenigstens den Einblendzustand in den linken oder rechten
Hauptstrahlengang signalisiert.</p>
    <p num="0023">Zur weiteren Erläuterung wird auf die Zeichnung verwiesen, wobei in den
Fig. 1-4 schematische Darstellungen unterschiedlicher Blendenpositionen
enthalten sind. In den Fig. 5-7 sind die bekannten Positionierungs-Varianten
des Chirurgen und des Assistenten bezüglich des zu beobachtenden
Patienten dargestellt.</p>
    <p num="0024">In Fig. 1 projiziert ein Display 16 entlang des Strahlengangs für die
Zusatzinformation(en) 3 mittels einer Optik 15 und eines schaltbaren Prismas 
14 (mögliche Projektion in den linken oder rechten Strahlengang) ein mit
Zuatzinformationen versehenes Bild in den rechten Strahlengang 2b. Über
den Strahlteiler 11b wird diese Information mit dem Bild des Objektes 1
überlagert und dem optionalen Bildsensor 13b und den weiteren
Beobachtungsstrahlengängen zugeführt.</p>
    <p num="0025">In den Fig. 1-4 ist mit 43 eine Steuerleitung symbolisiert, die Blenden und
Prismen steuert und/oder deren Position bzw. Stellung delektiert. An den
Stellen, an denen neben einer möglichen Steuerung auch eine
Positionsdetektion möglich ist, ist an der Steuerleitung ein Punkt
eingezeichnet. Blenden in den stereoskopischen Strahlengängen können
miteinander auch mechanisch gekoppelt sein, wenn sie jeweils gemeinsam
geschaltet werden sollen.</p>
    <p num="0026">Mittels der Blenden 18a und 18b kann sich der Beobachter - falls gewünscht -
nur auf die Zusatzinformation konzentrieren. In Abb.2 wird die
Zusatzinformation auf den rechten Beobachtungsstrahlengang geschaltet, die
geschlossene Blende 18a lässt somit für den Chirurgen 41 nur die Sicht 21b
auf die Zusatzinformation mit dem rechten Auge zu. Das linke Auge sieht
nichts. Der Assistentenausgang kann ebenfalls geschaltet werden; entweder
zu den beiden seitlichen monoskopischen Ausgängen, oder zum hinteren
stereoskopischen Ausgang, je nach chirurgischer Applikation.</p>
    <p num="0027">In cranieller Applikation sieht ein seitlich links angeordneter Assistent 40 über
den Ausgang 20a die Objektinformation monoskopisch, nicht aber die
Zusatzinformation; ein seitlich rechts angeordneter Assistent 40 nimmt
monoskopisch über den Ausgang 20b - wie der Chirurg 41 - nur die
Zusatzinformationen wahr. In spinaler Applikation nimmt der Assistent 40
beide Informationen stereoskopisch über die Ausgänge 20a und 20b wahr.
Somit sieht er auch beide Informationen mit unterschiedlichem Gehalt. </p>
    <p num="0028">Im Controller 31 können Vorlieben bestimmter Chirurgen gespeichert werden
und im Applikationsfall abgerufen werden. Zum Beispiel möchte Chirurg A
immer beide Informationen gleichzeitig sehen; die Blenden 18a und 18b
bleiben in diesem Fall immer geöffnet. Der Chirurg B möchte aber
beispielsweise ausschließlich die eingeblendete Information; je nach
Schaltposition des Prismas 14 schließt der Blendencontroller 30 die Blende
18a oder 18b.</p>
    <p num="0029">Fig. 3 zeigt die Einstellung mit eingeblendeten Zusatzinformationen im linken
Strahlengang und geöffneten Blenden im chirurgischen Strahlengang 21a und
21b.</p>
    <p num="0030">In Fig. 4 ist die Anordnung der Blenden für die Assistentenausgänge
ersichtlich. Dies sind im wesentlichen die Blenden 19a und 19b, die sich im
Falle eines rückwärtig positionierten Assistenten 40 (spinale Anordnung)
schließen lassen.</p>
    <p num="0031">Die Erfindung bietet folgende Vorteile:
<ul list-style="bullet"><li>Sie ermöglicht das wahlweise Abschalten von zeitweise unerwünschter
oder den Chirurgen 41 störender Objektinformation;</li><li>der Assistent 40 kann in jeder Applikation mit einem Bild des Objektes 1
versorgt werden;</li><li>ein angeschlossenes Kamerasystem kann das Objekt 1 immer
detektieren;</li><li>die Blendenfunktion adaptiert sich automatisch an die aktuelle oder sich
ändernde Position der Zusatzinformation(en).</li></ul></p>
    <heading>
      <b>Bezugszeichenliste</b>
    </heading>
    <p num="0032">
      <dl tsize="3">
        <dt>1</dt>
        <dd>Objekt (Patient)</dd>
        <dt>2a</dt>
        <dd>Hauptstrahlengang = Objektstrahl, linker Strahlengang</dd>
        <dt>2b</dt>
        <dd>Hauptstrahlengang = Objektstrahl, rechter Strahlengang</dd>
        <dt>3</dt>
        <dd>Einspiegelungs-Strahlengang für Zusatzinformation(en)</dd>
        <dt>10</dt>
        <dd>Hauptobjektiv</dd>
        <dt>11a</dt>
        <dd>Einspiegelungs-Strahlenteiler linker Strahlengang, Video und
Zusatzinformationen</dd>
        <dt>11b</dt>
        <dd>Einspiegelungs-Strahlenteiler rechter Strahlengang, Video und
Zusatzinformationen</dd>
        <dt>12a</dt>
        <dd>Ausspiegelungs-Strahlenteiler linker Strahlengang, 1. und 2.
Beobachter</dd>
        <dt>12b</dt>
        <dd>Ausspiegelungs-Strahlenteiler rechter Strahlengang, 1. und 2.
Beobachter</dd>
        <dt>13a</dt>
        <dd>Videobildsensor linker Strahlengang</dd>
        <dt>13b</dt>
        <dd>Videobildsensor rechter Strahlengang</dd>
        <dt>14</dt>
        <dd>(schaltbares) Umlenkprisma (Strahlengang Zusatzinformationen)</dd>
        <dt>15</dt>
        <dd>Abbildungsoptik für (16)</dd>
        <dt>16</dt>
        <dd>Display für Zusatzinformationen</dd>
        <dt>17a</dt>
        <dd>schaltbare erste Blende zum Ausblenden des Objektlichtes im linken
Strahlengang </dd>
        <dt>17b</dt>
        <dd>schaltbare erste Blende zum Ausblenden des Objektlichtes im rechten
Strahlengang</dd>
        <dt>18a</dt>
        <dd>schaltbare zweite Blende zum Ausblenden des Objektlichtes im linken
Strahlengang</dd>
        <dt>18b</dt>
        <dd>schaltbare zweite Blende zum Ausblenden des Objektlichtes im
rechten Strahlengang</dd>
        <dt>19a</dt>
        <dd>schaltbare dritte Blende zum Ausblenden des Objektlichtes im linken
Assistentenstrahlengang</dd>
        <dt>19b</dt>
        <dd>schaltbare dritte Blende zum Ausblenden des Objektlichtes im rechten
Assistentenstrahlengang</dd>
        <dt>20a</dt>
        <dd>Neben-Beobachtungsausgang (Assistentenausgang) für monokularen
Beobachter (40), links</dd>
        <dt>20b</dt>
        <dd>Neben-Beobachtungsausgang (Assistentenausgang) für monokularen
Beobachter (40), rechts</dd>
        <dt>21a</dt>
        <dd>Haupt-Beobachtungsausgang für Stereobeobachtung für (41), linker
Strahlengang</dd>
        <dt>21b</dt>
        <dd>Haupt-Beobachtungsausgang für Stereobeobachtung für (41), rechter
Strahlengang</dd>
        <dt>30</dt>
        <dd>Blenden-Controller (zur Detektion der Position bzw. Stellung und/oder
zur Steuerung der Blenden)</dd>
        <dt>31</dt>
        <dd>Controller Datentyp- Information mit Speicher und Benutzer-Setup</dd>
        <dt>32</dt>
        <dd>Steuerung und Sensorik der Rotationsprismen (zur Detektion der
Position bzw. Stellung und/oder zur Steuerung der Prismen)</dd>
        <dt>40</dt>
        <dd>Assistent</dd>
        <dt>41</dt>
        <dd>Chirurg</dd>
        <dt>42</dt>
        <dd>Patient</dd>
        <dt>45</dt>
        <dd>Optikträger</dd>
      </dl>
    </p>
  </description>
  <claims load-source="ep" status="new" lang="DE">
    <claim num="1">
      <claim-text>Stereomikroskop, insbesondere Stereo-Operationsmikroskop mit einem
Hauptobjektiv (10), einem linken und rechten Hauptstrahlengang (2a,
2b), und mit einem Haupt-Beobachtungsausgang (21a, 21b) mit einem
Einspiegelungs-Strahlenteiler (11a, 11b) und mit wenigstens einem
Ausspiegelungs-Strahlenteiler (12a, 12b) in wenigstens einem der
Hauptstrahlengänge und wenigstens einer ersten schaltbaren Blende
(17a, 17b) zum Abschalten der Objektinformation, die vor dem
Einspiegelungs-Strahlenteiler (11a, 11b) zur Einblendung von
Zusatzinformation angeordnet ist, dadurch gekennzeichnet, dass in
wenigstens einem Hauptstrahlengang (2a ,2b) wenigstens eine zweite
schaltbare Blende (18a, 18b) zwischen dem Ausspiegelungs-Strahlenteiler
(12a, 12b) und dem Haupt-Beobachtungsausgang (21a,
21b) angeordnet ist, und dass in jedem Hauptstrahlengang (2a, 2b) ein
Einspiegelungs-Strahlenteiler (11a, 11b) angeordnet ist.</claim-text>
    </claim>
    <claim num="2">
      <claim-text>Stereomikroskop nach Anspruch 1, dadurch gekennzeichnet, dass
zwischen jedem Einspiegelungs-Strahlenteiler (11a, 11b) und dem
Hauptobjektiv (10) und jedem Ausspiegelungs-Strahlenteiler (12a, 12b)
und dem Haupt-Beobachtungsausgang (21a, 21b) je eine schaltbare
erste beziehungsweise zweite Blende (17a, 17b;18a, 18b) angeordnet
sind.</claim-text>
    </claim>
    <claim num="3">
      <claim-text>Stereomikroskop mit wenigstens einem Neben-Beobachtungsausgang
(20a, 20b) nach Anspruch 1 oder 2, dadurch gekennzeichnet, dass
zwischen wenigstens einem Ausspiegelungs-Strahlenteiler (12a, 12b)
und dem Neben-Beobachtungsausgang (20a, 20b) eine dritte schaltbare
Blende (19a, 19b) angeordnet ist.</claim-text>
    </claim>
    <claim num="4">
      <claim-text>Stereomikroskop nach Anspruch 3, dadurch gekennzeichnet, dass vor
jedem Neben-Beobachtungsausgang (20a, 20b) eine dritte schaltbare
Blende (19a, 19b) angeordnet ist.</claim-text>
    </claim>
    <claim num="5">
      <claim-text>Stereomikroskop mit wenigstens zwei Neben-Beobachtungsausgängen
(20a, 20b) pro Hauptstrahlengang (2a, 2b), nach einem der Ansprüche 3
oder 4, dadurch gekennzeichnet, dass die Neben-Beobachtungsausgänge
in der gleichen Radialebene in Bezug auf den
Hauptstrahlengang (2a, 2b) liegen und dass der Ausspiegelungs-Strahlenteiler
(12a, 12b) drehbar ist, so dass er die Ausspiegelungs-Bildinformation
wahlweise dem einen oder anderen Neben-Beobachtungsausgang
(20a, 20b) zuführt.</claim-text>
    </claim>
    <claim num="6">
      <claim-text>Stereomikroskop nach einem der vorhergehenden Ansprüche, dadurch
gekennzeichnet, dass wenigstens einer der Einspiegelungs-Strahlenteiler
(11a, 11b) gleichzeitig auch als Ausspiegelungs-Strahlenteiler
ausgebildet ist.</claim-text>
    </claim>
    <claim num="7">
      <claim-text>Stereomikroskop nach einem der vorhergehenden Ansprüche, dadurch
gekennzeichnet, dass beiden Einspiegelungs-Strahlenteilern (11a, 11b)
in den beiden Hauptstrahlengängen (2a, 2b) ein gemeinsamer
Einspiegelungs-Strahlengang (3) zugeordnet ist, der wahlweise dem
einen oder anderen oder beiden Einspiegelungs-Strahlenteiler (11a,
11b) zuschaltbar ist.</claim-text>
    </claim>
    <claim num="8">
      <claim-text>Stereomikroskop nach Anspruch 7, dadurch gekennzeichnet, dass der
Einspiegelungs-Strahlengang (3) ein Umlenkprisma (14) umfasst, das -
vorzugsweise dreh- oder schwenkbar - wahlweise dem linken oder
rechten Hauptstrahlengang (2a, 2b) zuordenbar ist.</claim-text>
    </claim>
    <claim num="9">
      <claim-text>Stereomikroskop nach einem der vorhergehenden Ansprüche, dadurch
gekennzeichnet, dass wenigstens ein Teil der Blenden (17, 18, 19) mit
einer Steuereinrichtung (30, 31, 32) verbunden ist, die im
Betriebszustand wenigstens einen Teil der Blenden (17, 18, 19) anhand
von applikations- und/oder benutzerspezifischen Gesichtspunkten
schliesst oder öffnet.</claim-text>
    </claim>
    <claim num="10">
      <claim-text>Stereomikroskop nach Anspruch 9, dadurch gekennzeichnet, dass
wenigstens ein Stellungs- oder Positionsdetektor (30, 32) vorgesehen
ist, der im Betriebszustand die Stellung oder Position der
Ausspiegelungsprismen (12a, 12b) und/oder des Umlenkprismas (14)
und/oder der Blenden (17, 18, 19) erfasst und mit der Steuereinrichtung
verbunden ist und die Blendensteuerung entsprechend ausrichtet.</claim-text>
    </claim>
    <claim num="11">
      <claim-text>Stereomikroskop nach einem der Ansprüche 9 oder 10, dadurch
gekennzeichnet, dass die Steuereinrichtung (30, 31, 32) mit einer
Steuerung für die eingespiegelte Zusatzinformation verbunden ist, um in
Abhängigkeit von der jeweiligen Stellung der Ausspiegelungsprismen
(12a, 12b) und/oder des Umlenkprismas (14) und/oder der jeweiligen
Blendenstellung und/oder der jeweiligen Beobachterwünsche das über
ein Display (16) eingespiegelte Bild zu beeinflussen.</claim-text>
    </claim>
    <claim num="12">
      <claim-text>Stereomikroskop nach einem der Ansprüche 9 bis 11, dadurch
gekennzeichnet, dass die Steuereinrichtung wenigstens einen Blenden-Controller
(30), wenigstens einen Controller mit Speicher für Datentyp-Information
und Benutzer-Setup (31) und/oder wenigstens eine
Steuerung und Sensorik für die Position der Ausspiegelungs-Strahlenteiler
(12a, 12b) und/oder des Umlenkprismas (14) umfasst.</claim-text>
    </claim>
    <claim num="13">
      <claim-text>Stereomikroskop nach einem der Ansprüche 9 bis 12, dadurch
gekennzeichnet, dass die Steuereinrichtung automatisch und/oder
manuell einstellbar ist.</claim-text>
    </claim>
    <claim num="14">
      <claim-text>Stereomikroskop im Verbund mit einem stereotaktischen Operations-Aufbau
und einer bildgesteuerten Operationssteuerungseinrichtung,
nach einem der Ansprüche 9 bis 13, dadurch gekennzeichnet, dass
die Steuereinrichtung (30, 31, 32) mit der Operationssteuerungseinrichtung
verbunden ist und im Betriebszustand wenigstens den
Einblendezustand in den linken oder rechten Hauptstrahlengang (2a, 2b)
signalisiert.</claim-text>
    </claim>
  </claims>
  <copyright>User acknowledges that the Information Retrieval Facility (IRF) and its third party providers retain all right, title and interest in and to this xml under applicable copyright laws. User acquires no ownership rights to this xml including but not limited to its format. User hereby accepts the terms and conditions of the Licence Agreement set forth at http://www.ir-facility.org/legal/marec/data_licence</copyright>
</patent-document>
