<?xml version="1.0" encoding="utf-8"?>
<!DOCTYPE patent-document PUBLIC "-//MXW//DTD patent-document XML//EN" "http://www.ir-facility.org/dtds/patents/v1.4/patent-document.dtd">
<patent-document ucid="EP-1228775-A2" country="EP" doc-number="1228775" kind="A2" lang="DE" family-id="7952498" status="new" date-produced="20090516" date="20020807">
  <bibliographic-data>
    <publication-reference ucid="EP-1228775-A2" status="new" fvid="23517637">
      <document-id status="new" format="original">
        <country>EP</country>
        <doc-number>1228775</doc-number>
        <kind>A2</kind>
        <date>20020807</date>
      </document-id>
    </publication-reference>
    <application-reference ucid="EP-02001572-A" status="new" is-representative="NO">
      <document-id status="new" format="epo">
        <country>EP</country>
        <doc-number>02001572</doc-number>
        <kind>A</kind>
        <date>20020123</date>
      </document-id>
    </application-reference>
    <priority-claims status="new">
      <priority-claim ucid="DE-20101917-U" status="new">
        <document-id status="new" format="epo">
          <country>DE</country>
          <doc-number>20101917</doc-number>
          <kind>U</kind>
          <date>20010203</date>
        </document-id>
      </priority-claim>
    </priority-claims>
    <technical-data status="new">
      <classifications-ipcr>
        <classification-ipcr status="new">A61B  17/00        20060101A N20051008RMEP        </classification-ipcr>
        <classification-ipcr status="new">A61B  17/00        20060101C N20051008RMEP        </classification-ipcr>
        <classification-ipcr status="new">A61B  17/58        20060101AFI20051220RMJP        </classification-ipcr>
        <classification-ipcr status="new">A61B  17/58        20060101CFI20051220RMJP        </classification-ipcr>
        <classification-ipcr status="new">A61B  17/60        20060101A N20051008RMEP        </classification-ipcr>
        <classification-ipcr status="new">A61B  17/60        20060101C N20051008RMEP        </classification-ipcr>
        <classification-ipcr status="new">A61B  17/68        20060101C N20051008RMEP        </classification-ipcr>
        <classification-ipcr status="new">A61B  17/72        20060101A N20051008RMEP        </classification-ipcr>
        <classification-ipcr status="new">A61B  17/74        20060101A N20051008RMEP        </classification-ipcr>
        <classification-ipcr status="new">A61B  17/78        20060101A N20051008RMEP        </classification-ipcr>
        <classification-ipcr status="new">A61B  17/86        20060101A N20051008RMEP        </classification-ipcr>
        <classification-ipcr status="new">A61F   2/00        20060101A N20051008RMEP        </classification-ipcr>
        <classification-ipcr status="new">A61F   2/00        20060101C N20051008RMEP        </classification-ipcr>
        <classification-ipcr status="new">A61F   2/28        20060101ALI20051220RMJP        </classification-ipcr>
        <classification-ipcr status="new">A61F   2/28        20060101CLI20051220RMJP        </classification-ipcr>
        <classification-ipcr status="new">A61F   2/30        20060101A N20051008RMEP        </classification-ipcr>
        <classification-ipcr status="new">A61F   2/30        20060101C N20051008RMEP        </classification-ipcr>
        <classification-ipcr status="new">A61F   2/46        20060101ALI20051220RMJP        </classification-ipcr>
        <classification-ipcr status="new">A61F   2/46        20060101CLI20051220RMJP        </classification-ipcr>
        <classification-ipcr status="new">A61L  27/00        20060101ALI20051220RMJP        </classification-ipcr>
        <classification-ipcr status="new">A61L  27/00        20060101CLI20051220RMJP        </classification-ipcr>
        <classification-ipcr status="new">A61L  31/02        20060101A I20051008RMEP        </classification-ipcr>
        <classification-ipcr status="new">A61L  31/02        20060101C I20051008RMEP        </classification-ipcr>
        <classification-ipcr status="new">A61L  31/08        20060101A I20051008RMEP        </classification-ipcr>
        <classification-ipcr status="new">A61L  31/08        20060101C I20051008RMEP        </classification-ipcr>
      </classifications-ipcr>
      <classification-ecla status="new">
        <classification-symbol scheme="EC">A61B  17/72E</classification-symbol>
        <classification-symbol scheme="EC">A61B  17/72E4</classification-symbol>
        <classification-symbol scheme="EC">A61L  31/02B</classification-symbol>
        <classification-symbol scheme="EC">A61L  31/08B2</classification-symbol>
        <classification-symbol scheme="ICO">K61B17:00S8</classification-symbol>
        <classification-symbol scheme="ICO">K61B17:60</classification-symbol>
        <classification-symbol scheme="ICO">K61B17:72</classification-symbol>
        <classification-symbol scheme="ICO">K61B17:74</classification-symbol>
        <classification-symbol scheme="ICO">K61B17:78</classification-symbol>
        <classification-symbol scheme="ICO">K61B17:86M</classification-symbol>
        <classification-symbol scheme="ICO">K61F2:00A2A</classification-symbol>
        <classification-symbol scheme="ICO">K61F2:00A2E</classification-symbol>
        <classification-symbol scheme="ICO">K61F2:00A2F</classification-symbol>
        <classification-symbol scheme="ICO">K61F2:00L22</classification-symbol>
        <classification-symbol scheme="ICO">K61F2:00L22A2</classification-symbol>
        <classification-symbol scheme="ICO">K61F2:30L</classification-symbol>
        <classification-symbol scheme="ICO">K61F2:30L3</classification-symbol>
        <classification-symbol scheme="ICO">K61F2:30M12</classification-symbol>
        <classification-symbol scheme="ICO">K61F2:30M13</classification-symbol>
      </classification-ecla>
      <invention-title load-source="ep" status="new" lang="DE">Osteosynthesehilfsmittel aus einer Stahl-, Cobalt- und/oder Titanlegierung</invention-title>
      <invention-title load-source="ep" status="new" lang="EN">Osteosynthetic device of steel, cobalt and/or titanium alloy</invention-title>
      <invention-title load-source="ep" status="new" lang="FR">Dispositif d'ostéosynthèse en alliage d' acier, de cobalt et/ou de titane</invention-title>
    </technical-data>
    <parties>
      <applicants>
        <applicant status="new" format="epo">
          <addressbook>
            <name>STRYKER TRAUMA GMBH</name>
            <address>
              <country>DE</country>
            </address>
          </addressbook>
        </applicant>
        <applicant status="new" format="intermediate">
          <addressbook>
            <name>STRYKER TRAUMA GMBH</name>
          </addressbook>
        </applicant>
        <applicant status="new" format="original">
          <addressbook>
            <last-name>Stryker Trauma GmbH</last-name>
            <address>
              <street>Prof.-Küntscher-Str.1-5</street>
              <city>24232 Schönkirchen</city>
              <country>DE</country>
            </address>
          </addressbook>
        </applicant>
      </applicants>
      <inventors>
        <inventor status="new" format="epo">
          <addressbook>
            <name>OLDENBURG GEERT VON</name>
            <address>
              <country>DE</country>
            </address>
          </addressbook>
        </inventor>
        <inventor status="new" format="epo">
          <addressbook>
            <name>SPEITLING ANDREAS DR</name>
            <address>
              <country>DE</country>
            </address>
          </addressbook>
        </inventor>
        <inventor status="new" format="intermediate">
          <addressbook>
            <name>OLDENBURG, GEERT VON</name>
          </addressbook>
        </inventor>
        <inventor status="new" format="intermediate">
          <addressbook>
            <name>SPEITLING, ANDREAS, DR.</name>
          </addressbook>
        </inventor>
        <inventor status="new" format="original">
          <addressbook>
            <last-name>OLDENBURG, GEERT VON</last-name>
            <address>
              <street>Holtenauer Strasse 170</street>
              <city>24105 Kiel</city>
              <country>DE</country>
            </address>
          </addressbook>
        </inventor>
        <inventor status="new" format="original">
          <addressbook>
            <last-name>SPEITLING, ANDREAS, DR.</last-name>
            <address>
              <street>Oppendorfer Weg 36</street>
              <city>24149 Kiel</city>
              <country>DE</country>
            </address>
          </addressbook>
        </inventor>
      </inventors>
      <agents>
        <agent status="new" format="original">
          <addressbook>
            <last-name>Dipl.-Ing. H. Hauck, Dipl.-Ing. E. Graalfs, Dipl.-Ing. W. Wehnert, Dr.-Ing. W. Döring, Dr.-Ing. N. Siemons</last-name>
            <address>
              <street>Neuer Wall 41</street>
              <city>20354 Hamburg</city>
              <country>DE</country>
            </address>
          </addressbook>
        </agent>
      </agents>
    </parties>
    <international-convention-data>
      <designated-states>
        <ep-contracting-states>
          <country>CH</country>
          <country>DE</country>
          <country>ES</country>
          <country>FR</country>
          <country>GB</country>
          <country>IT</country>
          <country>LI</country>
        </ep-contracting-states>
      </designated-states>
    </international-convention-data>
  </bibliographic-data>
  <abstract load-source="ep" status="new" lang="DE">
    <p>Osteosynthesehilfsmittel aus einer Stahl-, Cobalt- und/oder Titanlegierung, wobei in
einem Abschnitt, der im eingesetzten Zustand in Berührung mit Knochengewebe
oder mit Metall steht, die Oberfläche modifiziert ist derart, daß Korrosion und
Abrieb verringert bzw. verhindert werden.
<img id="img-00000001" orientation="unknown" wi="82" img-format="tif" img-content="ad" file="00000001.tif" inline="no" he="123"/></p>
  </abstract>
  <abstract load-source="docdb" source="EPO" status="new" lang="EN">
    <p>An osteo-pin bone-implant has a core of steel, cobalt or titanium alloy, part of which comes into contact with bone tissue or other metals. The contact surface is modified to minimize corrosion and abrasion by a coating of a substance applied by physical vapor deposition or chemical vapor deposition.</p>
  </abstract>
  <description load-source="ep" status="new" lang="DE">
    <p num="0001">Die Erfindung betrifft ein Osteosynthesehilfsmittel aus einer Stahl-, Cobalt-
und/oder Titanlegierung.</p>
    <p num="0002">Osteosynthesehilfsmittel in Form von Implantaten der Traumatologie und Endoprothetik
sind hinreichend bekannt, ebenso wie Fixateur Externe. Die eingesetzten
Implantate sind im Körper des Patienten Korrosion, Reibung und Verschleiß ausgesetzt.
Die Korrosions- und Verschleißschäden treten dabei insbesondere zwischen
einzelnen Implantat-Komponenten auf, die in ihren Kontaktbereichen Mikrobewegungen
gegeneinander ausführen können. Ebenfalls treten Korrosions- und
Verschleißschäden im Kontaktbereich zwischen Implantat und Knochen durch
Mikrobewegungen und aufgrund von an dem Knochen angreifenden Belastungen
auf.</p>
    <p num="0003">Diese Schäden an den eingesetzten Osteosynthesehilfsmitteln führen bei der
Behandlung des Patienten dazu, daß metallische Ionen aus den Implantatbauteilen
ins angrenzende Gewebe freigesetzt werden. Diese Ionen können teilweise für den
Körper unverträgliche Eigenschaften besitzen und somit zu toxischen Körperreaktionen,
Entzündungen, Knochenrückbildung, Heilungsstörung und ähnlichem
führen. Ebenfalls können durch diese Funktionsstörungen des Implantats, Korrosions-
und Verschleißschäden auftreten, die beispielsweise zu einer Reibkraftzunahme
und Verklemmung zwischen zwei beweglichen Bauteilen des Implantats
führen. Korrosions- und Verschleißschäden führen auch zur Verringerung der
statischen und im besonderen Maße der dynamischen Festigkeit.</p>
    <p num="0004">Der Erfindung liegt die Aufgabe zugrunde ein Osteosynthesehilfsmittel bereitzustellen,
bei dem auftretende Korrosion, Abrieb und Verschleiß verringert bzw. 
verhindert wird. Ebenso liegt der Erfindung die Aufgabe zugrunde, die Funktionalität
eines Osteosynthesehilfsmittels mit Hilfe von Reibkräften zu erhöhen.</p>
    <p num="0005">Erfindungsgemäß wird die Aufgabe durch ein Osteosynthesehilfsmittel mit den
Merkmalen aus Anspruch 1 gelöst. Das Osteosynthesehilfsmittel besitzt einen
Abschnitt, der im eingesetzten Zustand in Berührung mit Knochengewebe oder
Metall steht. Erfindungsgemäß ist die Oberfläche mindestens in diesem Bereich derart
modifiziert, daß Korrosion und Abrieb verringert bzw. verhindert werden. Der
Erfindung liegt die Erkenntnis zugrunde, daß bereits durch eine Modifikation der
Implantatoberfläche Korrosion und Abrieb sich verringern bzw. verhindern lassen.
Auch liegt der Erfindung die Erkenntnis zugrunde, daß eine Oberflächenmodifikation
nicht für das gesamte Osteosynthesehilfsmittel erfolgen muß, sondern
bereits die Oberflächenmodifikation in dem Abschnitt ausreicht, der im eingesetzten
Zustand Abrieb und Korrosion ausgesetzt ist.</p>
    <p num="0006">In einer ersten bevorzugten Ausgestaltung der Oberflächenmodifikation wird der
Abschnitt des Osteosynthesehilfsmittels durch eine Beschichtung modifiziert. In
einer Ausgestaltung wird die Beschichtung durch PVD (physical vapour deposition)
oder CVD (chemical vapour deposition) aufgebracht. Bevorzugt sind hier DLC-Schichten
(Diamond like carbon) und deren Untergruppen, insbesondere Schichten
vom Typ MeC/CH, also beispielsweise Schichten mit den Bestandteilen Tantal,
Kohlenstoff und Wasserstoff (TaC/CH).</p>
    <p num="0007">In einer weiteren Ausgestaltung des erfindungsgemäßen Osteosynthesehilfsmittels
ist der modifizierte Abschnitt durch ein Diffusionsverfahren gehärtet. Das Diffusionsverfahren
kann zusätzlich zu der Beschichtung verwendet werden. Bevorzugt
wird durch das Diffusionsverfahren bei einer Titanlegierung Stickstoff oder Sauerstoff, 
z. B. ODH-Verfahren, und bei einer Stahllegierung Kohlenstoff, z. B. Kolsterieren,
in den zu härtenden Abschnitt eingebracht.</p>
    <p num="0008">Eine weitere Ausgestaltung der Oberflächenmodifikation bei dem erfindungsgemäßen
Osteosynthesehilfsmittel sieht die Verwendung eines Anodisierverfahrens
vor. Das Anodisierverfahren kann insbesondere zu einer Anodisation vom Typ II
oder vom Typ III durch eine elektrolytische Behandlung führen. Üblicherweise wird
die elektrolytische Behandlung in speziellen dafür vorgesehenen Bädern durchgeführt.
Ein solches Verfahren ist beispielsweise das als Dotize bezeichnete Verfahren
der Firma DOT. Das Anodisierverfahren kann ebenfalls in Kombination mit anderen
oben genannten Verfahren eingesetzt werden, um eine ausreichende Oberflächenmodifikation
zu erzielen.</p>
    <p num="0009">In einer anderen Ausgestaltung des erfindungsgemäßen Osteosynthesehilfsmittels ist
der Abschnitt durch spanende oder spanlose, formgebende Bearbeitungsverfahren
modifiziert. Solche Bearbeitungsverfahren können die Verfahrensschritte des Glas-
und/oder Sandstrahlens aufweisen. Auch ist es möglich, verschiedene Strahlvorgänge
mit Glas-, Metall- oder Keramikkugeln unterschiedlicher Größe und mit
unterschiedlichen Strahlparametern durchzuführen. Auch kann das Bearbeitungsverfahren
die Arbeitsschritte des Gleitschleifens aufweisen. Ferner ist es möglich,
durch mechanisches Polieren und/oder Elektropolieren die Oberfläche in besonderem
Maße zu glätten.</p>
    <p num="0010">In einer besonders bevorzugten Weiterführung der Erfindung ist als Osteosynthesehilfsmittel
ein intramedullärer Nagel vorgesehen, der im eingesetzten Zustand mit
Hilfe von einer oder mehreren Verriegelungsschrauben im Knochen fixiert ist.
Erfindungsgemäß ist der intramedulläre Nagel und/oder die Verriegelungsschraube
in ihrem jeweiligen Kontaktbereich mit einer modifizierten Oberfläche versehen. </p>
    <p num="0011">Hierdurch wird erzielt, daß bei einem Aneinanderreiben von intramedullärem Nagel
und Verriegelungsschraube es nicht zu Korrosion und Verschleiß der beiden Komponenten
kommt.</p>
    <p num="0012">In einer weiteren bevorzugten Ausgestaltung ist als Osteosynthesehilfsmittel ein
intramedullärer Nagel vorgesehen, der im eingesetzten Zustand eine Schenkelhalsschraube
aufnimmt. Erfindungsgemäß sind der intramedulläre Nagel und/oder die
Schenkelhalsschraube in ihrem jeweiligen Kontaktbereich mit einer modifizierten
Oberfläche versehen.</p>
    <p num="0013">In einer weiteren Ausgestaltung des erfindungsgemäßen Osteosynthesehilfsmittels
ist als Implantat ein intramedullärer Nagel vorgesehen, dessen Oberfläche im Kontaktbereich
mit dem Knochen modifiziert ist.</p>
    <p num="0014">In einer weiteren Ausgestaltung ist als Osteosynthesehilfsmittel eine Hüftplatte vorgesehen,
die mit einer Schenkelhalsschraube und/oder Verriegelungsschrauben am
Knochen gehalten ist, wobei die Hüftplatte und/oder die Schenkelhalsschraube
sowie die Verriegelungsschraube in ihren jeweiligen Kontaktbereichen eine modifizierte
Oberfläche ausweisen.</p>
    <p num="0015">Die Hüftplatte kann zusätzlich zu der oben genannten modifizierten Oberfläche eine
modifizierte Oberfläche in dem mit Knochengewebe in Kontakt stehenden Bereich
aufweisen.</p>
    <p num="0016">Die erfindungsgemäße Aufgabe wird ebenfalls durch ein Osteosynthesehilfsmittel
aus einer Stahl-, Cobalt- und/oder Titanlegierung gelöst, das die Merkmale aus
Anspruch 20 aufweist. </p>
    <p num="0017">Als Osteosynthesehilfsmittel ist hier ein Fixateur Externe mit mindestens einem
Knochen-Pin, einer Konstruktionsstange und einer Klemmvorrichtung zur Klemmung
von Knochen-Pin und Konstruktionsstange vorgesehen, wobei im Klemmbereich
eine modifizierte Oberfläche vorgesehen ist derart, daß die Reibung
zwischen Klemmeinrichtung und Knochen-Pin sowie Konstruktionsstange erhöht
ist. Hierdurch wird erzielt, daß durch die Klemmeinrichtung die Konstruktionsstange
sowie der Knochen-Pin sicher gehalten sind und nicht die Gefahr eines Durchrutschens
besteht.</p>
    <p num="0018">Vorteilhafte Ausführungsformen des erfindungsgemäßen Osteosynthesehilfsmittels
werden nachfolgend mit Bezug auf die Figuren näher erläutert.</p>
    <p num="0019">Es zeigt:
<dl tsize="6"><dt>Fig. 1</dt><dd>einen intramedullären Nagel mit einer Schenkelhalsschraube und Verriegelungsschrauben,</dd><dt>Fig. 2</dt><dd>eine schematische Ansicht einer Hüftplatte mit Verriegelungsschrauben und
einer Schenkelhalsschraube,</dd><dt>Fig. 3</dt><dd>eine schematische Ansicht eines intramedullären Nagels mit einer Schenkelhalsschraube
und</dd><dt>Fig. 4</dt><dd>einen Fixateur Externe mit einem Knochen-Pin und einer Konstruktionsstange.</dd></dl></p>
    <p num="0020">Fig. 1 zeigt eine schematische Ansicht eines intramedullären Nagels 10. Der intramedulläre
Nagel besitzt an seinem distalen Ende zwei quer zur Längsachse sich 
erstreckende Bohrungen 12. An seinem proximalen Ende besitzt der intramedulläre
Nagel 10 eine quer zur Längsachse verlaufende Bohrung 14. In die Bohrung 14 eingesetzt
ist eine Schenkelhalsschraube 16. Der Kontaktbereich zwischen Bohrung 14
und Schenkelhalsschraube 16 besitzt eine modifizierte Oberfläche, die zu einer
Verminderung der Schäden aufgrund einer Bewegung von Schenkelhalsschraube
gegenüber dem intramedullären Nagel führt. Die Oberflächenmodifikation ist
sowohl an der Schenkelhalsschraube 16 als auch auf der Innenfläche der Bohrung 14
vorgesehen, jedoch kann diese auch ausschließlich an dem intramedullären Nagel
oder ausschließlich an der Schenkelhalsschraube vorgenommen sein.</p>
    <p num="0021">Die Bohrung 12 für die Verriegelungsschrauben 18 sind ebenfalls mit einer modifizierten
Oberfläche ausgestattet, um einen Verschleiß oder Abrieb von Material zu
verhindern. Auch hierbei können ebenfalls die Verriegelungsschrauben 18 mit einer
modifizierten Oberfläche ausgestattet sein.</p>
    <p num="0022">Für die Oberflächenmodifikation kann die vorteilhafte Wirkung der Erfindung
erzielt werden, sowohl durch eine Oberflächenbeschichtung als auch durch eine
Oberflächenhärtung. Beide Oberflächenmodifikationen für sich genommen oder in
der Kombination sorgen dafür, daß insbesondere auch bei einer längeren Verweildauer
des intramedullären Nagels im Knochen keine metallischen Ionen in den Körper
freigesetzt werden und der verwendete Nagel nicht an seiner statischen und vor
allem nicht an seiner dynamischen Festigkeit verliert.</p>
    <p num="0023">Fig. 2 zeigt die schematische Ansicht einer Hüftplatte 20. Die Hüftplatte 20 besitzt
Bohrungen zur Aufnahme von Verriegelungsschrauben 22. Im eingesetzten Zustand
liegt die Hüftplatte 20 an dem Knochen 24 an. Die Hüftplatte dient zusätzlich zur
Befestigung einer Schenkelhalsschraube 26, die einen Schenkelhalsbruch fixiert.
Auch bei der Verwendung der Hüftplatte 20 entsteht durch Bewegung und 
Belastung des Knochens 24 Reibung zwischen der Schenkelhalsschraube 26, der
Verriegelungsschraube 22 und dem Knochenmaterial 24 gegenüber der Hüftplatte
20. So besteht ein Flächenkontakt von der Schenkelhalsschraube zu der Hüftplatte,
wobei beide aufeinander gleiten können, was zum Auftreten von Reibung, Verschleiß
und Korrosion führt. Ebenso führen die Verriegelungsschrauben 22 in den
Bohrungen der Hüftplatte 20 Mikrobewegungen aus, die zum Auftreten von Verschleiß
und Korrosion führen. Hinzu kommen die Mikrobewegungen zwischen der
Hüftplatte und dem Knochen, die möglicherweise zur Freisetzung von Metallionen
führen. Durch die Oberflächenmodifikation der Hüftplatte kann dies wirkungsvoll
vermindert bzw. verhindert werden.</p>
    <p num="0024">Fig. 3 zeigt eine schematische Ansicht eines intramedullären Nagels 28 mit einer
Schenkelhalsschraube 30 und zwei Verriegelungsschrauben 32. Der intramedulläre
Nagel 34 ist in dem in Fig. 3 dargestellten Ausführungsbeispiel entlang seiner
Außenfläche 36, die in Kontakt mit dem Knochengewebe 38 steht, modifiziert. Dies
ist insbesondere vorteilhaft bei einem Bruch 40, dessen Bruchlinie in Höhe des
Schaftes des intramedullären Nagels verläuft. Durch die modifizierte Oberfläche 36
kann eine Schädigung des Knochengewebes 38 wirkungsvoll vermindert bzw. verhindert
werden.</p>
    <p num="0025">Fig. 4 zeigt eine schematische Ansicht eines Fixateur Externe. Der Fixateur Externe
besitzt eine Klemme 50, mit zwei Öffnungen zur Aufnahme eines Knochen-Pins 52
und einer Konstruktionsstange 54. Die Klemme ist entlang der durch den Doppelpfeil
A gekennzeichneten Richtung drehbar. Knochen-Pin 52 und Konstruktionsstange
54 sind jeweils sowohl in Längsrichtung beweglich als auch um ihre Längsachse
drehbar in der Klemme 50 angeordnet. Durch Anziehen der Klemme mit Hilfe
der Schraube 56 wird die Position von Knochen-Pin 53 und Konstruktionsstange 54
festgelegt. Um eine möglichst große Reibkraft zwischen den Elementen zu erzielen 
und damit eine erhöhte Sicherheit gegen ein Durchrutschen der Konstruktionsstange
bzw. des Knochen-Pins durch die Klemme zu erzielen, sind Klemme 50, Knochen-Pin
52 und Konstruktionsstange 54 in ihren Berührbereichen mit einer modifizierten
Oberfläche versehen. Ebenfalls könnten Klemme, Knochen-Pin und Konstruktionsstange
auch jeweils für sich mit einer modifizierten Oberfläche versehen sein.
Die modifizierte Oberfläche erhöht die Reibung, so daß die Klemmkraft der
Klemme 50 vergrößert ist.</p>
  </description>
  <claims load-source="ep" status="new" lang="DE">
    <claim num="1">
      <claim-text>Osteosynthesehilfsmittel aus einer Stahl-, Cobalt- und/oder Titanlegierung,
dadurch gekennzeichnet, daß in einem Abschnitt, der im eingesetzten Zustand in
Berührung mit Knochengewebe oder mit Metall steht, die Oberfläche modifiziert
ist derart, daß Korrosion und Abrieb verringert bzw. verhindert werden.</claim-text>
    </claim>
    <claim num="2">
      <claim-text>Osteosynthesehilfsmittel nach Anspruch 1, dadurch gekennzeichnet, daß der
Abschnitt mit Hilfe einer Beschichtung modifiziert ist.</claim-text>
    </claim>
    <claim num="3">
      <claim-text>Osteosynthesehilfsmittel nach Anspruch 2, dadurch gekennzeichnet, daß die
Beschichtung durch PVD (physical vapour deposition) oder CVD (chemical
vapour deposition) aufgebracht ist.</claim-text>
    </claim>
    <claim num="4">
      <claim-text>Osteosynthesehilfsmittel nach Anspruch 2 oder 3, dadurch gekennzeichnet, daß
die Beschichtung als DLC-Schicht (Diamond like carbon) aufgebracht ist.</claim-text>
    </claim>
    <claim num="5">
      <claim-text>Osteosynthesehilfsmittel nach Anspruch 4, dadurch gekennzeichnet, daß die
DLC-Schicht den Typ MeC:CH besitzt, bevorzugt mit den Bestandteilen Tantal,
Kohlenstoff und Wasserstoff (TaC/CH).</claim-text>
    </claim>
    <claim num="6">
      <claim-text>Osteosynthesehilfsmittel nach einem der Ansprüche 1 bis 5, dadurch gekennzeichnet,
daß der Abschnitt durch ein Diffüsionsverfahren gehärtet ist.</claim-text>
    </claim>
    <claim num="7">
      <claim-text>Osteosynthesehilfsmittel nach Anspruch 6, dadurch gekennzeichnet, daß das
Diffusionsverfahren bei einer Titanlegierung Stickstoff oder Sauerstoff und bei
einer Stahllegierung Kohlenstoff in den Abschnitt einträgt.</claim-text>
    </claim>
    <claim num="8">
      <claim-text>Osteosynthesehilfsmittel nach einem der Ansprüche 1 bis 7, dadurch gekennzeichnet,
daß der Abschnitt durch Oberflächenhärtung und -beschichtung mit
Hilfe eines Anodisierverfahrens modifiziert ist.</claim-text>
    </claim>
    <claim num="9">
      <claim-text>Osteosynthesehilfsmittel nach Anspruch 8, dadurch gekennzeichnet, daß das
Anodisierverfahren eine Anodisation von Typ II oder vom Typ III durch
elektrolytische Behandlung erzielt.</claim-text>
    </claim>
    <claim num="10">
      <claim-text>Osteosynthesehilfsmittel nach einem der Ansprüche 1 bis 9, dadurch gekennzeichnet,
daß der Abschnitt durch spanende oder spanlose, formgebende Bearbeitungsverfahren
modifiziert ist.</claim-text>
    </claim>
    <claim num="11">
      <claim-text>Osteosynthesehilfsmittel nach Anspruch 10, dadurch gekennzeichnet, daß das
Bearbeitungsverfahren den Arbeitsschritt des Glas- und/oder Sandstrahlens aufweist.</claim-text>
    </claim>
    <claim num="12">
      <claim-text>Osteosynthesehilfsmittel nach Anspruch 10 oder 11, dadurch gekennzeichnet,
daß das Bearbeitungsverfahren den Arbeitsschritt des Schleifens, insbesondere
des Gleitschleifens, aufweist.</claim-text>
    </claim>
    <claim num="13">
      <claim-text>Osteosynthesehilfsmittel nach Anspruch 11 oder 12, dadurch gekennzeichnet,
daß das Bearbeitungsverfahren den Arbeitsschritt des mechanischen Polierens
und/oder des Elektropolieren aufweist.</claim-text>
    </claim>
    <claim num="14">
      <claim-text>Osteosynthesehilfsmittel nach einem der Ansprüche 1 bis 13, dadurch gekennzeichnet,
daß als Osteosynthesehilfsmittel ein intramedullärer Nagel und eine
oder mehrere Verriegelungsschrauben vorgesehen sind, die in ihrem jeweiligen
Kontaktbereich eine modifizierte Oberfläche aufweisen.</claim-text>
    </claim>
    <claim num="15">
      <claim-text>Osteosynthesehilfsmittel nach einem der Ansprüche 1 bis 14, dadurch gekennzeichnet,
daß als Osteosynthesehilfsmittel ein intramedullärer Nagel und eine
Schenkelhalsschraube vorgesehen sind, die in ihrem jeweiligen Kontaktbereich
die modifizierte Oberfläche aufweisen.</claim-text>
    </claim>
    <claim num="16">
      <claim-text>Osteosynthesehilfsmittel nach einem der Ansprüche 1 bis 15, dadurch gekennzeichnet,
daß als Osteosynthesehilfsmittel ein intramedullärer Nagel vorgesehen
ist, der im Kontaktbereich zu dem Knochengewebe eine modifizierte Oberfläche
aufweist.</claim-text>
    </claim>
    <claim num="17">
      <claim-text>Osteosynthesehilfsmittel nach einem der Ansprüche 1 bis 13, dadurch gekennzeichnet,
daß als Osteosynthesehilfsmittel eine Hüftplatte und eine Schenkelhalsschraube
vorgesehen sind, die in ihrem jeweiligen Kontaktbereich eine
modifizierte Oberfläche aufweisen.</claim-text>
    </claim>
    <claim num="18">
      <claim-text>Osteosynthesehilfsmittel nach einem der Ansprüche 1 bis 13 oder nach
Anspruch 17, dadurch gekennzeichnet, daß als Osteosynthesehilfsmittel eine
Hüftplatte und eine oder mehrere Verriegelungsschrauben vorgesehen sind, die
in ihren jeweiligen Kontaktbereichen eine modifizierte Oberfläche aufweisen.</claim-text>
    </claim>
    <claim num="19">
      <claim-text>Osteosynthesehilfsmittel nach Anspruch 17 oder 18, dadurch gekennzeichnet,
daß als Osteosynthesehilfsmittel eine Hüftplatte vorgesehen ist, die im Kontaktbereich
mit dem Knochen eine modifizierte Oberfläche aufweist.</claim-text>
    </claim>
    <claim num="20">
      <claim-text>Osteosynthesehilfsmittel aus einer Stahl- und/oder Titanlegierung, dadurch
gekennzeichnet, daß als Osteosynthesehilfsmittel einen Fixateur Externe mit
mindestens einem Knochen-Pin, einer Konstruktionsstange und einer Klemmvorrichtung
vorgesehen ist, dadurch gekennzeichnet, daß die Klemmeinrichtung
und/oder der Knochen-Pin sowie die Konstruktionsstange in ihren jeweiligen
Kontaktbereichen eine modifizierte Oberfläche aufweist derart, daß die Reibung
zwischen Klemmeinrichtung und Knochen-Pin sowie Konstruktionsstange
erhöht ist.</claim-text>
    </claim>
  </claims>
  <copyright>User acknowledges that the Information Retrieval Facility (IRF) and its third party providers retain all right, title and interest in and to this xml under applicable copyright laws. User acquires no ownership rights to this xml including but not limited to its format. User hereby accepts the terms and conditions of the Licence Agreement set forth at http://www.ir-facility.org/legal/marec/data_licence</copyright>
</patent-document>
