<?xml version="1.0" encoding="utf-8"?>
<!DOCTYPE patent-document PUBLIC "-//MXW//DTD patent-document XML//EN" "http://www.ir-facility.org/dtds/patents/v1.4/patent-document.dtd">
<patent-document ucid="EP-1253340-A2" country="EP" doc-number="1253340" kind="A2" lang="DE" family-id="7682654" status="new" date-produced="20090516" date="20021030">
  <bibliographic-data>
    <publication-reference ucid="EP-1253340-A2" status="new" fvid="23586870">
      <document-id status="new" format="original">
        <country>EP</country>
        <doc-number>1253340</doc-number>
        <kind>A2</kind>
        <date>20021030</date>
      </document-id>
    </publication-reference>
    <application-reference ucid="EP-02005557-A" status="new" is-representative="NO">
      <document-id status="new" format="epo">
        <country>EP</country>
        <doc-number>02005557</doc-number>
        <kind>A</kind>
        <date>20020312</date>
      </document-id>
    </application-reference>
    <priority-claims status="new">
      <priority-claim ucid="DE-10120228-A" status="new">
        <document-id status="new" format="epo">
          <country>DE</country>
          <doc-number>10120228</doc-number>
          <kind>A</kind>
          <date>20010425</date>
        </document-id>
      </priority-claim>
    </priority-claims>
    <technical-data status="new">
      <classifications-ipcr>
        <classification-ipcr status="new">F16D  23/02        20060101C I20051008RMEP        </classification-ipcr>
        <classification-ipcr status="new">F16D  23/04        20060101A I20051008RMEP        </classification-ipcr>
      </classifications-ipcr>
      <classification-ecla status="new">
        <classification-symbol scheme="EC">F16D  23/04</classification-symbol>
      </classification-ecla>
      <invention-title load-source="ep" status="new" lang="DE">Nabe einer Schaltkupplung</invention-title>
      <invention-title load-source="ep" status="new" lang="EN">Clutch hub</invention-title>
      <invention-title load-source="ep" status="new" lang="FR">Moyeu d'embrayage</invention-title>
    </technical-data>
    <parties>
      <applicants>
        <applicant status="new" format="epo">
          <addressbook>
            <name>INA SCHAEFFLER KG</name>
            <address>
              <country>DE</country>
            </address>
          </addressbook>
        </applicant>
        <applicant status="new" format="intermediate">
          <addressbook>
            <name>INA- SCHAEFFLER KG</name>
          </addressbook>
        </applicant>
        <applicant status="new" format="original">
          <addressbook>
            <last-name>INA- Schaeffler KG</last-name>
            <address>
              <street>Industriestrasse 1 - 3</street>
              <city>91074 Herzogenaurach</city>
              <country>DE</country>
            </address>
          </addressbook>
        </applicant>
      </applicants>
      <inventors>
        <inventor status="new" format="epo">
          <addressbook>
            <name>BUER GERALD</name>
            <address>
              <country>DE</country>
            </address>
          </addressbook>
        </inventor>
        <inventor status="new" format="epo">
          <addressbook>
            <name>MARTIN REINER</name>
            <address>
              <country>DE</country>
            </address>
          </addressbook>
        </inventor>
        <inventor status="new" format="epo">
          <addressbook>
            <name>ROECKELEIN ERNST</name>
            <address>
              <country>DE</country>
            </address>
          </addressbook>
        </inventor>
        <inventor status="new" format="intermediate">
          <addressbook>
            <name>BUER, GERALD</name>
          </addressbook>
        </inventor>
        <inventor status="new" format="intermediate">
          <addressbook>
            <name>MARTIN, REINER</name>
          </addressbook>
        </inventor>
        <inventor status="new" format="intermediate">
          <addressbook>
            <name>ROECKELEIN, ERNST</name>
          </addressbook>
        </inventor>
        <inventor status="new" format="original">
          <addressbook>
            <last-name>BUER, GERALD</last-name>
            <address>
              <street>Bamberger Strasse 32</street>
              <city>96172 Mühlhausen</city>
              <country>DE</country>
            </address>
          </addressbook>
        </inventor>
        <inventor status="new" format="original">
          <addressbook>
            <last-name>MARTIN, REINER</last-name>
            <address>
              <street>Bodenäcker 17</street>
              <city>96178 Pommersfelden</city>
              <country>DE</country>
            </address>
          </addressbook>
        </inventor>
        <inventor status="new" format="original">
          <addressbook>
            <last-name>Röckelein, Ernst </last-name>
            <address>
              <street>Grasmannsdorfer Strasse 21</street>
              <city>96138 Burgebrach</city>
              <country>DE</country>
            </address>
          </addressbook>
        </inventor>
      </inventors>
    </parties>
    <international-convention-data>
      <designated-states>
        <ep-contracting-states>
          <country>AT</country>
          <country>BE</country>
          <country>CH</country>
          <country>CY</country>
          <country>DE</country>
          <country>DK</country>
          <country>ES</country>
          <country>FI</country>
          <country>FR</country>
          <country>GB</country>
          <country>GR</country>
          <country>IE</country>
          <country>IT</country>
          <country>LI</country>
          <country>LU</country>
          <country>MC</country>
          <country>NL</country>
          <country>PT</country>
          <country>SE</country>
          <country>TR</country>
        </ep-contracting-states>
      </designated-states>
    </international-convention-data>
  </bibliographic-data>
  <abstract load-source="ep" status="new" lang="DE">
    <p>Eine aus einem Blechformteil gebildete Nabe (1) mit einer inneren Verzahnung
(2) und einer äußeren Verzahnung (3) ist mit Stützelementen (7) versehen, die
die Stützbreite der Nabe (1) zu einer Schaltmuffe verbreitern.
<img id="img-00000001" orientation="unknown" wi="102" img-format="tif" img-content="ad" file="00000001.tif" inline="no" he="126"/></p>
  </abstract>
  <abstract load-source="docdb" source="EPO" status="new" lang="EN">
    <p>The hub (1) is made from at least one dish-shaped sheet molded part. It has internal teeth (2) to engage with a transmission shaft and external teeth (3) to engage with counter-teeth of a coupling sleeve. It has support elements (7, 8), which widen out the support width of the hub to that of the coupling sleeve.</p>
  </abstract>
  <description load-source="ep" status="new" lang="DE">
    <heading>
      <b>Gebiet der Erfindung</b>
    </heading>
    <p num="0001">Die Erfindung betrifft eine Nabe einer Schaltkupplung, die Nabe gebildet aus
wenigstens einem im Wesentlichen schalenförmig ausgebildeten Blechformteil
mit einer geformten inneren Verzahnung für den Eingriff in eine Getriebewelle
und einer äußeren Verzahnung für den Eingriff einer Gegenverzahnung an einer
Schaltmuffe auf der Nabe.</p>
    <heading>
      <b>Hintergrund der Erfindung</b>
    </heading>
    <p num="0002">Aus Blechformteilen gebildete Naben zeichnen sich insbesondere durch die
sparsame Verwendung von Material bei ihrer Herstellung und durch geringes
Gewicht aus. In US 4,131,032 A ist eine derartige Nabe beschrieben, die insbesondere
in unsynchronisierten oder synchronisierten Schaltkupplungen von
Fahrzeuggetrieben eingesetzt ist. Ein rotationssymmetrisch und schalenförmig
ausgebildetes Blechformteil ist innen und außen jeweils mit einer in Längsrichtung
der Nabe ausgerichteten Verzahnung versehen. Die innere Verzahnung ist 
an einem vom Boden des Napfes abgehenden, in Längsrichtung der Nabe weisenden
und konzentrisch zur äußeren Verzahnung angeordneten Bund ausgebildet.
Auf dem Bund sitzt eine Scheibe mit Z-förmigem Querschnitt, die außen
von der äußeren Verzahnung umgriffen ist. Die Scheibe ist an dem Blechformteil
verschweißt und erhöht die Festigkeit bzw. Steifigkeit der Nabe.</p>
    <p num="0003">Die Breite der Nabe und die Breite der Verzahnung sind abhängig von den Belastungen
an der Nabe während der Übertragung von Drehmomenten, wenn
die auf der Welle sitzende Nabe und ein Gangrad mit der Schaltmuffe verbunden
sind. Die Breite der Nabe ist jedoch auch durch die Schaltwege der
Schaltmuffe auf der Nabe bestimmt. Bei den häufiger auftretenden Schaltkupplungen
zwischen zwei wahlweise zu schaltenden Gangrädern sitzt die
Schaltmuffe aus einer ungeschalteten Mittelstellung in Längsrichtung nach links
und rechts schaltbar auf der Nabe. In der Mittelstellung sitzt die Schaltmuffe
damit durch die Breite der Verzahnung gut geführt und gestützt verkippsicher
auf der Nabe. Nach links oder rechts für eine wahlweise Verbindung mit einem
der Gangräder verschoben, trägt nur noch ein links oder rechts liegender Anteil
der Verzahnung an der Nabe die Schaltmuffe. Nur dieser Anteil überträgt dann
auch die Drehmomente.</p>
    <p num="0004">Weniger häufig sind Schaltkupplungen, mit denen nur zu einer Seite geschaltet
wird. Diese Schaltkupplungen dienen z. B. für das Schalten eines sogenannten
Overdrive oder für das Verbinden der Schaltwelle mit einem Rückwärtsgang. In
diesen Anwendungen sitzt die Schaltmuffe in einer von den Gangrädern gelösten
Ausgangsstellung gut geführt und gestützt auch auf einer in der Regel
die gesamte Breite der Nabe einnehmenden Verzahnung. Die Nabe muss dann
entsprechend breit ausgeführt sein um ein sicheres Führen und Abstützen der
Schaltmuffe in der Ausgangsstellung zu gewährleisten. Hierzu müssen überflüssig
viel Bauraum im Getriebe und das entsprechende Material für die Fertigung
der Nabe geopfert werden. Außerdem lassen sich an den spanlos gefertigten
Naben des Standes der Technik in Längsrichtung über die Stirnseite der
Nabe hinaus ausladende Konturen schwer verwirklichen. </p>
    <heading>
      <b>Zusammenfassung der Erfindung</b>
    </heading>
    <p num="0005">Die Aufgabe der Erfindung ist es daher, eine Nabe zu schaffen, mit der die vorgenannten
Nachteile vermieden werden.</p>
    <p num="0006">Die Aufgabe ist nach dem kennzeichnenden Teil des Anspruches dadurch gelöst,
dass die Nabe zumindest an einer Stirnseite der Nabe mit axial hervorstehenden
und an der Nabe sowie die Stützbreite der Nabe zur Schaltmuffe verbreiternden
Stützelementen versehen ist. Eine Nabe gemäß Erfindung muss
jetzt nur noch so breit gefertigt werden, wie es der tragende Anteil der Verzahnung
im eingerückten Zustand der Schaltmuffe erfordert. In der von dem Gangrad
gelösten Ausgangsstellung sitzt die Schaltmuffe zu der einen Längsseite
anteilig auf der Verzahnung, ragt über die Nabe hinaus und stützt sich ansonsten
an den Stützelementen ab. Dazu schließen sich die Stützelemente vorzugsweise
in axialer Richtung radial außenliegend an die äußere Verzahnung
an. Für ein sicheres Abstützen der Schaltmuffe an der Nabe sind bevorzugt drei
der Stützelemente in möglichst gleichmäßigen Abstand am Umfang der Nabe
angeordnet.</p>
    <p num="0007">Die Stützelemente sind vorzugsweise jeweils durch ein Formteil aus Stahl gebildet.
Derartige Formteile lassen sich, insbesondere in der Massenfertigung,
schnell und kostengünstig in den verschiedensten Formen ihrer Gestalt herstellen.</p>
    <p num="0008">So ist dann auch in einer bevorzugten Ausgestaltung der Erfindung vorgesehen,
dass das Stützelement ein U-förmiger Bügel aus Draht ist. Weiter ausgestaltet
sieht die Erfindung vor, dass die Schenkel des Bügels parallel zu der
Längsmittelachse der Nabe ausgerichtet sowie die freien Enden der Schenkel
eines Bügels mit dem gleichen Abstand von der Längsmittelachse der Nabe an
der Nabe verschweißt sind. Die Bügel ragen über die Stirnseite der Nabe hinaus
und verbreitern die Stützbreite der Nabe für den Sitz der Schaltmuffe in
ihrer Ausgangsstellung. Dabei sitzt die Schaltmuffe zumindest im nichtgeschalteten
Zustand vorzugsweise auf den Bügeln auf. </p>
    <p num="0009">In einer weiteren Ausgestaltung der Erfindung ist vorgesehen, dass zwischen
den Schenkeln eines Bügels in den Bügel eine zum Bügel hin offene Längsnut
der Nabe ausläuft. Die Längsnut verläuft radial nach außen offen und die Verzahnung
in Umfangsrichtung unterbrechend. Die Bügel sitzen mit jeweils einem
Schenkel an einer seitlichen Flanke der durch die Längsnut gebildeten Öffnung
an der Stirnseite der Nabe. Außer der Verbreiterung der Stützweite der Nabe
dienen die Bügel oder andere Stützelemente als axiale Wegbegrenzung einer
Längsnut in der Nabe. In einer derartigen Längsnut sind beispielsweise die
Druckstücke für den Vorsynchronisationsprozess einer synchronisierten Schaltkupplung
aufgenommen, wie auch eine Ausgestaltung der Erfindung vorsieht.</p>
    <heading>
      <b>Kurze Beschreibung der Zeichnungen</b>
    </heading>
    <p num="0010">Die Erfindung wird nachfolgend anhand von zwei Ausführungsbeispielen näher
erläutert. Es zeigen:
<dl tsize="7"><dt>Figur 1</dt><dd>ein Ausführungsbeispiel einer erfindungsgemäßen Nabe,</dd><dt>Figur 2</dt><dd>die Nabe nach Figur 1 in einem nicht maßstäblich dargestellten
Längsschnitt und</dd><dt>Figur 3</dt><dd>ein weiteres Ausführungsbeispiel einer erfindungsgemäßen
Nabe mit Druckstücken und einer Schaltmuffe, dargestellt
in einem Halbschnitt.</dd></dl></p>
    <heading>
      <b>Detaillierte Beschreibung der Zeichnungen</b>
    </heading>
    <p num="0011">Figur 1 und Figur 2 zeigen ein Ausführungsbeispiel einer erfindungsgemäßen
Nabe 1. Die Nabe 1 ist aus einem im Wesentlichen schalenförmig ausgebildeten
Blechformteil gebildet und weist eine radial nach innen weisende innere
Verzahnung 2 auf. Die innere Verzahnung 2 ist für den Eingriff in eine nicht
dargestellte Getriebewelle vorgesehen. An dem Blechformteil ist radial nach 
außen gerichtet eine äußere Verzahnung 3 für den Eingriff einer Gegenverzahnung
an einer nicht dargestellten Schaltmuffe vorgesehen. Der Boden des
schalenförmigen Blechformteiles bildet eine Wandung 4 der Nabe. Von der
Wandung 4 geht innen ein in Längsrichtung der Nabe 1 weisender und konzentrisch
zur äußeren Verzahnung 3 angeordneter Bund 5 ab. Am Innendurchmesser
des Bundes 5 ist die innere Verzahnung 2 ausgebildet. Auf dem
Bund 5 außen sitzt eine gestanzte und gekröpft geformte Scheibe 6. Die
Scheibe 6 bildet die andere Wand der Nabe 1. An der Stirnseite der Nabe 1 ist
die Nabe 1 mit axial hervorstehenden und an der Wand 4 der Nabe 1 befestigten
sowie die Stützbreite der Nabe 1 verbreiternden Stützelementen 7 versehen.
Es sind drei der Stützelemente 7 mit gleichmäßigem Abstand zueinander
am Umfang der Nabe 1 angeordnet. Die Stützelemente 7 schließen sich in axialer
Richtung an die äußere Verzahnung 3 an. Jedes der Stützelemente 7 ist
durch ein Formteil aus Stahl gebildet wobei das Formteil ein U-förmig ausgebildeter
Bügel aus Stahldraht ist. Die Schenkel 8a und 8b des Bügels 8 sind parallel
zu der Längsmittelachse 1a der Nabe ausgerichtet. Die freien Enden 8c
und 8d der Schenkel 8a und 8b sind mit dem gleichen Abstand von der Längsmittelachse
1a der Nabe 1 an der Wand 4 verschweißt. Zwischen den Schenkeln
8a und 8b eines jeden Bügels 8 läuft eine zum Bügel 8 hin offene Längsnut
9 aus. Die Längsnut 9 ist radial nach außen geöffnet.</p>
    <p num="0012">Figur 3 zeigt eine Nabe 10 mit einer inneren Verzahnung 11 und einer äußeren
Verzahnung 12. Die innere Verzahnung 11 ist an einem einteilig mit der Nabe
10 ausgebildeten konzentrisch zur Längsmittelachse 13 der Nabe 10 angeordneten
Bund 14 ausgebildet. Auf dem Bund 14 sitzt eine Scheibe 15. Die Scheibe
15 ist an dem Bund 14 und an der Nabe 10 verschweißt. In einer in Längsrichtung
durchgehenden Längsnut 19 sitzt ein in eine Richtung axial verschiebbares
Druckstück 16. Auf der äußeren Verzahnung 12 ist eine Schaltmuffe 17
längsverschiebbar angeordnet. Die Schaltmuffe 17 ist in ihrer Ausgangsstellung
dargestellt. Das Druckstück 16 liegt dabei axial zu einer Seite an einem Stützelement
18 an. Das Stützelement 18 ist stirnseitig an der Nabe 10 auf Höhe der
äußeren Verzahnung 12 befestigt. Das Stützelement 18 begrenzt die Nut 19 in 
axialer Richtung und begrenzt den Weg des Druckstücks 16 in eine axiale
Richtung. Die Schaltmuffe sitzt radial auf dem Stützelement 18 auf. </p>
    <heading>
      <b>Bezugszeichen</b>
    </heading>
    <p num="0013">
      <dl compact="compact" tsize="2">
        <dt>1</dt>
        <dd>Nabe</dd>
        <dt>1a</dt>
        <dd>Längsmittelachse</dd>
        <dt>2</dt>
        <dd>innere Verzahnung</dd>
        <dt>3</dt>
        <dd>äußere Verzahnung</dd>
        <dt>4</dt>
        <dd>Wandung</dd>
        <dt>5</dt>
        <dd>Bund</dd>
        <dt>6</dt>
        <dd>Scheibe</dd>
        <dt>7</dt>
        <dd>Stützelement</dd>
        <dt>8</dt>
        <dd>Bügel</dd>
        <dt>8a</dt>
        <dd>Schenkel</dd>
        <dt>8b</dt>
        <dd>Schenkel</dd>
        <dt>8c</dt>
        <dd>Ende</dd>
        <dt>8d</dt>
        <dd>Ende</dd>
        <dt>9</dt>
        <dd>Längsnut</dd>
        <dt>10</dt>
        <dd>Nabe</dd>
        <dt>11</dt>
        <dd>innere Verzahnung</dd>
        <dt>12</dt>
        <dd>äußere Verzahnung</dd>
        <dt>13</dt>
        <dd>Längsmittelachse</dd>
        <dt>14</dt>
        <dd>Bund</dd>
        <dt>15</dt>
        <dd>Scheibe</dd>
        <dt>16</dt>
        <dd>Druckstück</dd>
        <dt>17</dt>
        <dd>Schaltmuffe</dd>
        <dt>18</dt>
        <dd>Stützelement</dd>
        <dt>19</dt>
        <dd>Längsnut</dd>
      </dl>
    </p>
  </description>
  <claims load-source="ep" status="new" lang="DE">
    <claim num="1">
      <claim-text>Nabe (1, 10) einer Schaltkupplung, wobei die Nabe (1, 10) aus wenigstens
einem im Wesentlichen schalenförmig ausgebildeten Blechformteil
mit einer geformten inneren Verzahnung (2, 11) für den Eingriff in eine
Getriebewelle und mit einer äußeren Verzahnung (3, 12) für den Eingriff
einer Gegenverzahnung an einer Schaltmuffe (17) auf der Nabe (10) besteht,
dadurch gekennzeichnet, dass die Nabe (1, 10) zumindest an
einer Stirnseite mit axial hervorstehenden und an ihr befestigten sowie
die Stützbreite der Nabe (1, 10) in Bezug auf die Schaltmuffe (17) verbreiternden
Stützelementen (7, 18) versehen ist.</claim-text>
    </claim>
    <claim num="2">
      <claim-text>Nabe nach Anspruch 1, dadurch gekennzeichnet, dass jedes der
Stützelemente (7, 18) sich in axiale Richtung der äußeren Verzahnung
(3, 12) anschließt.</claim-text>
    </claim>
    <claim num="3">
      <claim-text>Nabe nach Anspruch 1 und 2, dadurch gekennzeichnet, dass jedes der
Stützelemente (7, 18) durch ein Formteil aus Stahl gebildet ist.</claim-text>
    </claim>
    <claim num="4">
      <claim-text>Nabe nach Anspruch 3, dadurch gekennzeichnet, dass das Stützelement
(7) ein U-förmig ausgebildeter Bügel (8) aus Draht ist.</claim-text>
    </claim>
    <claim num="5">
      <claim-text>Nabe nach Anspruch 4, dadurch gekennzeichnet, dass die Schenkel
(8a, 8b) des Bügels (8) parallel zu der Längsmittelachse der Nabe (1)
ausgerichtete sowie die freien Enden (8c) der Schenkel (8a, 8b) wenigstens
eines Bügels (8) mit dem gleichen Abstand von der Längsmittelachse
der Nabe (1) an der Nabe (1) verschweißt sind.</claim-text>
    </claim>
    <claim num="6">
      <claim-text>Nabe nach Anspruch 3, dadurch gekennzeichnet, dass die Schaltmuffe
(17) zumindest zeitweise auf dem Stützelement (18) aufsitzt.</claim-text>
    </claim>
    <claim num="7">
      <claim-text>Nabe nach Anspruch 5, dadurch gekennzeichnet, dass eine zum Bügel
(8) hin offene Längsnut (9) in der Nabe (10) zwischen den Schenkeln
(8a, 8b) wenigstens eines Bügels (8) in den Bügel (8) ausläuft.</claim-text>
    </claim>
    <claim num="8">
      <claim-text>Nabe nach Anspruch 3, dadurch gekennzeichnet, dass in eine Längsnut
(19) ein in Längsrichtung der Nabe (10) verschiebbares Druckstück
(16) einer synchronisierten Schaltkupplung aufgenommen ist und dass
das Stützelement (18) den Weg des Druckstückes (16) zumindest in axiale
Richtung begrenzt.</claim-text>
    </claim>
  </claims>
  <copyright>User acknowledges that the Information Retrieval Facility (IRF) and its third party providers retain all right, title and interest in and to this xml under applicable copyright laws. User acquires no ownership rights to this xml including but not limited to its format. User hereby accepts the terms and conditions of the Licence Agreement set forth at http://www.ir-facility.org/legal/marec/data_licence</copyright>
</patent-document>
