<?xml version="1.0" encoding="utf-8"?>
<!DOCTYPE patent-document PUBLIC "-//MXW//DTD patent-document XML//EN" "http://www.ir-facility.org/dtds/patents/v1.4/patent-document.dtd">
<patent-document ucid="EP-1263021-A1" country="EP" doc-number="1263021" kind="A1" lang="DE" family-id="7687044" status="new" date-produced="20090516" date="20021204">
  <bibliographic-data>
    <publication-reference ucid="EP-1263021-A1" status="new" fvid="23607050">
      <document-id status="new" format="original">
        <country>EP</country>
        <doc-number>1263021</doc-number>
        <kind>A1</kind>
        <date>20021204</date>
      </document-id>
    </publication-reference>
    <application-reference ucid="EP-02100572-A" status="new" is-representative="NO">
      <document-id status="new" format="epo">
        <country>EP</country>
        <doc-number>02100572</doc-number>
        <kind>A</kind>
        <date>20020529</date>
      </document-id>
    </application-reference>
    <priority-claims status="new">
      <priority-claim ucid="DE-10126958-A" status="new">
        <document-id status="new" format="epo">
          <country>DE</country>
          <doc-number>10126958</doc-number>
          <kind>A</kind>
          <date>20010601</date>
        </document-id>
      </priority-claim>
    </priority-claims>
    <technical-data status="new">
      <classifications-ipcr>
        <classification-ipcr status="new">G02F   1/13        20060101CFI20051220RMJP        </classification-ipcr>
        <classification-ipcr status="new">G02F   1/1335      20060101A I20070224RMEP        </classification-ipcr>
        <classification-ipcr status="new">G02F   1/13357     20060101AFI20051220RMJP        </classification-ipcr>
        <classification-ipcr status="new">G09F   9/35        20060101A I20070224RMEP        </classification-ipcr>
        <classification-ipcr status="new">G09F   9/35        20060101C I20070224RMEP        </classification-ipcr>
        <classification-ipcr status="new">H01J   1/00        20060101C I20070224RMEP        </classification-ipcr>
        <classification-ipcr status="new">H01J   1/62        20060101A I20070224RMEP        </classification-ipcr>
        <classification-ipcr status="new">H01J  61/02        20060101A I20070224RMEP        </classification-ipcr>
        <classification-ipcr status="new">H01J  61/02        20060101C I20070224RMEP        </classification-ipcr>
        <classification-ipcr status="new">H01J  61/067       20060101A I20070224RMEP        </classification-ipcr>
        <classification-ipcr status="new">H01J  61/067       20060101C I20070224RMEP        </classification-ipcr>
        <classification-ipcr status="new">H01J  65/00        20060101ALI20051220RMJP        </classification-ipcr>
        <classification-ipcr status="new">H01J  65/00        20060101CLI20051220RMJP        </classification-ipcr>
        <classification-ipcr status="new">H01J  65/04        20060101A I20060722RMEP        </classification-ipcr>
        <classification-ipcr status="new">H01J  65/04        20060101C I20060722RMEP        </classification-ipcr>
        <classification-ipcr status="new">H05B  33/00        20060101A I20070224RMEP        </classification-ipcr>
        <classification-ipcr status="new">H05B  33/00        20060101C I20070224RMEP        </classification-ipcr>
        <classification-ipcr status="new">H05B  41/00        20060101A I20070224RMEP        </classification-ipcr>
        <classification-ipcr status="new">H05B  41/00        20060101C I20070224RMEP        </classification-ipcr>
      </classifications-ipcr>
      <classification-ecla status="new">
        <classification-symbol scheme="EC">H01J  65/04A2</classification-symbol>
        <classification-symbol scheme="ICO">S02F1:13357</classification-symbol>
        <classification-symbol scheme="ICO">T01J261:067</classification-symbol>
        <classification-symbol scheme="ICO">T01J261:72</classification-symbol>
      </classification-ecla>
      <invention-title load-source="ep" status="new" lang="DE">Flüssigkristallbildschirm mit verbesserter Hintergrundbeleuchtung</invention-title>
      <invention-title load-source="ep" status="new" lang="EN">Liquid crystal display with improved backlight</invention-title>
      <invention-title load-source="ep" status="new" lang="FR">Affichage à cristaux liquides avec éclairage de fond amélioré</invention-title>
    </technical-data>
    <parties>
      <applicants>
        <applicant status="new" format="epo">
          <addressbook>
            <name>KONINKL PHILIPS ELECTRONICS NV</name>
            <address>
              <country>NL</country>
            </address>
          </addressbook>
        </applicant>
        <applicant status="new" format="epo">
          <addressbook>
            <name>PHILIPS CORP INTELLECTUAL PTY</name>
            <address>
              <country>DE</country>
            </address>
          </addressbook>
        </applicant>
        <applicant status="new" format="intermediate">
          <addressbook>
            <name>KONINKLIJKE PHILIPS ELECTRONICS N.V.</name>
          </addressbook>
        </applicant>
        <applicant status="new" format="intermediate">
          <addressbook>
            <name>PHILIPS INTELLECTUAL PROPERTY &amp; STANDARDS GMBH</name>
          </addressbook>
        </applicant>
        <applicant status="new" format="original">
          <addressbook>
            <last-name>Philips Corporate Intellectual Property GmbH</last-name>
            <address>
              <street/>
              <city>20099 Hamburg</city>
              <country>DE</country>
            </address>
          </addressbook>
        </applicant>
        <applicant status="new" format="original">
          <addressbook>
            <last-name>Philips Electronics N.V.</last-name>
            <address>
              <street>Groenewoudseweg 1</street>
              <city>5621 BA Eindhoven</city>
              <country>NL</country>
            </address>
          </addressbook>
        </applicant>
      </applicants>
      <inventors>
        <inventor status="new" format="epo">
          <addressbook>
            <name>ALBERTSEN KNUTH</name>
            <address>
              <country>DE</country>
            </address>
          </addressbook>
        </inventor>
        <inventor status="new" format="epo">
          <addressbook>
            <name>GROEN WILHELM-ALBERT</name>
            <address>
              <country>DE</country>
            </address>
          </addressbook>
        </inventor>
        <inventor status="new" format="epo">
          <addressbook>
            <name>RAUSENBERGER BERND</name>
            <address>
              <country>DE</country>
            </address>
          </addressbook>
        </inventor>
        <inventor status="new" format="intermediate">
          <addressbook>
            <name>ALBERTSEN, KNUTH</name>
          </addressbook>
        </inventor>
        <inventor status="new" format="intermediate">
          <addressbook>
            <name>GROEN, WILHELM-ALBERT</name>
          </addressbook>
        </inventor>
        <inventor status="new" format="intermediate">
          <addressbook>
            <name>RAUSENBERGER, BERND</name>
          </addressbook>
        </inventor>
        <inventor status="new" format="original">
          <addressbook>
            <last-name>Albertsen, Knuth c/o Philips Corporate</last-name>
            <address>
              <street>Intellectual Property GmbH Weisshausstrasse 2</street>
              <city>52066, Aachen</city>
              <country>DE</country>
            </address>
          </addressbook>
        </inventor>
        <inventor status="new" format="original">
          <addressbook>
            <last-name>Groen, Wilhelm-Albert c/o Philips Corporate</last-name>
            <address>
              <street>Intellectual Property GmbH Weisshausstrasse 2</street>
              <city>52066, Aachen</city>
              <country>DE</country>
            </address>
          </addressbook>
        </inventor>
        <inventor status="new" format="original">
          <addressbook>
            <last-name>Rausenberger, Bernd c/o Philips Corporate</last-name>
            <address>
              <street>Intellectual Property GmbH Weisshausstrasse 2</street>
              <city>52066, Aachen</city>
              <country>DE</country>
            </address>
          </addressbook>
        </inventor>
      </inventors>
      <agents>
        <agent status="new" format="original">
          <addressbook>
            <last-name>Volmer, Georg, Dipl.-Ing.</last-name>
            <address>
              <street>Philips Corporate Intellectual Property GmbH, Postfach 50 04 42</street>
              <city>52088 Aachen</city>
              <country>DE</country>
            </address>
          </addressbook>
        </agent>
      </agents>
    </parties>
    <international-convention-data>
      <designated-states>
        <ep-contracting-states>
          <country>DE</country>
          <country>FR</country>
          <country>GB</country>
        </ep-contracting-states>
      </designated-states>
    </international-convention-data>
  </bibliographic-data>
  <abstract load-source="ep" status="new" lang="DE">
    <p>Flüssigkristallbildschirm ausgestattet mit einem Hintergrundbeleuchtungssystem, welches
wenigstens eine Gasentladungslampe mit einem Entladungsgefäß (5) und wenigstens einem
kapazitiven Einkoppelmittel (6) mit einem dielektrischen Material der Zusammensetzung
[A<sup>'</sup><sub>a1</sub><sup>n1+</sup> A<sup>"</sup><sub>a2</sub><sup>n2+</sup>...A<sup>n'</sup><sub>an</sub><sup>nn+</sup>][B<sup>'</sup><sub>b1</sub><sup>m1+</sup> B<sup>"</sup><sub>b2</sub><sup>m2+</sup>....B<sup>m'</sup><sub>bm</sub><sup>mm</sup>]O<sub>3</sub> enthält, wobei die Kationen A<sup>'</sup><sub>a1</sub><sup>n1+</sup>
A<sup>"</sup><sub>a2</sub><sup>n2+</sup>...A<sup>n'</sup><sub>an</sub><sup>nn+</sup> mindestens ein oder mehrere Kationen ausgewählt aus der Gruppe Ba<sup>2+</sup>, Pb<sup>2+</sup>,
Sr<sup>2+</sup> und Ca<sup>2+</sup> sowie gegebenenfalls ein oder mehrere Kationen ausgewählt aus der Gruppe
Cs<sup>1+</sup>, Rb<sup>1+,</sup> Tl<sup>1+</sup>, K<sup>1+</sup>, Pb<sup>2+</sup>, Ag<sup>1+</sup>, Sr<sup>2+</sup>, Na<sup>1+</sup>, Bi<sup>3+</sup>, La<sup>3+</sup>, Mg<sup>2+</sup>, Zn<sup>2+</sup>, Ca<sup>2+</sup>, Ce<sup>3+</sup>, Cd<sup>2+</sup>, Pr<sup>3+</sup>,
Nd<sup>3+</sup>, Eu<sup>3+</sup>, Gd<sup>3+</sup> und Sm<sup>3+</sup> umfassen,

die Kationen B<sup>'</sup><sub>b1</sub><sup>m1+</sup> B<sup>"</sup><sub>b2</sub><sup>m2+</sup>....B<sup>m'</sup><sub>bm</sub><sup>mm</sup> mindestens ein oder mehrere Kationen ausgewählt aus
der Gruppe Ti<sup>4+</sup>, Zr<sup>4+</sup> und Sn<sup>4+</sup> sowie gegebenenfalls ein oder mehrere Kationen aus der
Gruppe Mn<sup>2+</sup>, Cr<sup>2+</sup>, In<sup>3+</sup>, V<sup>2+</sup>, Fe<sup>2+</sup>, Pb<sup>4+</sup>, Li<sup>1+</sup>, Co<sup>2+</sup>, Sc<sup>3+</sup>, Zn<sup>2+</sup>, Cu<sup>2+</sup>, U<sup>6+</sup>, Mg<sup>2+</sup>, Hf<sup>4+</sup>,
Mo<sup>3+</sup>, Ni<sup>2+</sup>, Nb<sup>4+</sup>, Ti<sup>3+</sup>,W<sup>4+</sup>, Mo<sup>4+</sup>, Fe<sup>3+</sup>, Mn<sup>3+</sup>,V<sup>3+</sup>, Re<sup>4+</sup>, Ir<sup>4+</sup>, Ru<sup>4+</sup>, W<sup>5+</sup>, Ta<sup>5+</sup>, Cr<sup>3+</sup>, Ga<sup>3+</sup>,
Co<sup>3+</sup>, Mo<sup>5+</sup>, Ni<sup>3+</sup>, Sb<sup>5+</sup>, W<sup>6+</sup>, Nb<sup>5+</sup>, Mo<sup>6+</sup>, Fe<sup>4+</sup>, Re<sup>5+</sup>, V<sup>4+</sup>, Te<sup>6+</sup>, V<sup>5+</sup>, Cu<sup>3+</sup>, Al<sup>3+</sup>, Mn<sup>4+</sup> Ge<sup>4+</sup>,
Y<sup>3+</sup>, Gd<sup>3+</sup> Dy<sup>3+</sup>, Ho<sup>3+</sup>, Er<sup>3+</sup>, Yb<sup>3+</sup>, Tb<sup>3+</sup> und Lu<sup>3+</sup> umfassen,
<st32:df xmlns:st32="http://www.ir-facility.org/ns/st32/" align="center">0.98 ≤ a<st32:sub pos="post">1</st32:sub> + a<st32:sub pos="post">2</st32:sub> + .... +a<st32:sub pos="post">n</st32:sub> ≤ 1.02,</st32:df><st32:df xmlns:st32="http://www.ir-facility.org/ns/st32/" align="center">0.98 ≤ b<st32:sub pos="post">1</st32:sub> + b<st32:sub pos="post">2</st32:sub> + .... + b<st32:sub pos="post">m</st32:sub> ≤ 1.02,</st32:df><st32:df xmlns:st32="http://www.ir-facility.org/ns/st32/" align="center">a<st32:sub pos="post">1</st32:sub> + a<st32:sub pos="post">2</st32:sub> + .... + a<st32:sub pos="post">n</st32:sub> + b<st32:sub pos="post">1</st32:sub> + b<st32:sub pos="post">2</st32:sub> + .... + b<st32:sub pos="post">m</st32:sub> ≤ 2,</st32:df><st32:df xmlns:st32="http://www.ir-facility.org/ns/st32/" align="center">a<st32:sub pos="post">1</st32:sub>*n<st32:sub pos="post">1</st32:sub> + a<st32:sub pos="post">2</st32:sub>*n<st32:sub pos="post">2</st32:sub> + ... + a<st32:sub pos="post">n</st32:sub>*n<st32:sub pos="post">n</st32:sub> + b<st32:sub pos="post">1</st32:sub>*m<st32:sub pos="post">1</st32:sub> + b<st32:sub pos="post">2</st32:sub>*m<st32:sub pos="post">2</st32:sub> + ... + b<st32:sub pos="post">m</st32:sub>*m<st32:sub pos="post">m</st32:sub> ≤ 6 ist.</st32:df><img id="img-00000001" orientation="unknown" wi="142" img-format="tif" img-content="ad" file="00000001.tif" inline="no" he="67"/></p>
  </abstract>
  <abstract load-source="docdb" source="EPO" status="new" lang="EN">
    <p>Liquid crystal screen comprises a background illuminating system containing a gas discharge lamp with a discharge vessel (5) and a capacitive decoupling device (6) with a dielectric material of the composition: (A'a1n1 + A''a2n2+...An'annn+) (B'b1m1 + B''b2m2+...Bm'bmmm+) (where, the cations A'a1n1 + A''a2n2+...An'annn+ are selected from Ba&lt;2+&gt;, Pb&lt;2+&gt;, Sr&lt;2+&gt; and Ca&lt;2+&gt;, and optionally one or more cations are selected from Cs&lt;+&gt;, Rb&lt;+&gt;, Tl&lt;+&gt;, K&lt;+&gt;, Pb&lt;2+&gt;, Ag&lt;+&gt;, Sr&lt;2+&gt;, Na&lt;+&gt;, Bi&lt;3+&gt;, La&lt;3+&gt;, Mg&lt;2+&gt;, Zn&lt;2+&gt;, Ca&lt;2+&gt;, Ce&lt;3+&gt;, Cd&lt;2+&gt;, Pr&lt;3+&gt;, Nd&lt;3+&gt;, Eu&lt;3+&gt;, Gd&lt;3+&gt; and Sm&lt;3+&gt;; and the cations B'b1m1 + B''b2m2+...Bm'bmmm+ are selected from Ti&lt;4+&gt;, Zr&lt;4+&gt; and Sn&lt;4+&gt;, and optionally Mn&lt;2+&gt;, Cr&lt;2+&gt;, In&lt;3+&gt;, V&lt;2+&gt;, Fe&lt;2+&gt;, Pb&lt;4+&gt;, Li&lt;+&gt;, Co&lt;2+&gt;, Sc&lt;3+&gt;, Zn&lt;2+&gt;, Cu&lt;2+&gt;, U&lt;6+&gt;, Mg&lt;2+&gt;, Hf&lt;4+&gt;, Mo&lt;3+&gt;, Ni&lt;2+&gt;, Nb&lt;4+&gt;, Ti&lt;3+&gt;, W&lt;4+&gt;, Mo&lt;4+&gt;, Fe&lt;3+&gt;, Mn&lt;3+&gt;, V&lt;3+&gt;, Re&lt;4+&gt;, Ir&lt;4+&gt;, Ru&lt;4+&gt;, W&lt;5+&gt;, Ta&lt;5+&gt;, Cr&lt;3+&gt;, Ga&lt;3+&gt;, Co &lt;3+&gt;, Mo&lt;5+&gt;, Ni&lt;3+&gt;, Sb&lt;5+&gt;, W&lt;6+&gt;, Nb&lt;5+&gt;, Mo&lt;6+&gt;, Fe&lt;4+&gt;, Re&lt;5+&gt;, V&lt;4+&gt;, Te&lt;6+&gt;, V&lt;5+&gt;, Cu&lt;3+&gt;, Al&lt;3+&gt;, Mn&lt;4+&gt;, Ge&lt;4+&gt;, Y&lt;3+&gt;, Gd&lt;3+&gt;, Dy&lt;3+&gt;, Ho&lt;3+&gt;, Er&lt;3+&gt;, Yb&lt;3+&gt;, Tb&lt;3+&gt; and Lu&lt;3+&gt;; a1 + a2 + an = 0.98-1.02; b1 + b2 + bm = 0.98-1.02; a1 + a2 + an + b1 + b2 + bm is not more than 2; and a1 asterisk n&lt;1&gt; + a2 asterisk n&lt;2&gt; + ...+ an asterisk nn + b1 asterisk m&lt;1&gt; + b2 asterisk m&lt;2&gt; + ...+ bm asterisk mm is not more than 6). Independent claims are also included for: a background illuminating system; and a gas discharge lamp. Preferred Features: The capacitive decoupling device contains SiO2 as sintering agent.</p>
  </abstract>
  <description load-source="ep" status="new" lang="DE">
    <p num="0001">Die Erfindung betrifft einen Flüssigkristallbildschirm ausgestattet mit einem Hintergrundbeleuchtungssystem,
welches wenigstens eine Gasentladungslampe mit einem Entladungsgefäß
und wenigstens einem kapazitiven Einkoppelmittel mit einem dielektrischem Material
enthält. Weiterhin betrifft die Erfindung ein Hintergrundbeleuchtungssystem mit wenigstens
einer Gasentladungslampe sowie eine Gasentladungslampe.</p>
    <p num="0002">Flüssigkristallbildschirme sind passive Anzeigesysteme, das heißt, sie leuchten nicht selber.
Diese Bildschirme beruhen auf dem Prinzip, dass Licht die Schicht aus Flüssigkristallen
passiert oder auch nicht. Dies bedeutet, dass eine externe Lichtquelle benötigt wird, um ein
Bild zu erzeugen. In reflektiven Flüssigkristallbildschirmen wird das Umgebungslicht als
externe Lichtquelle benutzt. Bei transmissiven Flüssigkristallbildschirmen wird in einem
Hintergrundbeleuchtungssystem künstliches Licht erzeugt.</p>
    <p num="0003">Hintergrundsbeleuchtungssystem können als Lichtquelle eine Gasentladungslampe aufweisen.
Neben der Erzeugung von Elektronen an sogenannten heißen Elektroden durch Glühemission
kann die Gasentladung auch durch Emission von Elektronen in einem starken
elektrischen Feld oder direkt durch lonenbeschuss (ioneninduzierte Sekundäremission)
hervorgerufen werden. Bei einer kapazitiven Betriebsart werden kapazitive Einkoppelmittel
als Elektroden verwendet. Diese kapazitiven Einkoppelmittel sind aus einem dielektrischen
Material gebildet, das auf einer Seite Kontakt mit dem Entladungsgas hat und auf der anderen
Seite elektrisch leitfähig mit einem äußeren Stromkreis verbunden ist. Durch eine an die
kapazitive Einkoppelmittel angelegte Wechselspannung wird in dem Entladungsgefäß ein
elektrisches Wechselfeld erzeugt, in dem sich die Elektronen bewegen und in bekannter
Weise eine Gasentladung anregen.</p>
    <p num="0004">Aus der DE 199 15 616 ist eine derartige Gasentladungslampe bekannt, in der anstelle der
sonst üblichen Metallelektroden ein gesintertes, ferroelektrisches Material als kapazitive
Einkoppelmittel verwendet wird. Als gesintertes, ferroelektrisches Material wurde
vorzugsweise Ba(Ti<sub>0.91</sub>Zr<sub>0.09</sub>)O<sub>3</sub> mit Dotierungen aus bestimmten Donator/Akzeptor-Kombinationen 
verwendet. Das beschriebene Material weist eine hohe Dielektrizitätskonstante
und eine rechteckige Hystereschleife auf.</p>
    <p num="0005">Nachteilig bei dem verwendeten Materialien ist, dass das Material grobkörnig ist. Damit
weist das kapazitive Einkoppelmittel eine verringerte mechanische Festigkeit auf. Ein weiterer
Nachteil ist, dass mit 80 °C die Curie-Temperatur des ferroelektrischen Materials und somit
die Betriebstemperatur der Gasentladungslampe sehr niedrig ist.</p>
    <p num="0006">Es ist deshalb eine Aufgabe der Erfindung, die Nachteile des Standes der Technik zu
umgehen und einen Flüssigkristallbildschirm mit verbesserter Hintergrundbeleuchtung,
insbesondere mit verbesserter Lichtquelle, bereitzustellen.</p>
    <p num="0007">Diese Aufgabe wird gelöst durch einen Flüssigkristallbildschirm ausgestattet mit einem
Hintergrund beleuchtungssystem, welches wenigstens eine Gasentladungslampe mit einem
Entladungsgefäß und wenigstens einem kapazitiven Einkoppelmittel mit einem dielektrischen
Material der Zusammensetzung [A'<sub>a1</sub><sup>n1+</sup> A"<sub>a2</sub><sup>n2+</sup>...A<sup>n'</sup><sub>an</sub><sup>nn+</sup>] [B'<sub>b1</sub><sup>m1+</sup> B"<sub>b2</sub><sup>m2+</sup>....B<sup>m'</sup><sub>bm</sub><sup>mn+</sup>]O<sub>3</sub>
enthält, wobei die Kationen A'<sub>a1</sub><sup>n1+</sup> A"<sub>a2</sub><sup>n2+</sup>...A<sup>n'</sup><sub>an</sub><sup>nn+</sup> mindestens ein oder mehrere Kationen
ausgewählt aus der Gruppe Ba<sup>2+</sup>, Pb<sup>2+</sup>, Sr<sup>2+</sup> und Ca<sup>2+</sup> sowie gegebenenfalls ein oder mehrere
Kationen ausgewählt aus der Gruppe Cs<sup>1+</sup>, Rb<sup>1+</sup>, Tl<sup>1+</sup>, K<sup>1+</sup>, Pb<sup>2+</sup>, Ag<sup>1+</sup>, Sr<sup>2+</sup>, Na<sup>1+</sup>, Bi<sup>3+</sup>, La<sup>3+</sup>,
Mg<sup>2+</sup>, Zn<sup>2+</sup>, Ca<sup>2+</sup>, Ce<sup>3+</sup>, Cd<sup>2+</sup>, Pr<sup>3+</sup>, Nd<sup>3+</sup>, Eu<sup>3+</sup>, Gd<sup>3+</sup> und Sm<sup>3+</sup> umfassen,
die Kationen B'<sub>b1</sub><sup>m1+</sup> B"<sub>b2</sub><sup>m2+</sup>....B<sup>m'</sup><sub>bm</sub><sup>mn+</sup> mindestens ein oder mehrere Kationen ausgewählt aus
der Gruppe Ti<sup>4+</sup>, Zr<sup>4+</sup> und Sn<sup>4+</sup> sowie gegebenenfalls ein oder mehrere Kationen aus der
Gruppe Mn<sup>2+</sup>, Cr<sup>2+</sup>, In<sup>3+</sup>, V<sup>2+</sup>, Fe<sup>2+</sup>, Pb<sup>4+</sup>, Li<sup>1+</sup>, Co<sup>2+</sup>, Sc<sup>3+</sup>, Zn<sup>2+</sup>, Cu<sup>2+</sup>, U<sup>6+</sup>, Mg<sup>2+</sup>, Hf<sup>4+</sup>,
Mo<sup>3+</sup>, Ni<sup>2+</sup>, Nb<sup>4+</sup>, Ti<sup>3+</sup>, W<sup>4+</sup>, Mo<sup>4+</sup>, Fe<sup>3+</sup>, Mn<sup>3+</sup>, V<sup>3+</sup>, Re<sup>4+</sup>, Ir<sup>4+</sup>, Ru<sup>4+</sup>, W<sup>5+</sup>, Ta<sup>5+</sup>, Cr<sup>3+</sup>, Ga<sup>3+</sup>,
Co<sup>3+</sup>, Mo<sup>5+</sup>, Ni<sup>3+,</sup>, Sb<sup>5+</sup>, W<sup>6+</sup>, Nb<sup>5+</sup>, Mo<sup>6+</sup>, Fe<sup>4+</sup>, Re<sup>5+</sup>, V<sup>4+</sup>, Te<sup>6+</sup>, V<sup>5+</sup>, Cu<sup>3+</sup>, Al<sup>3+</sup>, Mn<sup>4+</sup>, Ge<sup>4+</sup>,
Y<sup>3+</sup>, Gd<sup>3+</sup>, Dy<sup>3+</sup>, Ho<sup>3+</sup>, Er<sup>3+</sup>, Yb<sup>3+</sup>, Tb<sup>3+</sup> und Lu<sup>3+</sup> umfassen,
<sl><li>0.98 ≤ a<sub>1</sub> + a<sub>2</sub> + .... + a<sub>n</sub> ≤ 1.02,</li><li>0.98 ≤ b<sub>1</sub> + b<sub>2</sub> + .... + b<sub>m</sub> ≤ 1.02,</li><li>a<sub>1</sub> + a<sub>2</sub> + .... + a<sub>n</sub> + b<sub>1</sub> + b<sub>2</sub> + .... + b<sub>m</sub> ≤ 2,</li><li>a<sub>1</sub>*n<sup>1</sup> + a<sub>2</sub>*n<sup>2</sup> + ...+ a<sub>n</sub>*n<sup>n</sup> + b<sub>1</sub>*m<sup>1</sup> + b<sub>2</sub>*m<sup>2</sup> + ... + b<sub>m</sub>*m<sup>m</sup> ≤ 6 ist.</li></sl></p>
    <p num="0008">Durch die Verwendung der erfindungsgemäßen dielektrischen Materialien in dem kapazitiven
Einkoppelmittel der Gasentladungslampe wird ein Flüssigkristallbildschirm mit verbesserten
Eigenschaften erhalten. Die erfindungsgemäßen Materialien lassen sich mit relativ
kleinen Korngrößen (≤ 20 µm) herstellen. Das kapazitive Einkoppelmittel, welches ein
erfindungsgemäßes dielektrisches Material enthält, weist dadurch eine höhere mechanische
Festigkeit auf und ist somit deutlich langlebiger. Durch die erhöhte Durchschlagfestigkeit
kann ein kapazitives Einkoppelmittel mit dünnerer Schichtdicke hergestellt werden. Ein
weiterer Vorteil ist, dass die dielektrischen Materialien im Vergleich zu dem oben genannten
Stand der Technik einen niedrigeren Kathodenfall, dass heißt niedrigere Verluste bei der
Einkopplung des Stroms in die Gasentladungslampe, aufweisen. Insgesamt wird dadurch
eine effizientere Gasentladungslampe erhalten. Ein weiterer Vorteil ist, dass die
erfindungsgemäßen dielektrischen Materialien eine festere Verbindung mit Glas eingehen.
Dies erhöht die Vakuumdichtigkeit der Gasentladungslampe. Weiterhin weisen die
erfindungsgemäßen dielektrischen Materialien eine Curie-Temperatur größer 80 °C auf.</p>
    <p num="0009">Es ist bevorzugt, dass die Kationen A'<sub>a1</sub><sup>n1+</sup> A"<sub>a2</sub><sup>n2+</sup>...A<sup>n'</sup><sub>an</sub><sup>nn+</sup> Ba<sup>2+</sup> umfassen und die Kationen
B'<sub>b1</sub><sup>m1+</sup> B"<sub>b2</sub><sup>m2+</sup>....B<sup>m'</sup><sub>bm</sub><sup>mn+</sup> Nb<sup>5+</sup>, Co<sup>2+</sup> und Mn<sup>3+</sup> umfassen.</p>
    <p num="0010">Ein kapazitives Einkoppelmittel mit diesem dielektrischen Material zeichnet sich durch eine
hohe Festigkeit, einen niedrigen Kathodenfall und einer Curie-Temperatur von 125 °C aus.</p>
    <p num="0011">Weiterhin kann es bevorzugt sein, dass das kapazitive Einkoppelmittel zusätzlich ein Sinterhilfsmittel
enthält.</p>
    <p num="0012">Es ist ganz besonders bevorzugt, dass das Sinterhilfsmittel SiO<sub>2</sub> ist.</p>
    <p num="0013">Durch Sinterhilfsmittel wird die Herstellung des kapazitiven Einkoppelmittels verbessert.
Weiterhin kann das Sinterhilfsmittel die Eigenschaften des dielektrischen Materials, und
somit des kapazitiven Einkoppelmittels, vorteilhaft beeinflussen.</p>
    <p num="0014">Es ist ganz besonders bevorzugt, dass die Kationen A'<sub>a1</sub><sup>n1+</sup> A"<sub>a2</sub><sup>n2+</sup>...A<sup>n'</sup><sub>an</sub><sup>nn+</sup> Ba<sup>2+</sup> und Mg<sup>2+</sup> 
umfassen, die Kationen B'<sub>b1</sub><sup>m1+</sup> B"<sub>b2</sub><sup>m2+</sup>....B<sup>m'</sup><sub>bm</sub><sup>mn+</sup> Y<sup>3+</sup>, W<sup>6+</sup>, Mo<sup>6+</sup> und Mn<sup>2+</sup> umfassen und
die zusätzliche Verbindung SiO<sub>2</sub> ist.</p>
    <p num="0015">Ein kapazitives Einkoppelmittel mit diesem dielektrischen Material zeichnet sich durch eine
hohe Festigkeit, einen niedrigen Kathodenfall und einer Curie-Temperatur von 125 °C aus.</p>
    <p num="0016">Weiterhin betrifft die Erfindung ein Hintergrundbeleuchtungssystem, welches wenigstens
eine Gasentladungslampe enthält, sowie eine Gasentladungslampe mit einem Entladungsgefäß
und wenigstens einem kapazitiven Einkoppelmittel mit einem dielektrischen Material
der Zusammensetzung [A'<sub>a1</sub><sup>n1+</sup> A"<sub>a2</sub><sup>n2+</sup>...A<sup>n'</sup><sub>an</sub><sup>nn+</sup>] [B'<sub>b1</sub><sup>m1+</sup> B"<sub>b2</sub><sup>m2+</sup>....B<sup>m'</sup><sub>bm</sub><sup>mn+</sup>]O<sub>3</sub>, wobei die
Kationen A'<sub>a1</sub><sup>n1+</sup> A"<sub>a2</sub><sup>n2+</sup>...A<sup>n'</sup><sub>an</sub><sup>nn+</sup> mindestens ein oder mehrere Kationen ausgewählt aus der
Gruppe Ba<sup>2+</sup>, Pb<sup>2+</sup>, Sr<sup>2+</sup> und Ca<sup>2+</sup> sowie gegebenenfalls ein oder mehrere Kationen ausgewählt
aus der Gruppe Cs<sup>1+</sup>, Rb<sup>1+</sup>, Tl<sup>1+</sup>, K<sup>1+</sup>, Pb<sup>2+</sup>, Ag<sup>1+</sup>, Sr<sup>2+</sup>, Na<sup>1+</sup>, Bi<sup>3+</sup>, La<sup>3+</sup>, Mg<sup>2+</sup>, Zn<sup>2+</sup>,
Ca<sup>2+</sup>, Ce<sup>3+</sup>, Cd<sup>2+</sup>, Pr<sup>3+</sup>, Nd<sup>3+</sup>, Eu<sup>3+</sup>, Gd<sup>3+</sup> und Sm<sup>3+</sup> umfassen,

die Kationen B'<sub>b1</sub><sup>m1+</sup> B"<sub>b2</sub><sup>m2+</sup>....B<sup>m'</sup><sub>bm</sub><sup>mn+</sup> mindestens ein oder mehrere Kationen ausgewählt aus
der Gruppe Ti<sup>4+</sup>, Zr<sup>4+</sup> und Sn<sup>4+</sup> sowie gegebenenfalls ein oder mehrere Kationen aus der
Gruppe Mn<sup>2+</sup>, Cr<sup>2+</sup>, In<sup>3+</sup>, V<sup>2+</sup>, Fe<sup>2+</sup>, Pb<sup>4+</sup>, Li<sup>1+</sup>, Co<sup>2+</sup>, Sc<sup>3+</sup>, Zn<sup>2+</sup>, Cu<sup>2+</sup>, U<sup>6+</sup>, Mg<sup>2+</sup>, Hf<sup>4+</sup>,
Mo<sup>3+</sup>, Ni<sup>2+</sup>, Nb<sup>4+</sup>, Ti<sup>3+</sup>, W<sup>4+</sup>, Mo<sup>4+</sup>, Fe<sup>3+</sup>, Mn<sup>3+</sup>, V<sup>3+</sup>, Re<sup>4+</sup>, Ir<sup>4+</sup>, Ru<sup>4+</sup>, W<sup>5+</sup>, Ta<sup>5+</sup>, Cr<sup>3+</sup>, Ga<sup>3+</sup>,
Co<sup>3+</sup>, Mo<sup>5+</sup>, Ni<sup>3+</sup>, Sb<sup>5+</sup>, W<sup>6+</sup>, Nb<sup>5+</sup>, Mo<sup>6+</sup>, Fe<sup>4+</sup>, Re<sup>5+</sup>, V<sup>4+</sup>, Te<sup>6+</sup>, V<sup>5+</sup>, Cu<sup>3+</sup>, Al<sup>3+</sup>, Mn<sup>4+</sup>, Ge<sup>4+</sup>,
Y<sup>3+</sup>, Gd<sup>3+</sup>, Dy<sup>3+</sup>, Ho<sup>3+</sup>, Er<sup>3+</sup>, Yb<sup>3+</sup>, Tb<sup>3+</sup> und Lu<sup>3+</sup> umfassen,
<sl><li>0.98 ≤ a<sub>1</sub> + a<sub>2</sub> + ....+ a<sub>n</sub> ≤ 1.02,</li><li>0.98 ≤ b<sub>1</sub> + b<sub>2</sub> + .... + b<sub>m</sub> ≤ 1.02,</li><li>a<sub>1</sub> + a<sub>2</sub> + .... + a<sub>n</sub> + b<sub>1</sub> + b<sub>2</sub> + .... + b<sub>m</sub> ≤ 2,</li><li>a<sub>1</sub>*n<sup>1</sup> + a<sub>2</sub>*n<sup>2</sup> + ... + a<sub>n</sub>*n<sup>n</sup> + b<sub>1</sub>*m<sup>1</sup> + b<sub>2</sub>*m<sup>2</sup> + ... + b<sub>m</sub>*m<sup>m</sup> ≤ 6 ist.</li></sl></p>
    <p num="0017">Weitere Einzelheiten, Merkmale und Vorteile der Erfindung ergeben sich aus der folgenden
Beschreibung von bevorzugten Ausführungsformen anhand der Zeichnungen. Dabei zeigt
<dl tsize="6"><dt>Fig. 1</dt><dd>den schematischen Aufbau eines Hintergrundbeleuchtungssystems, </dd><dt>Fig. 2</dt><dd>eine schematische Darstellung einer Gasentladungslampe und</dd><dt>Fig. 3</dt><dd>eine schematische Darstellung eines kapazitiven Einkoppelmittel im
Querschnitt.</dd></dl></p>
    <p num="0018">Ein Flüssigkristallbildschirm weist üblicherweise eine Flüssigkristalleinheit und ein Hintergrundsbeleuchtungssystem
auf. Die Flüssigkristalleinheit umfasst einen ersten und einen
zweiten Polarisator sowie eine Flüssigkristallzelle, welche zwei transparente Platten aufweist,
diejeweils eine Matrix aus lichtdurchlässigen Elektroden tragen. Zwischen den beiden
transparenten Platten ist ein Flüssigkristallmaterial angeordnet. Das Flüssigkristallmaterial
enthält beispielsweise TN(twisted nematic)-Flüssigkristalle, STN(super twisted nematic)-Flüssigkristalle,
DSTN(double super twisted nematic)-Flüssigkristalle, FSTN(foil super
twisted nematic)-Flüssigkristalle, VAN(vertically alligned)-Flüssigkristalle oder
OCB(optically compensated bend)-Flüssigkristalle. Die Flüssigkristallzelle ist sandwichartig
von den zwei Polarisatoren, wobei der zweite Polarisator vom Betrachter gesehen werden
kann, umschlossen.</p>
    <p num="0019">Zur Erzeugung und Darstellung von farbigen Bildern wird die Flüssigkristalleinheit mit
einem Farbfilter versehen. Der Farbfilter enthält mosaikartig gemusterte Pixel, die entweder
rotes, grünes oder blaues Licht durchlassen. Der Farbfilter ist vorzugsweise zwischen dem
ersten Polarisator und der Flüssigkristallzelle angeordnet.</p>
    <p num="0020">Das Hintergrundbeleuchtungssystem kann ein beispielsweise ein "Direct-Lit"-Hintergrundsbeleuchtungssystem
oder ein "Side-Lit"-Hintergrundbeleuchtungssystem, welches
einen Lichtleiter und eine Auskoppelstruktur aufweist, sein.</p>
    <p num="0021">Ein Hintergrundbeleuchtungssystem weist gemäß Fig. 1 eine Lichtquelle 1 auf, die sich
meist in einem Gehäuse 2 befindet, welches vorzugsweise auf der Innenseite einen Reflektor
aufweist. Das Hintergrundsbeleuchtungssystem kann weiterhin eine Diffusorplatte 3 und
einen Kollimator 4 aufweisen.</p>
    <p num="0022">Die Lichtquelle 1, welche eine Gasentladungslampe mit wenigstens einem kapazitiven 
Einkoppelmittel 6 ist, emittiert vorzugsweise weißes oder nahezu weißes Licht.</p>
    <p num="0023">In Fig. 2 ist eine mögliche Ausführungsform einer Gasentladungslampe mit zwei kapazitiven
Einkoppelmitteln gezeigt. Die Gasentladungslampe weist als Entladungsgefäß 5 ein Glasrohr
auf. Das von innen mit einem Leuchtstoff oder mit einer Leuchtstoffkombination
beschichtete Entladungsgefäß 5 besitzt vorzugsweise einen Innendurchmesser von 3 mm,
einen Außendurchmesser von 4 mm, eine Länge von 40 cm und ist mit 50 mbar Ar und
5 mg Hg gefüllt. Ein kapazitives Einkoppelmittel 6 an beiden Enden wird jeweils von einem
zylinderförmigen Rohr mit einem erfindungsgemäßen dielektrischen Material gebildet. Das
kapazitive Einkoppelmittel 6 hat vorzugsweise einen Außendurchmesser von 4 mm bei einer
Wanddicke von 0,5 mm und einer Länge von 10 mm. Das Entladungsgefäß 5 wird durch
das kapazitive Einkoppelmittel 6, die den gleichen Innendurchmesser besitzt, mittels eines
Lötverfahrens vakuumdicht mit einer scheibenförmigen, dielektrischen Kappe 7 verschlossen.
Auf der Außenseitejedes kapazitiven Einkoppelmittels 6 ist eine Schicht Silberpaste
aufgebracht, die zuvor ausgebrannt wurde, so dass sie als eine elektrische Kontaktierung 8
wirkt. Mittels dieser elektrischen Kontaktierung 8 wird die Gasentladungslampe mit einem
externen Stromnetz verbunden. Als externes Stromnetz dient in diesem Ausführungsbeispiel
eine Lampentreiberschaltung 9, die bei 40 kHz und einer mittleren Spannung von etwa
350 V einen Strom von 30 mA liefert. Die Lampe liefert im stationären Betrieb einen
Lichtstrom von ungefähr 600 Lumen. Der Treiber 9 enthält ferner einen Teil zum Zünden
der Gasentladungslampe, der kurzfristig Spannungen von 1500 V zu liefern in der Lage ist.
Nach der Zündung bildet sich eine stationäre Gasentladung aus. Elektronen gelangen auf die
Oberfläche des dielektrischen Materials des kapazitiven Einkoppelmittels 6 und bleiben dort
haften, was zu einer Erhöhung des ioneninduzierten Sekundäremissionskoeffizienten γ führt.
Dadurch wird die Effizienz der Gasentladungslampe erhöht.</p>
    <p num="0024">Die Fig. 3 zeigt eine schematische Darstellung eines erfindungsgemäßen kapazitiven Einkoppelmittels
6 im Querschnitt. Der, mit einem Füllgas gefüllte, Innenraum 12 wird von
einer dielektrischen Schicht 10, welche ein erfindungsgemäßes dielektrisches Material enthält,
umgeben. Auf der dielektrischen Schichten 10 ist eine Metallisierungsschicht 11 aufgebracht,
die zur elektrischen Kontaktierung dient. Alternativ kann auf der dielektrischen Schicht 10,
d. h. auf der Seite zum Innenraum, eine weitere dünne dielektrische Schicht als Schutzschicht 
aufgebracht sein.</p>
    <p num="0025">Für das Füllgas im Entladungsgefäß 5 wird vorzugsweise eine Mischung gewählt, die wenigstens
ein Edelgas oder ein Edelgas und Quecksilber enthält. Für die erfindungsgemäße Lampe
können eine Vielzahl von Gasmischungen als Füllgas verwendet werden. Insbesondere
können die in bekannten Niederdruckgasentladungslampen verwendeten Füllgase eingesetzt
werden.</p>
    <p num="0026">Als dielektrische Materialien für das kapazitiven Einkoppelmittel 6 können beispielsweise
BaTiO<sub>3</sub>, PbTiO<sub>3</sub>, SrTiO<sub>3</sub>, CaTiO<sub>3</sub>, BaZrO<sub>3</sub>, BaSnO<sub>3</sub>, PbZrO<sub>3</sub>, PbSnO<sub>3</sub>, SrSnO<sub>3</sub>, SrZrO<sub>3</sub>,
CaZrO<sub>3</sub>, CaSnO<sub>3</sub> oder Mischkristalle aus zwei oder mehr dieser Verbindungen verwendet
werden. Außerdem können dielektrische Materialien verwendet werden, welche BaTiO<sub>3</sub>,
PbTiO<sub>3</sub>, SrTiO<sub>3</sub>, CaTiO<sub>3</sub>, BaZrO<sub>3</sub>, BaSnO<sub>3</sub>, PbZrO<sub>3</sub>, PbSnO<sub>3</sub>, SrSnO<sub>3</sub>, SrZrO<sub>3</sub>, CaZrO<sub>3</sub>,
CaSnO<sub>3</sub> oder Mischkristalle dieser Verbindungen sowie ein oder mehrere Kationen
ausgewählt aus der Gruppe Cs<sup>1+</sup>, Rb<sup>1+</sup>, Tl<sup>1+</sup>, K<sup>1+</sup>, Pb<sup>2+</sup>, Ag<sup>1+</sup>, Sr<sup>2+</sup>, Na<sup>1+</sup>, Bi<sup>3+</sup>, La<sup>3+</sup>, Mg<sup>2+</sup>,
Zn<sup>2+</sup>, Ca<sup>2+</sup>, Ce<sup>3+</sup>, Cd<sup>2+</sup>, Pr<sup>3+</sup>, Nd<sup>3+</sup>, Eu<sup>3+</sup>, Gd<sup>3+</sup>, Sm<sup>3+</sup>, Mn<sup>2+</sup>, Cr<sup>2+</sup>, In<sup>3+</sup>, V<sup>2+</sup>, Fe<sup>2+</sup>, Pb<sup>4+</sup>, Li<sup>1+</sup>,
Co<sup>2+</sup>, Sc<sup>3+</sup>, Zn<sup>2+</sup>, Cu<sup>2+</sup>, U<sup>6+</sup>, Hf<sup>4+</sup>, Mo<sup>3+</sup>, Ni<sup>2+</sup>, Nb<sup>4+</sup>, Ti<sup>3+</sup>, W<sup>4+</sup>, Mo<sup>4+</sup>, Fe<sup>3+</sup>, Mn<sup>3+</sup>, V<sup>3+</sup>, Re<sup>4+</sup>,
Ir<sup>4+</sup>, Ru<sup>4+</sup>, W<sup>5+</sup>, Ta<sup>5+</sup>, Cr<sup>3+</sup>, Ga<sup>3+</sup>, Co<sup>3+</sup>, Mo<sup>5+</sup>, Ni<sup>3+</sup>', Sb<sup>5+</sup>, W<sup>6+</sup>, Nb<sup>5+</sup>, Mo<sup>6+</sup>, Fe<sup>4+</sup>, Re<sup>5+</sup>, V<sup>4+</sup>,
Te<sup>6+</sup>, V<sup>5+</sup>, Cu<sup>3+</sup>, Al<sup>3+</sup>, Mn<sup>4+</sup>, Ge<sup>4+</sup>, Y<sup>3+</sup>, Gd<sup>3+</sup>, Dy<sup>3+</sup>, Ho<sup>3+</sup>, Er<sup>3+</sup>, Yb<sup>3+</sup>, Tb<sup>3+</sup> und Lu<sup>3+</sup>
enthalten. Neben diesen dielektrische Materialien kann das kapazitive Einkoppelmittel 6
zusätzlich noch Sinterhilfsmittel enthalten. Die Menge an zusätzlichem Sinterhilfsmittel liegt
vorzugsweise zwischen 0.01 und 5 Gew.-% bezogen auf die Menge an dielektrischem
Material. Bevorzugt enthält das kapazitive Einkoppelmitteln 6 als zusätzliches
Sinterhilfsmittel SiO<sub>2</sub>.</p>
    <p num="0027">Es ist ganz besonders bevorzugt, dass das kapazitive Einkoppelmittel 6 BaTiO<sub>3</sub> dotiert mit
Nb<sup>5+</sup>, Mn<sup>2+</sup> und Co<sup>2+</sup> enthält. Eine weitere besonders bevorzugte Ausführungsform sieht
vor, dass das kapazitive Einkoppelmittel 6 BaTiO<sub>3</sub> dotiert mit Y<sup>3+</sup>, W<sup>6+</sup>, Mo<sup>6+</sup> und Mn<sup>2+</sup>
sowie als zusätzliches Sinterhilfsmittel SiO<sub>2</sub> enthält. Ein kapazitives Einkoppelmittel 6 mit 
einem der beiden dielektrischen Materialien zeichnet sich durch eine hohe Festigkeit, einen
niedrigen Kathodenfall und einer Curie-Temperatur von 125 °C aus. Im Vergleich zu einer
kommerziell erhältlichen Kaltkathodenlampe mit metallischen Elektroden ist der
Kathodenfall einer Gasentladungslampe, welche als kapazitives Einkoppelmittel 6 BaTiO<sub>3</sub>
dotiert mit Nb<sup>5+</sup>, Mn<sup>2+</sup> und Co<sup>2+</sup> enthält, 20 % niedriger. Bei einer Gasentladungslampe,
welche als kapazitives Einkoppelmittel 6 BaTiO<sub>3</sub> dotiert mit Y<sup>3+</sup>, W<sup>6+</sup>, Mo<sup>6+</sup> und Mn<sup>2+</sup>
sowie als zusätzliches Sinterhilfsmittel SiO<sub>2</sub> enthält, ist der Kathodenfall im Vergleich zu
einer kommerziell erhältlichen Kaltkathodenlampe mit metallischen Elektroden um 40 %
reduziert.</p>
  </description>
  <claims load-source="ep" status="new" lang="DE">
    <claim num="1">
      <claim-text>Flüssigkristallbildschirm ausgestattet mit einem Hintergrundbeleuchtungssystem,
welches wenigstens eine Gasentladungslampe mit einem Entladungsgefäß (5) und
wenigstens einem kapazitiven Einkoppelmittel (6) mit einem dielektrischen Material der
Zusammensetzung [A'a1n1+ A"a2n2+...An'annn+] [B'b1m1+ B"b2m2+....Bm'bmmn+]O3 enthält, wobei die
Kationen A'a1n1+ A"a2n2+...An'annn+ mindestens ein oder mehrere Kationen ausgewählt aus der
Gruppe Ba2+, Pb2+, Sr2+ und Ca2+ sowie gegebenenfalls ein oder mehrere Kationen
ausgewählt aus der Gruppe Cs1+, Rb1+, Tl1+, K1+, Pb2+, Ag1+, Sr2+, Na1+, Bi3+, La3+, Mg2+,
Zn2+, Ca2+, Ce3+, Cd2+, Pr3+, Nd3+, Eu3+, Gd3+ und Sm3+ umfassen,
die Kationen B'b1m1+ B"b2m2+....Bm'bmmn+ mindestens ein oder mehrere Kationen ausgewählt
aus der Gruppe Ti4+, Zr4+ und Sn4+ sowie gegebenenfalls ein oder mehrere Kationen aus der
Gruppe Mn2+, Cr2+, In3+, V2+, Fe2+, Pb4+, Li1+, Co2+, Sc3+, Zn2+, Cu2+, U6+, Mg2+, Hf4+, Mo3+,
Ni2+, Nb4+, Ti3+, W4+, Mo4+, Fe3+, Mn3+, V3+, Re4+, Ir4+, Ru4+, W5+, Ta5+, Cr3+, Ga3+, Co3+,
Mo5+, Ni3+, Sb5+, W6+, Nb5+, Mo6+, Fe4+, Re5+, V4+, Te6+, V5+, Cu3+, Al3+, Mn4+, Ge4+, Y3+,
Gd3+, Dy3+, Ho3+, Er3+, Yb3+, Tb3+ und Lu3+ umfassen,
<claim-text><claim-text>0.98 ≤ a1 + a2 + .... + an ≤ 1.02,</claim-text><claim-text>0.98 ≤ b1 + b2 + .... +bm ≤ 1.02,</claim-text><claim-text>a1 + a2 + .... + an + b1 + b2 + .... + bm ≤ 2,</claim-text><claim-text>a1*n1 + a2*n2 + ... + an*nn + b1*m1 + b2*m2 + ... + bm*mm ≤ 6 ist.</claim-text></claim-text></claim-text>
    </claim>
    <claim num="2">
      <claim-text>Flüssigkristallbildschirm nach Anspruch 1,dadurch gekennzeichnet,
dass die Kationen A'a1n1+ A"a2n2+...An'annn+ Ba2+ umfassen und die Kationen
B'b1m1+ B"b2m2+....Bm'bmmn+ Nb5+, Co2+ und Mn3+ umfassen.</claim-text>
    </claim>
    <claim num="3">
      <claim-text>Flüssigkristallbildschirm nach Anspruch 1,dadurch gekennzeichnet,
dass das kapazitive Einkoppelmittel (6) zusätzlich ein Sinterhilfsmittel enthält.</claim-text>
    </claim>
    <claim num="4">
      <claim-text>Flüssigkristallbildschirm nach Anspruch 3,dadurch gekennzeichnet,
dass Sinterhilfsmittel SiO2 ist.</claim-text>
    </claim>
    <claim num="5">
      <claim-text>Flüssigkristallbildschirm nach Anspruch 1,dadurch gekennzeichnet,
dass die Kationen A'a1n1+ A"a2n2+...An'annn+ Ba2+ und Mg2+ umfassen, die Kationen
B'b1m1+ B"b2m2+....Bm'bmmn+ Y3+, W6+, Mo6+ und Mn2+ umfassen und die zusätzliche
Verbindung SiO2 ist.</claim-text>
    </claim>
    <claim num="6">
      <claim-text>Hintergrundbeleuchtungssystem, welches wenigstens eine Gasentladungslampe mit
einem Entladungsgefäß und wenigstens einem kapazitiven Einkoppelmittel (6) mit einem
dielektrischen Material der Zusammensetzung [A'a1n1+ A"a2n2+...An'annn+] [B'b1m1+
B"b2m2+....Bm'bmmn+]O3 enthält, wobei die Kationen A'a1n1+ A"a2n2+...An'annn+ mindestens ein oder
mehrere Kationen ausgewählt aus der Gruppe Ba2+, Pb2+, Sr2+ und Ca2+ sowie
gegebenenfalls ein oder mehrere Kationen ausgewählt aus der Gruppe Cs1+, Rb1+, Tl1+, K1+,
Pb2+, Ag1+, Sr2+, Na1+, Bi3+, La3+, Mg2+, Zn2+, Ca2+, Ce3+, Cd2+, Pr3+, Nd3+, Eu3+, Gd3+ und
Sm3+ umfassen,
die Kationen B'b1m1+ B"b2m2+....Bm'bmmn+ mindestens ein oder mehrere Kationen ausgewählt
aus der Gruppe Ti4+, Zr4+ und Sn4+ sowie gegebenenfalls ein oder mehrere Kationen aus der
Gruppe Mn2+, Cr2+, In3+, V2+, Fe2+, Pb4+, Li1+, Co2+, Sc3+, Zn2+, Cu2+, U6+, Mg2+, Hf4+, Mo3+,
Ni2+, Mb4+, Ti3+, W4+, Mo4+, Fe3+, Mn3+, V3+, Re4+, Ir4+, Ru4+, W5+, Ta5+, Cr3+, Ga3+, Co3+,
Mo5+, Ni3+, Sb5+, W6+, Mb5+, Mo6+, Fe4+, Re5+, V4+, Te6+, V5+, Cu3+, Al3+, Mn4+, Ge4+, Y3+,
Gd3+, Dy3+, Ho3+, Er3+, Yb3+, Tb3+ und Lu3+ umfassen,
<claim-text><claim-text>0.98 ≤ a1 + a2 + .... +an ≤ 1.02,</claim-text><claim-text>0.98 ≤ b1 + b2 + .... + bm ≤ 1.02,</claim-text><claim-text>a1 + a2 + .... + an + b1 + b2 + .... bm = 2,</claim-text><claim-text>a1*n1 + a2*n2 + ...+ an*nn + b1*m1 + b2*m2 + ... + bm*mm = 6 ist.</claim-text></claim-text></claim-text>
    </claim>
    <claim num="7">
      <claim-text>Gasentladungslampe mit einem Entladungsgefäß und wenigstens einem kapazitiven
Einkoppelmittel (6) mit einem dielektrischen Material der Zusammensetzung [A'a1n1+
A"a2n2+...An'annn+] [B'b1m1+ B"b2m2+....Bm'bmmn+]O3 enthält, wobei die Kationen A'a1n1+
A"a2n2+...An'annn+ mindestens ein oder mehrere Kationen ausgewählt aus der Gruppe Ba2+,
Pb2+, Sr2+ und Ca2+ sowie gegebenenfalls ein oder mehrere Kationen ausgewählt aus der
Gruppe Cs1+, Rb1+, Tl1+, K1+, Pb2+, Ag1+, Sr2+, Na1+, Bi3+, La3+, Mg2+, Zn2+, Ca2+, Ce3+, Cd2+,
Pr3+, Nd3+, Eu3+, Gd3+ und Sm3+ umfassen,
die Kationen B'b1m1+ B"b2m2+....Bm'bmmn+ mindestens ein oder mehrere Kationen ausgewählt
aus der Gruppe Ti4+, Zr4+ und Sn4+ sowie gegebenenfalls ein oder mehrere Kationen aus der
Gruppe Mn2+, Cr2+, In3+, V2+, Fe2+, Pb4+, Li1+, Co2+, Sc3+, Zn2+, Cu2+, U6+, Mg2+, Hf4+, Mo3+,
Mi2+, Mb4+, Ti3+, W4+, Mo4+, Fe3+, Mn3+, V3+, Re4+, Ir4+, Ru4+, W5+, Ta5+, Cr3+, Ga3+, Co3+,
Mo5+, Ni3+', Sb5+, W6+, Nb5+, Mo6+, Fe4+, Re5+, V4+, Te6+, V5+, Cu3+, Al3+, Mn4+, Ge4+, Y3+,
Gd3+, Dy3+, Ho3+, Er3+, Yb3+, Tb3+ und Lu3+ umfassen,
<claim-text><claim-text>0.98 ≤ a1 + a2 + .... + an ≤ 1.02,</claim-text><claim-text>0.98 ≤ b1 + b2 + ....+ bm ≤ 1.02,</claim-text><claim-text>a1 + a2 + .... + an + b1 + b2 + .... + bm ≤ 2,</claim-text><claim-text>a1*n1 + a2*n2 + ...+ an*nn + b1*m1 + b2*m2 + ... + bm*mm ≤ 6 ist.</claim-text></claim-text></claim-text>
    </claim>
  </claims>
  <copyright>User acknowledges that the Information Retrieval Facility (IRF) and its third party providers retain all right, title and interest in and to this xml under applicable copyright laws. User acquires no ownership rights to this xml including but not limited to its format. User hereby accepts the terms and conditions of the Licence Agreement set forth at http://www.ir-facility.org/legal/marec/data_licence</copyright>
</patent-document>
