<?xml version="1.0" encoding="utf-8"?>
<!DOCTYPE patent-document PUBLIC "-//MXW//DTD patent-document XML//EN" "http://www.ir-facility.org/dtds/patents/v1.4/patent-document.dtd">
<patent-document ucid="EP-1254834-A1" country="EP" doc-number="1254834" kind="A1" lang="FR" family-id="8862900" status="new" date-produced="20090516" date="20021106">
  <bibliographic-data>
    <publication-reference ucid="EP-1254834-A1" status="new" fvid="23584352">
      <document-id status="new" format="original">
        <country>EP</country>
        <doc-number>1254834</doc-number>
        <kind>A1</kind>
        <date>20021106</date>
      </document-id>
    </publication-reference>
    <application-reference ucid="EP-02291074-A" status="new" is-representative="NO">
      <document-id status="new" format="epo">
        <country>EP</country>
        <doc-number>02291074</doc-number>
        <kind>A</kind>
        <date>20020429</date>
      </document-id>
    </application-reference>
    <priority-claims status="new">
      <priority-claim ucid="FR-0105867-A" status="new">
        <document-id status="new" format="epo">
          <country>FR</country>
          <doc-number>0105867</doc-number>
          <kind>A</kind>
          <date>20010502</date>
        </document-id>
      </priority-claim>
    </priority-claims>
    <technical-data status="new">
      <classifications-ipcr>
        <classification-ipcr status="new">B64D  25/00        20060101C I20051008RMEP        </classification-ipcr>
        <classification-ipcr status="new">B64D  25/14        20060101A I20051008RMEP        </classification-ipcr>
      </classifications-ipcr>
      <classification-ecla status="new">
        <classification-symbol scheme="EC">B64D  25/14</classification-symbol>
      </classification-ecla>
      <invention-title load-source="ep" status="new" lang="DE">Schnelle Evakuationseinheit für ein Luftfahrzeug</invention-title>
      <invention-title load-source="ep" status="new" lang="EN">Fast evacuation device for aircraft</invention-title>
      <invention-title load-source="ep" status="new" lang="FR">Dispositif d'évacuation rapide, pour aéronef</invention-title>
    </technical-data>
    <parties>
      <applicants>
        <applicant status="new" format="epo">
          <addressbook>
            <name>AIRBUS FRANCE</name>
            <address>
              <country>FR</country>
            </address>
          </addressbook>
        </applicant>
        <applicant status="new" format="intermediate">
          <addressbook>
            <name>AIRBUS FRANCE</name>
          </addressbook>
        </applicant>
        <applicant status="new" format="original">
          <addressbook>
            <last-name>AIRBUS FRANCE</last-name>
            <address>
              <street>316 Route de Bayonne</street>
              <city>31060 Toulouse</city>
              <country>FR</country>
            </address>
          </addressbook>
        </applicant>
      </applicants>
      <inventors>
        <inventor status="new" format="epo">
          <addressbook>
            <name>BADERSPACH JEROME</name>
            <address>
              <country>FR</country>
            </address>
          </addressbook>
        </inventor>
        <inventor status="new" format="epo">
          <addressbook>
            <name>COSTECALDE CHRISTIAN</name>
            <address>
              <country>FR</country>
            </address>
          </addressbook>
        </inventor>
        <inventor status="new" format="epo">
          <addressbook>
            <name>RONDOT SEBASTIEN</name>
            <address>
              <country>FR</country>
            </address>
          </addressbook>
        </inventor>
        <inventor status="new" format="intermediate">
          <addressbook>
            <name>BADERSPACH, JEROME</name>
          </addressbook>
        </inventor>
        <inventor status="new" format="intermediate">
          <addressbook>
            <name>COSTECALDE, CHRISTIAN</name>
          </addressbook>
        </inventor>
        <inventor status="new" format="intermediate">
          <addressbook>
            <name>RONDOT, SEBASTIEN</name>
          </addressbook>
        </inventor>
        <inventor status="new" format="original">
          <addressbook>
            <last-name>Baderspach, Jérôme</last-name>
            <address>
              <street>Rés. Le Renoir, Bâtiment A, 28, rue Auguste Renoir</street>
              <city>31200 TOULOUSE</city>
              <country>FR</country>
            </address>
          </addressbook>
        </inventor>
        <inventor status="new" format="original">
          <addressbook>
            <last-name>COSTECALDE, CHRISTIAN</last-name>
            <address>
              <street>18, impasse des Ramiers</street>
              <city>31300 Beauzelle</city>
              <country>FR</country>
            </address>
          </addressbook>
        </inventor>
        <inventor status="new" format="original">
          <addressbook>
            <last-name>Rondot, Sébastien</last-name>
            <address>
              <street>Appartement 42, 45 Grande Rue Saint Michel</street>
              <city>31400 Toulouse</city>
              <country>FR</country>
            </address>
          </addressbook>
        </inventor>
      </inventors>
      <agents>
        <agent status="new" format="original">
          <addressbook>
            <last-name>Poulin, Gérard</last-name>
            <address>
              <street>c/o Brevalex, 3, rue du docteur Lancereaux</street>
              <city>75008 Paris</city>
              <country>FR</country>
            </address>
          </addressbook>
        </agent>
      </agents>
    </parties>
    <international-convention-data>
      <designated-states>
        <ep-contracting-states>
          <country>AT</country>
          <country>BE</country>
          <country>CH</country>
          <country>CY</country>
          <country>DE</country>
          <country>DK</country>
          <country>ES</country>
          <country>FI</country>
          <country>FR</country>
          <country>GB</country>
          <country>GR</country>
          <country>IE</country>
          <country>IT</country>
          <country>LI</country>
          <country>LU</country>
          <country>MC</country>
          <country>NL</country>
          <country>PT</country>
          <country>SE</country>
          <country>TR</country>
        </ep-contracting-states>
      </designated-states>
    </international-convention-data>
  </bibliographic-data>
  <abstract load-source="ep" status="new" lang="FR">
    <p>Un toboggan gonflable (18) est placé dans un
logement (20), à proximité d'une porte d'accès (16) à
une cabine (14) d'aéronef. Plus précisément, le
logement (20) est situé dans une zone pressurisée de
l'aéronef, mais en dehors de la paroi délimitant la
cabine (14). Ainsi, il n'existe aucune contrainte pour
délimiter le logement (20) à l'intérieur de l'aéronef.
Vers l'extérieur, le logement (20) est fermé par une
trappe (24) apte à résister à la pression. Un verrou
(30) bloque normalement la trappe (24) en position
fermée. Un mécanisme (32) relie ce verrou (30) à la
porte (16) lorsque le système (33) d'armement du
toboggan est armé. L'ouverture de la porte (16) a alors
pour effet de déverrouiller la trappe (24), qui s'ouvre
ensuite sous l'effet du gonflage du toboggan (18).
<img id="img-00000001" orientation="unknown" wi="76" img-format="tif" img-content="ad" file="00000001.tif" inline="no" he="117"/></p>
  </abstract>
  <description load-source="ep" status="new" lang="FR">
    <heading>
      <b>Domaine technique</b>
    </heading>
    <p num="0001">L'invention concerne un dispositif conçu pour
permettre l'évacuation rapide des passagers d'un
aéronef en cas de nécessité, par exemple lors d'un
atterrissage d'urgence.</p>
    <p num="0002">Un dispositif conforme à l'invention peut être
utilisé sur tout type d'aéronef, et notamment sur les
avions civils destinés au transport de passagers ainsi
que sur les aéronefs militaires affectés au transport
de troupes.</p>
    <heading>
      <b>Etat de la technique</b>
    </heading>
    <p num="0003">Les avions de transport civil sont équipés
pour permettre l'évacuation rapide des passagers en cas
de nécessité, c'est-à-dire notamment lors d'un
atterrissage d'urgence.</p>
    <p num="0004">L'évacuation d'urgence des passagers doit
pouvoir être faite sans avoir recours à des moyens
extérieurs à l'avion. Lorsque les portes de l'avion au
sol sont situées à une hauteur significative, il est
souvent proposé d'effectuer cette évacuation à l'aide
de toboggans.</p>
    <p num="0005">Dans ce cas, les toboggans sont réalisés dans
des matériaux souples, afin de pouvoir être stockés, à
l'état plié, à bord de l'avion. Des boudins gonflables
donnent alors aux toboggans la forme et la rigidité
souhaitées, lorsqu'ils doivent être utilisés. </p>
    <p num="0006">Pour permettre une mise en oeuvre rapide,
chaque toboggan est stocké, à l'état plié, à proximité
immédiate de l'issue avec laquelle il doit pouvoir être
utilisé. Pour réaliser ce stockage, les emplacements
utilisés actuellement sont essentiellement de deux
types.</p>
    <p num="0007">La solution la plus courante consiste à
stocker le toboggan dégonflé et plié dans la cabine des
passagers, près de l'issue, fréquemment à demeure
contre la porte de celle-ci. Un dispositif dit
"d'armement" permet, lorsqu'il est en position armée,
de fixer le toboggan au seuil de porte et de déclencher
le gonflage du toboggan dès l'ouverture de la porte.
Lorsque ce dispositif est en position désarmée, le
dispositif d'armement autorise l'ouverture de la porte
sans gonfler le toboggan, pour permettre l'embarquement
et le débarquement des passagers dans des conditions
normales.</p>
    <p num="0008">Le stockage des toboggans dans la cabine des
passagers présente l'inconvénient d'occuper un volume
non négligeable, qui réduit d'autant l'espace
disponible à l'intérieur de la cabine et peut, dans
certains cas, entraíner une gêne pour les passagers et
l'équipage.</p>
    <p num="0009">De plus, lorsque le toboggan est implanté sur
la porte, il alourdit celle-ci, ce qui complique sa
conception et sa manipulation. En outre, cette
implantation impose la présence d'un système complexe
d'accrochage déconnectable du toboggan au seuil de
l'issue.</p>
    <p num="0010">Une autre solution connue consiste à stocker
le toboggan replié dans un logement situé dans une zone 
non pressurisée, en dehors de la cabine des passagers.
Un tel logement peut être situé sur le dessus de
l'aile, pour être utilisé conjointement avec les issues
de secours qui surplombent l'aile. Comme l'illustre le
document EP-A-0 518 461, le logement dans lequel est
stocké le toboggan replié peut aussi être aménagé sous
la cabine des passagers, juste en dessous de la porte.
Ce logement est rigide et étanche vis-à-vis des zones
pressurisées de l'avion. Il comporte, sur sa face
tournée vers l'extérieur de l'avion, une ouverture
normalement fermée par une trappe qui assure la
continuité aérodynamique du fuselage.</p>
    <p num="0011">Cette solution permet d'éviter les problèmes
découlant de l'implantation du toboggan à l'intérieur
de la cabine. Cependant, il n'est pas possible de
stocker le toboggan dans la voilure lorsque l'issue est
éloignée de celle-ci.</p>
    <p num="0012">Par ailleurs, l'implantation d'un logement non
pressurisé dans le fuselage, lui-même pressurisé,
s'avère une solution pénalisante en termes de masse, en
particulier lorsque les dimensions du logement sont
importantes.</p>
    <p num="0013">De plus le toboggan situé en zone non
pressurisée est soumis à des cycles de variations de
pression et de température défavorables, qui induisent
des opérations de maintenance préventive plus
importantes que lorsqu'il est implanté en zone
pressurisée.</p>
    <heading>
      <b>Exposé de l'invention</b>
    </heading>
    <p num="0014">L'invention a précisément pour objet un
dispositif d'évacuation rapide d'un aéronef, dont la 
conception originale est telle que l'espace disponible
à l'intérieur de la cabine des passagers n'est pas
réduit et que les inconvénients découlant de
l'implantation d'un toboggan en zone non pressurisée
sont supprimés.</p>
    <p num="0015">Conformément à l'invention, ce résultat est
obtenu au moyen d'un dispositif d'évacuation rapide
d'un aéronef comprenant une structure dont une paroi
délimite une cabine apte à recevoir des passagers, au
moins une ouverture formée dans la paroi et une porte
d'accès apte à fermer ladite ouverture, le dispositif
d'évacuation rapide comportant un logement prévu dans
ladite structure, à proximité de la porte, un toboggan
gonflable placé dans le logement, une trappe fermant le
logement vers l'extérieur de l'aéronef, des moyens
d'armement-désarmement du toboggan et des moyens pour
commander une ouverture automatique de la trappe lors
d'une ouverture de la porte, lorsque les moyens
d'armement-désarmement occupent un état armé,
caractérisé en ce que le logement est situé dans une
zone pressurisée de l'aéronef, extérieure à la paroi
délimitant la cabine.</p>
    <p num="0016">L'implantation du toboggan dans une zone
extérieure à la cabine des passagers permet notamment
de ne pas réduire l'espace disponible dans celle-ci et
de simplifier la porte. De plus, du fait que le
logement contenant le toboggan est situé dans une zone
pressurisée, il n'existe aucun impératif pour délimiter
ce logement vers l'intérieur de l'avion. Ainsi, cette
délimitation peut être faite par une structure déjà
présente dans l'avion ou, de préférence, par un caisson
de protection du toboggan vis-à-vis des agressions 
diverses, par exemple mécaniques ou chimiques. Du fait
qu'il ne subit pas les efforts liés à la pressurisation
de l'avion, ce caisson présente alors une structure
légère, même lorsque le toboggan est de très grande
taille.</p>
    <p num="0017">Pour tenir compte du fait que le toboggan est
logé dans une zone pressurisée de l'aéronef, la trappe
est apte à résister, en vol, à des différences de
pression entre la zone pressurisée et l'extérieur de
l'aéronef.</p>
    <p num="0018">Pour la même raison, des moyens d'étanchéité
sont interposés entre la trappe et une enveloppe
extérieure de l'aéronef.</p>
    <p num="0019">Ces moyens d'étanchéité peuvent notamment
comprendre un joint gonflable.</p>
    <p num="0020">Avantageusement, les moyens pour commander une
ouverture automatique de la trappe comprennent des
moyens de verrouillage de la trappe en position fermée
et un mécanisme reliant lesdits moyens de verrouillage
à la porte par l'intermédiaire des moyens d'armement-désarmement,
lorsque ceux-ci occupent leur état armé.
Le mécanisme est alors désolidarisé de la porte lorsque
les moyens d'armement-désarmement occupent un état
désarmé.</p>
    <p num="0021">Selon un premier mode de réalisation de
l'invention, dit "à verrouillage réactif", des moyens
élastiques sollicitent les moyens de verrouillage dans
le sens du déverrouillage de la trappe, de façon à
permettre l'ouverture de celle-ci lorsque la porte est
ouverte et agissent sur ledit mécanisme par
l'intermédiaire des moyens d'armement-désarmement,
lorsque ceux-ci occupent leur état armé. </p>
    <p num="0022">Avantageusement, le mécanisme comprend alors
une tige apte à coulisser selon son axe et à tourner
autour dudit axe dans un élément de structure de
l'aéronef, une extrémité de ladite tige agissant sur
les moyens de verrouillage à l'encontre de l'action des
moyens élastiques. Dans ce cas, le mécanisme comprend
en outre des moyens de butée s'opposant à un
coulissement de la tige selon son axe dans le sens de
l'action des moyens élastiques, lorsque la tige occupe
une première position angulaire, et autorisant ledit
coulissement lorsque la tige occupe une deuxième
position angulaire. En outre, les moyens d'armement-désarmement
agissent sur la tige pour la faire tourner
autour dudit axe, entre la première position angulaire
et la deuxième position angulaire, lorsque les moyens
d'armement-désarmement passent de leur état désarmé à
leur état armé, et inversement.</p>
    <p num="0023">Selon un deuxième mode de réalisation,
préféré, de l'invention, dit "à verrouillage actif",
les moyens de verrouillage sont interposés entre la
trappe et un élément de structure de l'aéronef. Le
mécanisme agit alors sur la trappe de façon à la
déplacer entre une première position dans laquelle les
moyens de verrouillage sont verrouillés et une deuxième
position dans laquelle les moyens de verrouillage sont
déverrouillés, lorsque le mécanisme est relié à la
porte par l'intermédiaire des moyens d'armement-désarmement.</p>
    <p num="0024">Dans ce cas, le mécanisme comprend
avantageusement une tringlerie qui agit sur la trappe
par une liaison, déconnectable automatiquement lorsque
la trappe occupe sa deuxième position. </p>
    <p num="0025">De préférence, un moyen de rappel agit alors
sur la tringlerie pour maintenir normalement la trappe
dans sa première position.</p>
    <p num="0026">Dans le deuxième mode de réalisation de
l'invention, on donne avantageusement à la trappe une
configuration de type "bouchon". A cet effet, la trappe
comprend des butées aptes à être en appui contre des
butées complémentaires liées à une structure
d'encadrement de la trappe, sous l'action des
différences de pression qui existent, en vol, entre la
zone pressurisée et l'extérieur de l'aéronef, lorsque
la trappe occupe sa première position.</p>
    <heading>
      <b>Brève description des dessins</b>
    </heading>
    <p num="0027">On décrira à présent, à titre d'exemples
illustratifs et non limitatifs, différents modes de
réalisation de l'invention, en se référant aux dessins
annexés, dans lesquels :
<ul list-style="bullet"><li>la figure 1 est une vue en coupe transversale
illustrant un premier mode de réalisation d'un
dispositif d'évacuation rapide d'aéronef conforme à
l'invention, intégrant des moyens de verrouillage dits
"réactifs" de la trappe d'évacuation du toboggan ;</li><li>la figure 2 est une vue en coupe selon la
ligne II-II de la figure 1 ;</li><li>la figure 3 est une vue comparable à la
figure 1, illustrant un deuxième mode de réalisation,
préféré, d'un dispositif d'évacuation rapide selon
l'invention, intégrant des moyens de verrouillage dits
"actifs" de la trappe ; et </li><li>la figure 4 est une vue en coupe transversale
montrant des éléments complémentaires du dispositif de
la figure 3.</li></ul></p>
    <heading>
      <b>Description détaillée de plusieurs modes de réalisation
de l'invention</b>
    </heading>
    <p num="0028">Un premier mode de réalisation d'un dispositif
d'évacuation rapide conforme à l'invention va être
décrit en se référant aux figures 1 et 2.</p>
    <p num="0029">Sur la figure 1, on a représenté, en coupe
transversale, une partie latérale de la paroi 10 du
fuselage d'un aéronef, ainsi qu'une partie attenante du
plancher 12 de la cabine pressurisée 14 destinée à
recevoir les passagers. Plus précisément, la partie de
la paroi 10 du fuselage représentée sur la figure 1
comporte une ouverture normalement fermée par une porte
d'accès 16 dont seule la partie basse est visible.
Cette ouverture permet aux passagers d'accéder à la
cabine 14 lorsque l'avion est au sol. Elle constitue
également une issue de secours, en cas de nécessité. La
paroi 10 et le plancher 12 appartiennent l'un et
l'autre à la structure de l'aéronef. Ils constituent à
eux deux la paroi délimitant la cabine 14 apte à
recevoir les passagers.</p>
    <p num="0030">Conformément à l'invention, un toboggan
gonflable 18 est stocké, à l'état dégonflé, dans un
logement 20 aménagé dans une zone pressurisée de
l'aéronef, extérieure à la paroi délimitant la cabine
14. La forme et les dimensions du logement 20 sont
adaptées à celles du toboggan 18.</p>
    <p num="0031">Dans le mode de réalisation illustré sur la
figure 1, le logement 20 est placé dans le fuselage 10, 
en dessous du plancher 12 et de la porte 16. En
variante, il peut toutefois être situé dans tout autre
emplacement localisé en zone pressurisée et placé à
proximité immédiate d'une issue.</p>
    <p num="0032">Etant donné que le logement 20 est situé dans
une zone pressurisée, il n'a pas besoin d'être délimité
vers l'intérieur de l'aéronef par des cloisons épaisses
aptes à résister aux fortes contraintes mécaniques
appliquées sur les pièces qui séparent les zones
pressurisées des zones non pressurisées. Par
conséquent, le logement 20 n'a pas besoin d'être
délimité par une structure renforcée à l'intérieur de
l'aéronef.</p>
    <p num="0033">Toutefois, dans le mode de réalisation
représenté sur la figure 1, le logement 20 recevant le
toboggan 18 à l'état plié est délimité, à l'intérieur
de l'aéronef, par un caisson de protection 22 de
structure légère. Ce caisson 22 a pour fonction de
protéger le toboggan 18 vis-à-vis des agressions de
toute nature telles que les agressions mécaniques dues,
par exemple, à des aspérités ou à des corps étrangers
et les agressions chimiques pouvant avoir pour origine
les ruissellements naturels, les produits d'entretien,
les fumées, etc..</p>
    <p num="0034">Comme l'illustre schématiquement la figure 1,
le logement 20 est délimité, vers l'extérieur de
l'aéronef, par une trappe 24. Dans les conditions
normales, la trappe 24 est fermée et obture de façon
étanche une ouverture prévue dans la paroi 10 du
fuselage. Cette ouverture est délimitée par un cadre 23
et située en dessous de la porte 16, dans le mode de
réalisation représenté. La surface extérieure de la 
trappe 24 assure alors la continuité aérodynamique du
fuselage de l'aéronef. En outre, la trappe 24 est
conçue pour résister, pendant le vol, aux différences
de pression qui existent alors entre le logement 20 en
zone pressurisée et l'extérieur de l'aéronef.</p>
    <p num="0035">Les dimensions de l'ouverture normalement
fermée par la trappe 24 tiennent compte des dimensions
du toboggan 18 qui devra être déployé, des contraintes
de place dans le fuselage et des impératifs
d'installation d'autres systèmes présents à l'intérieur
du fuselage. Comme on l'a déjà observé, ces impératifs
peuvent conduire à réaliser le logement 20 à un autre
emplacement par rapport à la porte d'accès 16, sous
réserve que cet emplacement permette de déployer le
toboggan 18 en dessous de ladite porte.</p>
    <p num="0036">La trappe 24 peut être articulée sur la paroi
10 du fuselage de l'aéronef par des charnières 26,
comme on l'a représenté sur la figure 1. Tout autre
moyen d'articulation tel qu'un pantographe ou autre
peut également être utilisé. En variante, la trappe 24
peut aussi être séparable du fuselage. Le choix entre
ces différentes solutions est fait dans chaque cas
particulier, en tenant compte notamment des critères de
déploiement du toboggan 18 et des opérations de
maintenance.</p>
    <p num="0037">Dans le mode de réalisation représenté sur la
figure 1, dans lequel la trappe 24 est liée à la
structure de l'aéronef par des charnières 26, un ou
plusieurs vérins 27, par exemple de type pneumatique,
peuvent être prévus pour faciliter les mouvements de la
trappe. </p>
    <p num="0038">Lorsque la trappe 24 est fermée, des moyens
d'étanchéité 28, tels qu'un joint gonflable ou non,
limitent les fuites de pressurisation vers l'extérieur
de l'aéronef. Plus précisément, le joint 28 est
interposé entre la trappe 24 et son encadrement 23, lié
à la structure de l'aéronef.</p>
    <p num="0039">La trappe 24 est normalement maintenue en
position fermée par des moyens de verrouillage 30. Un
mécanisme 32 relie ces moyens de verrouillage 30 à la
porte d'accès 16, par l'intermédiaire de moyens 33
d'armement-désarmement, lorsque ces moyens 33 occupent
un état "armé". Au contraire, le mécanisme 32 est
désolidarisé de la porte 16 lorsque les moyens 33
d'armement-désarmement occupent un état "désarmé".</p>
    <p num="0040">De façon classique, les moyens 33 d'armement-désarmement
sont prévus pour pouvoir être manoeuvrés par
l'équipage depuis l'intérieur de la cabine 14 lorsque
la porte d'accès 16 est fermée.</p>
    <p num="0041">Grâce à l'agencement qui vient d'être décrit,
une ouverture de la porte 16 a pour effet de
déverrouiller les moyens de verrouillage 30 lorsque les
moyens 33 d'armement-désarmement occupent leur état
armé. Par conséquent, la trappe 24 s'ouvre
automatiquement et libère le toboggan 18 sous l'action
de moyens de gonflage (non représentés) associés à ce
dernier, de la même manière que dans les dispositifs
d'évacuation rapide de l'art antérieur. Au contraire,
lorsqu'une ouverture de la porte 16 se produit alors
que les moyens 33 d'armement-désarmement occupent leur
état désarmé, la trappe 24 reste verrouillée en
position fermée par les moyens de verrouillage 30. </p>
    <p num="0042">Dans le mode de réalisation représenté sur la
figure 1, les moyens de verrouillage 30 sont de type
"réactifs". Ils sont matérialisés par un levier 34,
supporté par un élément de structure de l'aéronef
attenant au bord supérieur de l'encadrement 23 qui
délimite l'ouverture obturée par la trappe 24.</p>
    <p num="0043">Plus précisément, le levier 34 est monté sur
ledit élément de structure par l'intermédiaire d'un axe
36, de façon à pouvoir pivoter autour d'un axe
géométrique sensiblement parallèle à l'axe longitudinal
de l'aéronef. Le levier 34 comporte une extrémité 38 en
forme de crochet, repliée vers le bas. Cette extrémité
38 est normalement en prise sur un crochet 40, replié
vers le haut et solidaire de la trappe 24, de façon à
empêcher le pivotement de celle-ci vers l'extérieur de
l'aéronef, c'est-à-dire dans le sens de son ouverture.
Cette position, représentée en trait plein sur la
figure 1, correspond à la position de verrouillage des
moyens de verrouillage 30.</p>
    <p num="0044">Le levier 34 comprend également, à proximité
de son extrémité 38, une butée 42, orientée vers le
haut. Cette butée 42 est en appui contre l'extrémité
inférieure d'une tige verticale 44 matérialisant le
mécanisme 32. La tige 44 est montée dans un élément de
structure de l'aéronef, matérialisé dans ce cas par le
plancher 12, de façon à pouvoir tourner et coulisser
selon son axe, à l'intérieur d'un alésage 46 traversant
le plancher.</p>
    <p num="0045">Le déplacement vers le haut de la tige 44 à
l'intérieur de l'alésage 46 est limité par la venue en
appui de deux épaulements complémentaires 48 et 50
formés respectivement sur chacune de ces pièces. </p>
    <p num="0046">En outre et comme le montre mieux la figure 2,
la tige 44 porte au moins une clavette 52 (deux dans le
mode de réalisation représenté). Les clavettes 52 sont
normalement en appui contre un épaulement 54 formé dans
l'alésage 46, de façon à s'opposer à une remontée de la
tige 44 lorsque celle-ci occupe sa position basse, dans
laquelle elle maintient le levier 34 en position
verrouillée.</p>
    <p num="0047">Comme on le voit sur la figure 2, des rainures
56 sont pratiquées dans l'alésage 46, parallèlement à
son axe vertical, de façon à déboucher sur l'épaulement
54. Le nombre et l'agencement des rainures 56 sont tels
que toutes les clavettes 52 peuvent être amenées
simultanément en face d'une rainure 56 par une rotation
de la tige 44 autour de son axe. Un déplacement vers le
haut de la tige 44 et, par conséquent, un
déverrouillage des moyens de verrouillage 30 sont alors
possibles.</p>
    <p num="0048">Les moyens 33 d'armement-désarmement sont
matérialisés par une poignée 58, solidaire d'une tige
60, d'axe vertical, montée dans la partie basse de la
porte 16 de façon à pouvoir tourner autour dudit axe.
Lorsque la porte 16 est fermée, les tiges 44 et 60 sont
alignées selon un même axe vertical et en appui l'une
contre l'autre. De plus, l'extrémité haute de la tige
44 et l'extrémité basse de la tige 60 présentent des
formes complémentaires, par exemple de type "tenon-mortaise",
de façon telle que les deux tiges 44 et 60
sont alors en prise l'une sur l'autre et liées l'une à
l'autre en rotation.</p>
    <p num="0049">Grâce à l'agencement qui vient d'être décrit,
lorsque la porte 16 est fermée, une manoeuvre de la 
poignée 58 permet de faire passer les moyens 33
d'armement-désarmement d'une position armée à une
position désarmée, et inversement.</p>
    <p num="0050">Dans la position armée, l'orientation
angulaire des tiges 44 et 60 autour de leur axe commun
est telle que les clavettes 52 portées par l'axe 44 se
trouvent en face des rainures 56 formées dans l'alésage
46. La tige 44 est alors libre de se déplacer vers le
haut lorsque la porte 16 est ouverte.</p>
    <p num="0051">Dans la position désarmée, l'orientation
angulaire des tiges 44 et 60 autour de leur axe commun
est telle que les clavettes 52 sont en appui contre
l'épaulement 54 formé dans l'alésage 46. Tout mouvement
vers le haut de la tige 44 est alors impossible, quelle
que soit la position de la porte 16.</p>
    <p num="0052">Enfin, dans le mode de réalisation des figures
1 et 2 où les moyens de verrouillage 30 sont de type
réactif, un moyen élastique matérialisé par un ressort
de traction 62 est interposé entre le levier 34 et un
élément de structure de l'aéronef, constitué dans ce
cas par le plancher 12 de la cabine 14.</p>
    <p num="0053">Quand la porte 16 de l'aéronef est fermée
alors que les moyens 33 d'armement-désarmement occupent
leur état désarmé, les clavettes 52 de l'axe 44 sont en
appui contre l'épaulement 54 formé dans l'alésage 46.
L'axe 44 est donc maintenu en position basse lorsqu'on
procède à l'ouverture de la porte 16. Cette position
permet ainsi l'embarquement et le débarquement des
passagers sans risque d'ouverture de la trappe 24
puisque le levier 34 est maintenu en position
verrouillée par la tige 44. </p>
    <p num="0054">En revanche, lorsque les moyens 33 d'armement-désarmement
occupent leur état armé, les clavettes 52
se trouvent en face des rainures 56 formées dans
l'alésage 46. De façon connue, la cinématique
d'ouverture de la porte 16 est telle qu'elle se déplace
d'abord vers le haut, puis sensiblement parallèlement à
la paroi 10 du fuselage, avant de s'écarter
progressivement de celui-ci en dégageant l'ouverture
formée dans la paroi. En raison de cette cinématique,
la tige 44 est libérée dès le début de l'ouverture de
la porte 16. Par conséquent, le levier 34 se déplace
vers le haut sous l'action du ressort de traction 62.
Cela a pour effet de dégager du crochet 40 l'extrémité
38 du levier 34. Les moyens de gonflage (non
représentés) du toboggan 18 assurent alors l'ouverture
de la trappe 24 ainsi libérée et le déploiement du
toboggan à l'extérieur de l'aéronef, en dessous de la
porte 16.</p>
    <p num="0055">Quelle que soit la position occupée par les
moyens 33 d'armement-désarmement, il est à noter que la
porte 16, lorsqu'elle est fermée et verrouillée,
contribue au verrouillage de la trappe 24 du toboggan
18.</p>
    <p num="0056">Un deuxième mode de réalisation, préféré, de
l'invention va à présent être décrit en se référant aux
figures 3 et 4.</p>
    <p num="0057">Ce mode de réalisation se distingue
principalement du précédent par le fait que les moyens
de verrouillage 30 y sont "actifs", et non "réactifs".
Cela signifie que, dans ce cas, le mouvement
d'ouverture de la porte 16 commande directement le
déverrouillage des moyens de verrouillage 30 de la 
trappe 24. En d'autres termes, il n'est pas nécessaire
de prévoir des moyens élastiques comparables au ressort
de traction 62 sur la figure 1 pour commander le
déverrouillage de la trappe.</p>
    <p num="0058">Une autre différence importante entre les
premier et deuxième modes de réalisation de l'invention
concerne le fait que, dans le deuxième mode de
réalisation, la trappe 24 du toboggan est de type
"bouchon". En d'autres termes, la trappe 24 comporte
des butées 64, l'encadrement 23 comporte des butées 66
et ces butées 64 et 66 sont en appui mutuel lorsque la
trappe est fermée, les butées 64 de la trappe étant
situées vers l'intérieur de l'aéronef par rapport aux
butées 66. Ainsi, la différence de pression qui existe
en vol entre l'intérieur du fuselage, où est situé le
logement 20, pressurisé et l'extérieur de l'aéronef
tend à plaquer les butées 64 et 66 les unes contre les
autres.</p>
    <p num="0059">Dans le mode de réalisation illustré sur les
figures 3 et 4, la trappe 24 est articulé sur le bas de
l'encadrement 23 par des charnières coulissantes 26'.
En plus du fait qu'elles permettent un pivotement de la
trappe 24 autour d'un axe sensiblement parallèle à
l'axe longitudinal de l'aéronef, les charnières
coulissantes 26' autorisent un déplacement vers le haut
de la trappe 24 à partir de sa position basse
verrouillée illustrée en trait plein sur la figure 3.</p>
    <p num="0060">A cet effet, la branche de la charnière 26'
qui porte la trappe 24 est munie de galets 68, reçus
dans une rainure de guidage 70 formée dans la trappe.
Bien entendu, tout autre mécanisme connu de l'homme du
métier, permettant d'obtenir ce double mouvement de 
pivotement et de coulissement, peut être utilisé sans
sortir du cadre de l'invention.</p>
    <p num="0061">Comme l'illustre la figure 3, les moyens de
verrouillage 30 comprennent, dans ce cas, au moins un
crochet de verrouillage 72, solidaire de la trappe 24,
ainsi qu'un ou plusieurs galets 74, solidaires de
l'encadrement 23. Les crochets de verrouillage 72 sont
ouverts vers le bas, de façon à coiffer les galets 74
lorsque la trappe 24 occupe sa position basse
verrouillée. Les crochets de verrouillage 72 ainsi que
les butées 64 et 66 empêchent alors toute ouverture de
la trappe 24.</p>
    <p num="0062">On a représenté sur la figure 4 l'un des modes
de réalisation possibles d'un mécanisme de relevage 76
reliant dans ce cas la trappe 24 à la porte 16 au
travers des moyens 33 d'armement-désarmement, lorsque
ceux-ci occupent leur état armé.</p>
    <p num="0063">Dans ce cas, le mécanisme de relevage 76
comprend une tige 78 supportée de façon coulissante par
un élément de structure de l'aéronef, tel que le
plancher 12 de la cabine 14, selon une direction
sensiblement verticale. A son extrémité haute, la tige
78 porte une glissière 80, orientée selon une direction
sensiblement horizontale.</p>
    <p num="0064">La glissière 80 est apte à recevoir un doigt
mobile 82 (par exemple, coulissant) lié mécaniquement à
la porte 16. Le doigt mobile 82 est commandé
directement par les moyens 33 d'armement-désarmement
qui équipent la porte 16. Ainsi, lorsque les moyens 33
occupent leur état armé, le doigt 82 est reçu dans la
glissière 80. La tige 78 est alors liée en translation
à la porte lors d'un déplacement vertical de celle-ci. 
Au contraire, lorsque les moyens 33 d'armement-désarmement
occupent leur état désarmé, le doigt 82 est
à l'extérieur de la glissière 80 et il n'existe pas de
liaison entre la porte 16 et la tige 78.</p>
    <p num="0065">A son extrémité inférieure, la tige 78 est
articulée à l'extrémité haute d'une première bielle 84,
dont l'extrémité basse est elle-même articulée sur un
premier levier 86. Ce premier levier 86 est solidaire
d'un deuxième levier 88 et tous deux sont montés
pivotants sur un élément de structure de l'aéronef, tel
que le plancher 12 de la cabine 14, autour d'un axe 90
sensiblement parallèle au plan du plancher 12. Une
deuxième bielle 92 est articulée à son tour, par son
extrémité haute, sur le deuxième levier 88. Enfin,
l'extrémité inférieure de la deuxième bielle 92 porte
un crochet de levage 94 à son extrémité inférieure. Ce
crochet de levage 94 est normalement placé en dessous
d'un galet horizontal 96 solidaire de la trappe 24,
lorsque celle-ci est en position basse, tel qu'illustré
en trait plein sur la figure 4.</p>
    <p num="0066">Les éléments 78, 84, 86, 88 et 92 constituent
une tringlerie reliant la glissière 80 au crochet 94.
Par ailleurs, le crochet de levage 94 et le galet 96
forment une liaison entre cette tringlerie et la trappe
24. Cette liaison est déconnectable automatiquement
lorsque la trappe 24 est en position haute.</p>
    <p num="0067">Dans l'agencement qui vient d'être décrit,
lorsque les moyens 33 d'armement-désarmement occupent
leur état armé, le déplacement de la porte 16 vers le
haut qui se produit au début de son ouverture a pour
effet un déplacement simultané, également vers le haut,
de la trappe 24. </p>
    <p num="0068">Lors du déplacement vers le haut de la porte
16, l'ensemble constitué par les bielles 84 et 92 et
les leviers 86 et 88 réduit l'amplitude du mouvement
transmis au crochet de levage 94 par la tige 78. Plus
précisément, dans le mode de réalisation représenté où
la longueur du levier 86 est double de celle du levier
88, le crochet de levage 94 se déplace sur une distance
égale à la moitié du déplacement de la tige 78. Par
conséquent, le déplacement vers le haut de la porte 16
est double de celui de la trappe 24.</p>
    <p num="0069">Bien entendu, cela ne constitue qu'un exemple
de réalisation, nullement limitatif de la portée de
l'invention. De façon plus générale, le rapport entre
les déplacements de la porte 16 et de la trappe 24 peut
être quelconque et notamment égal à un. Dans ce dernier
cas, la tige 78 agit directement sur le crochet de
levage 94 par son extrémité inférieure.</p>
    <p num="0070">Le déplacement vers le haut de la trappe 24,
qui découle de l'ouverture de la porte 16 lorsque le
doigt 82 se trouve dans la glissière 80 (état armé), a
pour effet de dégager les crochets de verrouillage 72
des galets 74 (figure 3) et de dégager les butées 64
par rapport aux butées 66. Par conséquent, la trappe 24
s'ouvre ensuite automatiquement notamment sous l'effet
du gonflage du toboggan. Il est à noter que l'ouverture
de la trappe est également rendue possible par le fait
que le crochet de levage 94 dont l'extrémité est placée
sous le galet 96 et est ouvert en direction du
mouvement d'ouverture de la trappe. Le toboggan se
déploie alors sous la porte 16 pour permettre
l'évacuation d'urgence des passagers. </p>
    <p num="0071">Lorsque le doigt 82 est à l'extérieur de la
glissière 80 (état désarmé), l'ouverture de la porte 16
est sans effet sur la trappe 24. Celle-ci reste donc
dans sa position basse illustrée en trait plein sur les
figures 3 et 4, dans laquelle la trappe reste
verrouillée par les crochets de verrouillage 72, en
prise sur les galets 74.</p>
    <p num="0072">Le deuxième mode de réalisation de l'invention
qui vient d'être décrit en se référant aux figures 3 et
4 est préféré au premier car il permet de commander
directement un déverrouillage positif de la trappe du
toboggan en manoeuvrant la porte d'accès à la cabine,
sans avoir recours à un moyen élastique annexe tel
qu'un ressort.</p>
    <p num="0073">Bien entendu, l'invention n'est pas limitée
aux modes de réalisation qui viennent d'être décrits à
titre d'exemples. Ainsi et uniquement à titre
d'exemple, dans le deuxième mode de réalisation décrit
en référence aux figures 3 et 4, l'ensemble constitué
par le crochet de levage 94 et le galet 96 peut être
remplacé par tout autre mécanisme permettant de
soulever la trappe 24 avec la porte 16 lorsque les
moyens 33 d'armement-désarmement sont désarmés, sans
s'opposer ensuite à l'ouverture de la trappe et de la
porte. De surcroít, un ressort de faible capacité peut
agir sur la tige 78 afin de la maintenir en position
basse dans les conditions d'ouverture normales de la
porte 16.</p>
  </description>
  <claims load-source="ep" status="new" lang="FR">
    <claim num="1">
      <claim-text>Dispositif d'évacuation rapide d'un
aéronef comprenant une structure dont une paroi (10,
12) délimite une cabine (14) apte à recevoir des
passagers, au moins une ouverture formée dans la paroi
(10, 12) et une porte d'accès (16) apte à fermer ladite
ouverture, le dispositif d'évacuation rapide comportant
un logement (20) prévu dans ladite structure, à
proximité de la porte (16), un toboggan gonflable (18)
placé dans le logement (20), une trappe (24) fermant le
logement (20) vers l'extérieur de l'aéronef, des moyens
(33) d'armement-désarmement du toboggan (18) et des
moyens (30, 32, 76) pour commander une ouverture
automatique de la trappe (24) lors d'une ouverture de
la porte (16), lorsque les moyens (33) d'armement-désarmement
occupent un état armé, caractérisé en ce
que le logement (20) est situé dans une zone
pressurisée de l'aéronef, extérieure à la paroi (10,
12) délimitant la cabine (14).</claim-text>
    </claim>
    <claim num="2">
      <claim-text>Dispositif d'évacuation rapide selon la
revendication 1, dans lequel le logement (20) est
délimité, vers l'intérieur de l'aéronef, par un caisson
de protection (22) apte à s'opposer à des agressions
mécaniques ou chimiques.</claim-text>
    </claim>
    <claim num="3">
      <claim-text>Dispositif d'évacuation rapide selon
l'une quelconque des revendications 1 et 2, dans lequel
la trappe (24) est apte à résister, en vol, à des
différences de pression entre la zone pressurisée et
l'extérieur de l'aéronef.</claim-text>
    </claim>
    <claim num="4">
      <claim-text>Dispositif d'évacuation rapide selon
l'une quelconque des revendications 1 à 3, dans lequel
des moyens d'étanchéité (28) sont interposés entre la
trappe (24) et une enveloppe extérieure (10) de
l'aéronef.</claim-text>
    </claim>
    <claim num="5">
      <claim-text>Dispositif d'évacuation rapide selon la
revendication 4, dans lequel les moyens d'étanchéité
(28) comprennent un joint gonflable.</claim-text>
    </claim>
    <claim num="6">
      <claim-text>Dispositif d'évacuation rapide selon
l'une quelconque des revendications 1 à 5, dans lequel
les moyens pour commander une ouverture automatique de
la trappe comprennent des moyens de verrouillage (30)
de la trappe (24) en position fermée et un mécanisme
(32, 76) reliant lesdits moyens de verrouillage (30) à
la porte (16) par l'intermédiaire des moyens (33)
d'armement-désarmement, lorsque ceux-ci occupent leur
état armé, ledit mécanisme (32, 76) étant désolidarisé
de la porte (16) lorsque les moyens (33) d'armement-désarmement
occupent un état désarmé.</claim-text>
    </claim>
    <claim num="7">
      <claim-text>Dispositif d'évacuation rapide selon la
revendication 6, dans lequel des moyens élastiques (62)
sollicitent les moyens de verrouillage (30) dans le
sens du déverrouillage de la trappe (24), de façon à
permettre l'ouverture de celle-ci lorsque la porte (16)
est ouverte et agissent sur ledit mécanisme (32) par
l'intermédiaire des moyens (33) d'armement-désarmement,
lorsque ceux-ci occupent leur état armé.</claim-text>
    </claim>
    <claim num="8">
      <claim-text>Dispositif selon la revendication 7,
dans lequel ledit mécanisme (32) comprend une tige (44)
apte à coulisser selon son axe et à tourner autour
dudit axe dans un élément de structure (12) de
l'aéronef, une extrémité de ladite tige (44) agissant
sur les moyens de verrouillage (34) à l'encontre de
l'action des moyens élastiques (62), le mécanisme (32)
comprenant en outre des moyens de butée (52, 54)
s'opposant à un coulissement de la tige (44) selon son
axe dans le sens de l'action des moyens élastiques
(62), lorsque la tige (44) occupe une première position
angulaire, et autorisant ledit coulissement lorsque la
tige (44) occupe une deuxième position angulaire, les
moyens (33) d'armement-désarmement agissant sur la tige
(44) pour la faire tourner autour dudit axe, entre la
première position angulaire et la deuxième position
angulaire, lorsque les moyens (33) d'armement-désarmement
passent de leur état désarmé à leur état
armé, et inversement.</claim-text>
    </claim>
    <claim num="9">
      <claim-text>Dispositif d'évacuation rapide selon la
revendication 6, dans lequel les moyens de verrouillage
(30) sont interposés entre la trappe (24) et un élément
de structure (74) de l'aéronef, ledit mécanisme (72)
agissant sur la trappe (24) de façon à la déplacer
entre une première position dans laquelle les moyens de
verrouillage (30) sont verrouillés et une deuxième
position dans laquelle les moyens de verrouillage (30)
sont déverrouillés, lorsque le mécanisme (72) est relié
à la porte (16) par l'intermédiaire des moyens (33)
d'armement-désarmement.</claim-text>
    </claim>
    <claim num="10">
      <claim-text>Dispositif d'évacuation rapide selon la
revendication 9, dans lequel ledit mécanisme (72)
comprend une tringlerie (78, 84, 86, 88, 92)agissant
sur la trappe (24) par une liaison (94, 96),
déconnectable automatiquement lorsque la trappe (24)
occupe sa deuxième position.</claim-text>
    </claim>
    <claim num="11">
      <claim-text>Dispositif d'évacuation rapide selon la
revendication 10, dans lequel un moyen de rappel agit
sur la tringlerie pour maintenir normalement la trappe
(24) dans sa première position.</claim-text>
    </claim>
    <claim num="12">
      <claim-text>Dispositif d'évacuation rapide selon
l'une quelconque des revendications 9 à 11, dans lequel
la trappe (24) comprend des butées (64) aptes à être en
appui contre des butées complémentaires (66) liées à
une structure d'encadrement (23) de la trappe (24),
sous l'action des différences de pression qui existent,
en vol, entre la zone pressurisée et l'extérieur de
l'aéronef, lorsque la trappe (24) occupe sa première
position.</claim-text>
    </claim>
  </claims>
  <copyright>User acknowledges that the Information Retrieval Facility (IRF) and its third party providers retain all right, title and interest in and to this xml under applicable copyright laws. User acquires no ownership rights to this xml including but not limited to its format. User hereby accepts the terms and conditions of the Licence Agreement set forth at http://www.ir-facility.org/legal/marec/data_licence</copyright>
</patent-document>
