<?xml version="1.0" encoding="utf-8"?>
<!DOCTYPE patent-document PUBLIC "-//MXW//DTD patent-document XML//EN" "http://www.ir-facility.org/dtds/patents/v1.4/patent-document.dtd">
<patent-document ucid="EP-1259089-A1" country="EP" doc-number="1259089" kind="A1" lang="FR" family-id="8863223" status="new" date-produced="20090516" date="20021120">
  <bibliographic-data>
    <publication-reference ucid="EP-1259089-A1" status="new" fvid="23613570">
      <document-id status="new" format="original">
        <country>EP</country>
        <doc-number>1259089</doc-number>
        <kind>A1</kind>
        <date>20021120</date>
      </document-id>
    </publication-reference>
    <application-reference ucid="EP-02291136-A" status="new" is-representative="NO">
      <document-id status="new" format="epo">
        <country>EP</country>
        <doc-number>02291136</doc-number>
        <kind>A</kind>
        <date>20020506</date>
      </document-id>
    </application-reference>
    <priority-claims status="new">
      <priority-claim ucid="FR-0106306-A" status="new">
        <document-id status="new" format="epo">
          <country>FR</country>
          <doc-number>0106306</doc-number>
          <kind>A</kind>
          <date>20010514</date>
        </document-id>
      </priority-claim>
    </priority-claims>
    <technical-data status="new">
      <classifications-ipcr>
        <classification-ipcr status="new">G06K  19/07        20060101AFI20051220RMJP        </classification-ipcr>
        <classification-ipcr status="new">G06K  19/07        20060101CFI20051220RMJP        </classification-ipcr>
        <classification-ipcr status="new">H04M   1/274       20060101C I20051008RMEP        </classification-ipcr>
        <classification-ipcr status="new">H04M   1/2745      20060101A I20060722RMEP        </classification-ipcr>
        <classification-ipcr status="new">H04M   1/275       20060101A I20051008RMEP        </classification-ipcr>
        <classification-ipcr status="new">H04W  88/00        20090101C I20090105RMEP        </classification-ipcr>
        <classification-ipcr status="new">H04W  88/02        20090101A I20090105RMEP        </classification-ipcr>
      </classifications-ipcr>
      <classification-ecla status="new">
        <classification-symbol scheme="EC">H04M   1/2745</classification-symbol>
        <classification-symbol scheme="EC">H04M   1/275</classification-symbol>
        <classification-symbol scheme="EC">H04Q   7/32</classification-symbol>
        <classification-symbol scheme="EC">H04W  88/02</classification-symbol>
        <classification-symbol scheme="ICO">T04M1:2745A</classification-symbol>
        <classification-symbol scheme="ICO">T04M1:2745E</classification-symbol>
        <classification-symbol scheme="ICO">T04Q7:32A6</classification-symbol>
      </classification-ecla>
      <invention-title load-source="ep" status="new" lang="DE">Verfahren zur Datenverwaltung in dem Speicher einer SIM-Karte eines mobilen Geräts</invention-title>
      <invention-title load-source="ep" status="new" lang="EN">Data management method in the SIM card memory of mobile equipment</invention-title>
      <invention-title load-source="ep" status="new" lang="FR">Procédé de gestion des données stockées dans la mémoire d'une carte sim d'un équipement mobile</invention-title>
    </technical-data>
    <parties>
      <applicants>
        <applicant status="new" format="epo">
          <addressbook>
            <name>CIT ALCATEL</name>
            <address>
              <country>FR</country>
            </address>
          </addressbook>
        </applicant>
        <applicant status="new" format="intermediate">
          <addressbook>
            <name>ALCATEL</name>
          </addressbook>
        </applicant>
        <applicant status="new" format="original">
          <addressbook>
            <last-name>ALCATEL ALSTHOM COMPAGNIE GENERALE D'ELECTRICITE</last-name>
            <address>
              <street>54, rue La Boétie</street>
              <city>75008 Paris</city>
              <country>FR</country>
            </address>
          </addressbook>
        </applicant>
      </applicants>
      <inventors>
        <inventor status="new" format="epo">
          <addressbook>
            <name>AUGUI STEPHANE</name>
            <address>
              <country>FR</country>
            </address>
          </addressbook>
        </inventor>
        <inventor status="new" format="epo">
          <addressbook>
            <name>FU DANBIN</name>
            <address>
              <country>CN</country>
            </address>
          </addressbook>
        </inventor>
        <inventor status="new" format="epo">
          <addressbook>
            <name>THIL HERVE</name>
            <address>
              <country>FR</country>
            </address>
          </addressbook>
        </inventor>
        <inventor status="new" format="epo">
          <addressbook>
            <name>TRICOCHE MARC</name>
            <address>
              <country>FR</country>
            </address>
          </addressbook>
        </inventor>
        <inventor status="new" format="intermediate">
          <addressbook>
            <name>AUGUI, STEPHANE</name>
          </addressbook>
        </inventor>
        <inventor status="new" format="intermediate">
          <addressbook>
            <name>FU, DANBIN</name>
          </addressbook>
        </inventor>
        <inventor status="new" format="intermediate">
          <addressbook>
            <name>THIL, HERVE</name>
          </addressbook>
        </inventor>
        <inventor status="new" format="intermediate">
          <addressbook>
            <name>TRICOCHE, MARC</name>
          </addressbook>
        </inventor>
        <inventor status="new" format="original">
          <addressbook>
            <last-name>Augui, Stéphane</last-name>
            <address>
              <street>38, rue de la Folie Méricourt</street>
              <city>75011 Paris</city>
              <country>FR</country>
            </address>
          </addressbook>
        </inventor>
        <inventor status="new" format="original">
          <addressbook>
            <last-name>FU, DANBIN</last-name>
            <address>
              <street>Room 202, No 32, Lane 478 Fanghua Rd</street>
              <city>Shanghai</city>
              <country>CN</country>
            </address>
          </addressbook>
        </inventor>
        <inventor status="new" format="original">
          <addressbook>
            <last-name>Thil, Hervé</last-name>
            <address>
              <street>26 bis rue de Solférino</street>
              <city>92100 Boulogne</city>
              <country>FR</country>
            </address>
          </addressbook>
        </inventor>
        <inventor status="new" format="original">
          <addressbook>
            <last-name>TRICOCHE, MARC</last-name>
            <address>
              <street>320 Route des Avollions</street>
              <city>74320 Sevrier</city>
              <country>FR</country>
            </address>
          </addressbook>
        </inventor>
      </inventors>
      <agents>
        <agent status="new" format="original">
          <addressbook>
            <last-name>Korakis-Ménager, Sophie</last-name>
            <address>
              <street>Compagnie Financière Alcatel Département Propriété Industrielle 30, avenue Kléber</street>
              <city>75116 Paris</city>
              <country>FR</country>
            </address>
          </addressbook>
        </agent>
      </agents>
    </parties>
    <international-convention-data>
      <designated-states>
        <ep-contracting-states>
          <country>AT</country>
          <country>BE</country>
          <country>CH</country>
          <country>CY</country>
          <country>DE</country>
          <country>DK</country>
          <country>ES</country>
          <country>FI</country>
          <country>FR</country>
          <country>GB</country>
          <country>GR</country>
          <country>IE</country>
          <country>IT</country>
          <country>LI</country>
          <country>LU</country>
          <country>MC</country>
          <country>NL</country>
          <country>PT</country>
          <country>SE</country>
          <country>TR</country>
        </ep-contracting-states>
      </designated-states>
    </international-convention-data>
  </bibliographic-data>
  <abstract load-source="ep" status="new" lang="FR">
    <p>La présente invention concerne un procédé de gestion des données stockées dans la
mémoire d'une carte SIM d'un équipement mobile comprenant un terminal de
radiocommunication équipé d'une telle carte, selon lequel au moins une structure de
données est créée en fonction desdites données.</p>
    <p>Cette structure (SD) est stockée dans une zone de mémoire du terminal, et indexée selon
lesdites données de la carte SIM.
<img id="img-00000001" orientation="unknown" wi="95" img-format="tif" img-content="ad" file="00000001.tif" inline="no" he="97"/></p>
  </abstract>
  <description load-source="ep" status="new" lang="FR">
    <p num="0001">L'invention concerne un procédé de gestion des données stockées dans la
mémoire d'une carte SIM (en anglais « Suscriber Identity Module », module d'identité
de l'abonné) d'un équipement mobile, en particulier un téléphone mobile.</p>
    <p num="0002">Elle se rapporte plus précisément à un procédé de gestion des données
stockées dans la mémoire d'une carte SIM d'un équipement mobile comprenant un
terminal de radiocommunication équipé d'une telle carte, selon lequel au moins une
structure de données est créée en fonction desdites données.</p>
    <p num="0003">Il est connu de gérer les données stockées dans la mémoire de la carte SIM
directement par une structure également stockée dans la mémoire de la carte SIM.
Cependant cette mémoire étant limitée se posent des problèmes d'encombrement
nécessitant par exemple la compression des données stockées dans la mémoire de la
carte SIM afin d'augmenter la capacité de stockage de cette dernière comme
divulgué dans le document de brevet GB 2 317 246.</p>
    <p num="0004">La carte SIM contient essentiellement des informations basiques telles que les
numéros de téléphone et les noms des correspondants mais ne permet pas
l'enregistrement de données additionnelles du type catégories ou familles de
numéros.</p>
    <p num="0005">La présente invention résoud ce problème et, pour ce faire, selon le procédé
conforme à l'invention, ladite structure est stockée dans une zone de mémoire du
terminal, cette structure de données étant indexée selon lesdites données de la carte
SIM.</p>
    <p num="0006">Ce procédé présente un avantage : il évite toute duplication des données de
la mémoire de la carte SIM et limite donc l'encombrement de mémoire nécessaire.</p>
    <p num="0007">Selon le mode de réalisation préféré, ladite structure de données est gérée
dans ladite mémoire et organise les données stockées dans la carte SIM, cette
structure comportant une liaison avec les identifiants enregistrés du module d'identité
SIM et pour chacun de ceux-ci des informations additionnelles.</p>
    <p num="0008">Avantageusement, ladite structure de données comporte des identifiants
indexés selon lesdites données de la carte SIM, et parmi celles-ci les noms classés par
ordre alphabétique et leurs items SIM étant associés ainsi que d'autres identifiants.</p>
    <p num="0009">De préférence, ces identifiants sont : <ul list-style="bullet"><li>Item « nouvelle donnée » : code selon qu'il s'agisse de la même
donnée SIM ou d'une nouvelle donnée ;</li><li>Item « famille » : idenfifiant associé au nom : codes pour privé, pour
professionnel, pour autre, pour non classé ;</li><li>Item « dernier appel » : marquage du dernier numéro appelé avec la
carte : codes pour non ou oui ;</li><li>Item « catégorie » : identifiant associé aux différents numéros
associés à un même nom : codes pour domicile, pour mobile, pour
bureau ou pour réservé.</li></ul></p>
    <p num="0010">Avantageusement, un programme de vérification de la cohérence est mis en
fonction lorsqu'un déplacement de la carte SIM est détecté.</p>
    <p num="0011">La structure de données étant enregistrée dans la mémoire de l'équipement,
il est nécessaire de la réactualiser en fonction de modifications des données de la
carte SIM; c'est le cas par exemple quand la carte SIM est enlevée de son
équipement pour être utilisée sur un autre équipement et ses données en
conséquence modifiées ; il faut alors lors de sa réinstallation sur l'équiment d'origine
réindexer la structure de données.</p>
    <p num="0012">De préférence, ledit programme de vérification lit tous les enregistrements
du fichier SIM et vérifie si l'entrée existe ou non dans ladite structure de données, la
structure de données étant modifiée pour être en concordance avec le fichier SIM.</p>
    <p num="0013">Plus précisément, ce programme de vérification comprend la création d'une
structure de données temporaire destinée à remplacer ladite structure de données,
une fois toutes les données traitées.</p>
    <p num="0014">Avantageusement, cette structure de données temporaire est construite par
comparaison de ses items SIM et des items SIM de ladite structure de données, par
initialisation des items par défaut, par lecture des items « nouvelle donnée » et par
comparaison des noms et items associés.</p>
    <p num="0015">L'invention concerne également un équipement mobile comprenant un
terminal de radiocommunication équipé d'une carte SIM, des données étant stockées
dans une mémoire de la carte SIM, caractérisé en ce qu'il comporte :
<ul list-style="bullet"><li>des moyens pour créer au moins une structure de données relative auxdites
données de la carte SIM, dans une zone de mémoire du terminal de
radiocommunication, et </li><li>des moyens d'indexation de cette structure de données (SD) selon lesdites
données de la carte SIM.</li></ul></p>
    <p num="0016">D'autres caractéristiques de l'invention apparaítront à la lecture de la
description suivante.</p>
    <p num="0017">L'invention est décrite ci-après plus en détail à l'aide de figures ne
représentant que des exemples de réalisation.</p>
    <p num="0018">La figure 1 est un tableau représentant l'état des identifiants enregistrés dans
une carte SIM.</p>
    <p num="0019">La figure 2 est un tableau représentant l'état des identifiants enregistrés dans
une structure de données mémorisée dans l'appareil.</p>
    <p num="0020">La figure 3 est un tableau représentant l'état des identifiants de la carte SIM
après modification.</p>
    <p num="0021">La figure 4 est un tableau représentant l'état des identifiants enregistrés dans
une structure de données temporaire mémorisée dans l'appareil lors du programme
de vérification.</p>
    <p num="0022">De façon classique, les données stockées dans la mémoire de la carte SIM
comporte jusqu'à 255 données comprenant des noms et des numéros d'appel
associés à ces noms, données entrées par l'utilisateur dans un ordre aléatoire.</p>
    <p num="0023">Le principe de l'invention est de gérer les informations additionnelles dans la
mémoire du terminal, par exemple un téléphone mobile, et d'exécuter un
programme de vérification de la cohérence lorsqu'une carte SIM est insérée.</p>
    <p num="0024">Une ou plusieurs structures de données sont gérées dans ladite mémoire et
organisent les données stockées dans la carte SIM. Elles comportent une liaison avec
les identifiants enregistrés du module d'identité SIM et pour chacun de ceux-ci des
informations additionnelles.</p>
    <p num="0025">Ces identifiants enregistrés du module d'identité SIM se présentent sous la
forme du tableau représenté en figure 1. Ils sont constitués de la liste des items SIM
(numéros d'ordre d'entrée des données), des noms et numéros de téléphone
associés.</p>
    <p num="0026">Dans un premier temps, une première structure de données de type RDM
(en anglais Rémanent Data Memory) enregistrée dans la mémoire de l'appareil peut
être qualifiée de structure «famille». Les caractéristiques de chaque famille, une 
famille d'appels consistant en trois numéros possibles pour un nom, sont les
suivants :
<ul list-style="bullet"><li>Identifiant d'activation : Yes/No
Il indique si la structure doit être utilisée ou non, c'est-à-dire si l'appareil
mobile est dans un mode de gestion de familles ou non ; la valeur par
défaut est No ;</li><li>IMSI (identifiant caractérisant la carte SIM)</li><li>Identifiant de catégorie : 0 pour privé, 1 pour professionnel et 2 pour
autres</li><li>Identifiant de mélodie</li><li>Restriction d'appels : Yes/No (par exemple, ne recevoir que les
appels d'une catégorie).</li></ul></p>
    <p num="0027">Cette première structure de données est spécifiquement liée à la constitution
des familles.</p>
    <p num="0028">Une seconde structure de données SD également de type RDM enregistrée
dans la mémoire de l'appareil est constituée en fonction des données de la carte SIM
et destinée à gérer lesdites données. Si l'on considère les données du tableau 1, les
noms i sont ici classés par ordre alphabétique et leurs items SIM sont associés. Divers
identifiants additionnels, ici appelés items de statut, leur sont également associés.
Ceci peut se schématiser par le tableau de données obtenu en figure 2.</p>
    <p num="0029">Plus précisément, les identifiants sont les suivants :
<ul list-style="bullet"><li>Item « nouvelle donnée » : 0 s'il s'agit de la même donnée SIM, 1 s'il
s'agit d'une nouvelle donnée ;</li><li>Item « famille » : identifiant associé au nom : 00 pour privé, 01 pour
professionnel, 11 pour autre, 11 pour non classé ;</li><li>Item « dernier appel » : marquage du dernier numéro appelé avec la
carte : 0 pour non, 1 pour oui ;</li><li>Item « catégorie » : identifiant associé aux différents numéros
associés à un même nom : 00 pour domicile, 01 pour mobile, 10
pour bureau, 11 pour réservé.</li></ul></p>
    <p num="0030">De plus, un mot d'un byte est enregistré correspondant à la reconnaissance
vocale. </p>
    <p num="0031">Ainsi est créée la structure de données SD en fonction des données de la
carte SIM, cette structure SD étant stockée dans une zone de mémoire du terminal.</p>
    <p num="0032">La structure de données étant enregistrée dans la mémoire du terminal, il
doit être possible de la réactualiser en fonction de modifications des données de la
carte SIM; c'est le cas par exemple quand la carte SIM est enlevée du terminal pour
être utilisée sur un autre terminal et ses données en conséquence modifiées, des
données pouvant être ajoutées et d'autres supprimées ; il faut alors lors de sa
réinstallation sur le terminal d'origine réindexer la structure de données. Une telle
modification de la carte SIM est schématisée sur la figure 3.</p>
    <p num="0033">Dans le cas d'un simple déplacement de la carte SIM, le code IMSI de cette
carte est celui enregistré dans la première structure de données, les identifiants de
catégorie restent inchangés. Si une donnée n'a pas d'information de famille, il lui est
donnée une valeur par défaut (non classé), dans les autres cas elles restent
inchangées.</p>
    <p num="0034">Dans le cas d'une insertion d'une nouvelle carte SIM avec un code IMSI
différent, les informations enregistrées dans la première structure restent inchangées
hormis le code IMSI. Si l'utilisateur souhaite classer un nom dans une famille ou
associer plusieurs numéros à un nom, l'information est réindéxée et le module
d'identité de l'abonné devient le module d'identité principal.</p>
    <p num="0035">Selon l'invention, un programme de vérification de la cohérence est mis en
fonction lorsqu'un déplacement de la carte SIM est détecté.</p>
    <p num="0036">Ce programme de vérification lit tous les enregistrements du fichier SIM et
vérifie si l'entrée existe ou non dans la structure de données. Une fois ce programme
réalisé, la structure de données est modifiée pour être en concordance avec le fichier
SIM, c'est-à-dire que tous les nouveaux enregistrements du module d'identité SIM
sont ajoutés dans la structure de données et tous les enregistrements de la structure
de données non trouvés dans le module SIM sont retirés de la structure de données.</p>
    <p num="0037">Pour ce faire, une structure de données temporaire SD' est créée dans la
mémoire de l'équipement, cette structure étant construite comme suit et schématisé
sur la figure 4:
<ul list-style="bullet"><li>Tous les items de la carte SIM avec les noms classés par ordre
alphabétique sont lus ; </li><li>La structure temporaire SD' reprend les items correspondants de la
carte SIM après classement par ordre alphabétique;</li><li>Tous les items de statut sont initialisés par défaut : item « nouvelle
donnée » : 1 (nouvelle), item « famille » : 11 (non classé); item
« dernier appel » : 0 (non), item « catégrie » : 00 (domicile) ;</li><li>Pour chaque item de cette structure temporaire SD', l'on vérifie si
l'item existe dans la liste de la structure de données SD;</li><li>Si l'item n'existe pas dans la structure SD (figure 4 : item SIM = 7 et
6), rien n'est fait c'est-à-dire que les valeurs par défaut sont
conservées (item « nouvelle donnée » = 1);</li><li>Si l'item existe dans la structure SD (figure 4 : item SIM = 3, 4, 5, 1),
l'item « nouvelle donnée » est testé :
<ul list-style="bullet"><li>si cet item est égal à 1 dans la structure SD (figure 4 : items
SIM = 3, 4 et 1), alors les autres items sont modifiés comme
suit : item « nouvelle donnée » : 1, item « famille » : item
« famille » de la structure SD, item « dernier appel » : item
« dernier appel de la structure SD, item « catégorie » : item
« catégorie» de la structure SD ;</li><li>si cet item est égal à 0 dans la structure SD (figure 4 : item
SIM = 5), alors le nom associé à l'item SIM (figure 4 : nom 4)
et le nom associé à l'item SIM précédent (figure 4 : nom
4) sont lus;</li><li>si les deux noms sont identiques et si l'item précédent de la
structure SD est identique à l'item SIM précédent, alors les
items de statut de la structure SD' sont remplacés par les
items de statut de la structure SD (figure 4 : item « nouvelle
donnée » = 0);</li><li>si les deux noms ne sont pas identiques ou si l'item précédent
de la structure SD n'est pas identique à l'item SIM précédent,
rien n'est fait c'est-à-dire que les valeurs par défaut sont
conservées.</li></ul></li></ul></p>
    <p num="0038">Lorsque tous les items SIM ont été traités, la structure de données SD est
remplacée par la structure de donnés SD' et la structure temporaire SD' est
supprimée.</p>
    <p num="0039">L'on obtient par ce procédé des données de 2 à 3 bytes dans la structure de
données SD et une dimension de chaque structure de données inférieure ou égale à
512 bytes.</p>
  </description>
  <claims load-source="ep" status="new" lang="FR">
    <claim num="1">
      <claim-text>Procédé de gestion des données stockées dans la mémoire d'une carte SIM
d'un équipement mobile comprenant un terminal de radiocommunication
équipé d'une telle carte, procédé selon lequel au moins une structure de
données est créée en fonction desdites données, caractérisé en ce que cette
structure de données (SD) est stockée dans une zone de mémoire du terminal,
et est indexée selon lesdites données de la carte SIM.</claim-text>
    </claim>
    <claim num="2">
      <claim-text>Procédé selon la revendication 1, caractérisé en ce que ladite structure de
données (SD) est gérée dans ladite mémoire et organise les données stockées
dans la carte SIM, cettedite structure de données (SD) comportant une liaison
avec les identifiants enregistrés du module d'identité SIM et pour chacun de
ceux-ci des informations additionnelles.</claim-text>
    </claim>
    <claim num="3">
      <claim-text>Procédé selon la revendication 2, caractérisé en ce que ladite structure de
données (SD) comporte des identifiants indexés selon lesdites données de la
carte SIM, et parmi celles-ci les noms classés par ordre alphabétique et leurs
items SIM étant associés ainsi que d'autres identifiants.</claim-text>
    </claim>
    <claim num="4">
      <claim-text>Procédé selon la revendication 3, caractérisé en ce que ces identifiants sont :
<claim-text><claim-text>Item « nouvelle donnée » : code selon qu'il s'agisse de la même donnée
SIM ou d'une nouvelle donnée ;</claim-text><claim-text>Item « famille » : identifiant associé au nom : codes pour privé, pour
professionnel, pour autre, pour non classé ;</claim-text><claim-text>Item « dernier appel » : marquage du dernier numéro appelé avec la
carte : codes pour non ou oui ;</claim-text><claim-text>Item « catégorie » : identifiant associé aux différents numéros associés à un
même nom : codes pour domicile, pour mobile, pour bureau ou pour
réservé.</claim-text></claim-text></claim-text>
    </claim>
    <claim num="5">
      <claim-text>Procédé selon l'une des revendications précédentes, caractérisé en ce qu'un
programme de vérification de la cohérence est mis en fonction lorsqu'un
déplacement de la carte SIM est détecté.</claim-text>
    </claim>
    <claim num="6">
      <claim-text>Procédé selon la revendication 5, caractérisé en ce que ledit programme de
vérification lit tous les enregistrements du fichier SIM et vérifie si l'entrée existe
ou non dans ladite structure de données (SD), la structure de données (SD)
étant modifiée pour être en concordance avec le fichier SIM.</claim-text>
    </claim>
    <claim num="7">
      <claim-text>Procédé selon la revendication 6, caractérisé en ce que ce programme de
vérification comprend la création d'une structure de données temporaire (SD')
destinée à remplacer ladite structure de données (SD), une fois toutes les
données traitées.</claim-text>
    </claim>
    <claim num="8">
      <claim-text>Procédé selon la revendication 7, caractérisé en ce que cette structure de
données temporaire (SD') est construite par comparaison de ses items et des
items de ladite structure de données (SD), par initialisation des items par
défaut, par lecture des items « nouvelle donnée » et par comparaison des noms
et items associés.</claim-text>
    </claim>
    <claim num="9">
      <claim-text>Procédé selon la revendication 8, caractérisé en ce que cette structure de
données temporaire (SD') comporte les étapes et tests suivants :
<claim-text><claim-text>La structure temporaire (SD') reprend les items correspondants de la carte
SIM après classement par ordre alphabétique des noms;</claim-text><claim-text>Tous les items de statut sont initialisés par défaut : item « nouvelle donnée » :
code correspondant à nouvelle donnée, item « famille » : code
correspondant à non classé; item « dernier appel» : code correspondant à
non, item « catégorie » : code correspondant à domicile;</claim-text><claim-text>Pour chaque item de cette structure (SD'), l'on vérifie si l'item existe dans la
liste de la structure de données (SD);</claim-text><claim-text>Si l'item n'existe pas dans la structure (SD), rien n'est fait c'est-à-dire que les
valeurs par défaut sont conservées (item « nouvelle donnée » = 1);</claim-text><claim-text>Si l'item existe dans la structure (SD), l'item « nouvelle donnée » est testé :
<claim-text><claim-text>si cet item est égal au code correspondant à nouvelle donnée dans la
structure (SD), alors les autres items sont modifiés comme suit : item
« nouvelle donnée » : code correspondant à nouvelle donnée, item
« famille » : item «famille » de la structure (SD), item « dernier
appel» : item « dernier appel de la structure (SD), item « catégorie » :
item « catégorie » de la structure (SD) ;</claim-text><claim-text>si cet item est égal au code correspondant à même donnée dans la
structure (SD), alors l'on lit le nom associé à l'item SIM et le nom
associé à l'item SIM précédent;</claim-text><claim-text>si les deux noms sont identiques et si l'item précédent de la structure
(SD) est identique à l'item SIM précédent, alors les item de statut de la
structure temporaire (SD') sont remplacés par les item de statut de la
structure (SD) ;</claim-text><claim-text>si les deux noms ne sont pas identiques ou si l'item précédent de la
structure (SD) n'est pas identique à l'item SIM précédent, rien n'est fait
c'est-à-dire que les valeurs par défaut sont conservées.</claim-text></claim-text></claim-text></claim-text></claim-text>
    </claim>
    <claim num="10">
      <claim-text>Equipement mobile comprenant un terminal de radiocommunication équipé
d'une carte SIM, des données étant stockées dans une mémoire de la carte
SIM, caractérisé en ce qu'il comporte :
<claim-text><claim-text>des moyens pour créer au moins une structure de données relative auxdites
données de la carte SIM, dans une zone de mémoire du terminal de
radiocommunication, et</claim-text><claim-text>des moyens d'indexation de cette structure de données (SD) selon lesdites
données de la carte SIM.</claim-text></claim-text></claim-text>
    </claim>
  </claims>
  <copyright>User acknowledges that the Information Retrieval Facility (IRF) and its third party providers retain all right, title and interest in and to this xml under applicable copyright laws. User acquires no ownership rights to this xml including but not limited to its format. User hereby accepts the terms and conditions of the Licence Agreement set forth at http://www.ir-facility.org/legal/marec/data_licence</copyright>
</patent-document>
