<?xml version="1.0" encoding="utf-8"?>
<!DOCTYPE patent-document PUBLIC "-//MXW//DTD patent-document XML//EN" "http://www.ir-facility.org/dtds/patents/v1.4/patent-document.dtd">
<patent-document ucid="EP-1254914-A1" country="EP" doc-number="1254914" kind="A1" lang="DE" family-id="7683271" status="new" date-produced="20090516" date="20021106">
  <bibliographic-data>
    <publication-reference ucid="EP-1254914-A1" status="new" fvid="23584156">
      <document-id status="new" format="original">
        <country>EP</country>
        <doc-number>1254914</doc-number>
        <kind>A1</kind>
        <date>20021106</date>
      </document-id>
    </publication-reference>
    <application-reference ucid="EP-02008195-A" status="new" is-representative="NO">
      <document-id status="new" format="epo">
        <country>EP</country>
        <doc-number>02008195</doc-number>
        <kind>A</kind>
        <date>20020417</date>
      </document-id>
    </application-reference>
    <priority-claims status="new">
      <priority-claim ucid="DE-10121163-A" status="new">
        <document-id status="new" format="epo">
          <country>DE</country>
          <doc-number>10121163</doc-number>
          <kind>A</kind>
          <date>20010430</date>
        </document-id>
      </priority-claim>
    </priority-claims>
    <technical-data status="new">
      <classifications-ipcr>
        <classification-ipcr status="new">B01D  53/02        20060101AFI20051220RMJP        </classification-ipcr>
        <classification-ipcr status="new">B01D  53/02        20060101CFI20051220RMJP        </classification-ipcr>
        <classification-ipcr status="new">B01J  45/00        20060101A I20051008RMEP        </classification-ipcr>
        <classification-ipcr status="new">B01J  45/00        20060101C I20051008RMEP        </classification-ipcr>
        <classification-ipcr status="new">C02F   1/28        20060101ALI20051220RMJP        </classification-ipcr>
        <classification-ipcr status="new">C02F   1/28        20060101CLI20051220RMJP        </classification-ipcr>
        <classification-ipcr status="new">C08F   8/00        20060101A I20051008RMEP        </classification-ipcr>
        <classification-ipcr status="new">C08F   8/00        20060101C I20051008RMEP        </classification-ipcr>
        <classification-ipcr status="new">C08F   8/30        20060101ALI20051220RMJP        </classification-ipcr>
        <classification-ipcr status="new">C08F  12/00        20060101ALI20051220RMJP        </classification-ipcr>
        <classification-ipcr status="new">C08F  12/00        20060101CLI20051220RMJP        </classification-ipcr>
      </classifications-ipcr>
      <classification-ecla status="new">
        <classification-symbol scheme="EC">B01J  45/00</classification-symbol>
        <classification-symbol scheme="EC">C08F   8/00+212/00</classification-symbol>
      </classification-ecla>
      <invention-title load-source="ep" status="new" lang="DE">Verfahren zur Herstellung heterodisperser Chelatharze</invention-title>
      <invention-title load-source="ep" status="new" lang="EN">Process for the preparation of hetero-dispersed chelating resins</invention-title>
      <invention-title load-source="ep" status="new" lang="FR">Procédé de préparation de résines chélatantes hétérodispersées</invention-title>
    </technical-data>
    <parties>
      <applicants>
        <applicant status="new" format="epo">
          <addressbook>
            <name>BAYER AG</name>
            <address>
              <country>DE</country>
            </address>
          </addressbook>
        </applicant>
        <applicant status="new" format="intermediate">
          <addressbook>
            <name>BAYER AG</name>
          </addressbook>
        </applicant>
        <applicant status="new" format="original">
          <addressbook>
            <last-name>BAYER AG</last-name>
            <address>
              <street/>
              <city>51368 Leverkusen</city>
              <country>DE</country>
            </address>
          </addressbook>
        </applicant>
      </applicants>
      <inventors>
        <inventor status="new" format="epo">
          <addressbook>
            <name>HEES BRUNO</name>
            <address>
              <country>DE</country>
            </address>
          </addressbook>
        </inventor>
        <inventor status="new" format="epo">
          <addressbook>
            <name>IRMSCHER DIETER</name>
            <address>
              <country>DE</country>
            </address>
          </addressbook>
        </inventor>
        <inventor status="new" format="epo">
          <addressbook>
            <name>KLIPPER REINHOLD DR</name>
            <address>
              <country>DE</country>
            </address>
          </addressbook>
        </inventor>
        <inventor status="new" format="epo">
          <addressbook>
            <name>LEHMANN BERNHARD</name>
            <address>
              <country>DE</country>
            </address>
          </addressbook>
        </inventor>
        <inventor status="new" format="epo">
          <addressbook>
            <name>LUETJENS HOLGER DR</name>
            <address>
              <country>DE</country>
            </address>
          </addressbook>
        </inventor>
        <inventor status="new" format="epo">
          <addressbook>
            <name>SCHNEGG ULRICH DR</name>
            <address>
              <country>DE</country>
            </address>
          </addressbook>
        </inventor>
        <inventor status="new" format="epo">
          <addressbook>
            <name>SEIDEL RUEDIGER DR</name>
            <address>
              <country>DE</country>
            </address>
          </addressbook>
        </inventor>
        <inventor status="new" format="epo">
          <addressbook>
            <name>ZARGES WOLFGANG DR</name>
            <address>
              <country>DE</country>
            </address>
          </addressbook>
        </inventor>
        <inventor status="new" format="intermediate">
          <addressbook>
            <name>HEES, BRUNO</name>
          </addressbook>
        </inventor>
        <inventor status="new" format="intermediate">
          <addressbook>
            <name>IRMSCHER, DIETER</name>
          </addressbook>
        </inventor>
        <inventor status="new" format="intermediate">
          <addressbook>
            <name>KLIPPER, REINHOLD, DR.</name>
          </addressbook>
        </inventor>
        <inventor status="new" format="intermediate">
          <addressbook>
            <name>LEHMANN, BERNHARD</name>
          </addressbook>
        </inventor>
        <inventor status="new" format="intermediate">
          <addressbook>
            <name>LUETJENS, HOLGER, DR.</name>
          </addressbook>
        </inventor>
        <inventor status="new" format="intermediate">
          <addressbook>
            <name>SCHNEGG, ULRICH, DR.</name>
          </addressbook>
        </inventor>
        <inventor status="new" format="intermediate">
          <addressbook>
            <name>SEIDEL, RUEDIGER, DR.</name>
          </addressbook>
        </inventor>
        <inventor status="new" format="intermediate">
          <addressbook>
            <name>ZARGES, WOLFGANG, DR.</name>
          </addressbook>
        </inventor>
        <inventor status="new" format="original">
          <addressbook>
            <last-name>HEES, BRUNO</last-name>
            <address>
              <street>Zum Stadion 55</street>
              <city>40764 Langenfeld</city>
              <country>DE</country>
            </address>
          </addressbook>
        </inventor>
        <inventor status="new" format="original">
          <addressbook>
            <last-name>IRMSCHER, DIETER</last-name>
            <address>
              <street>Max-Baermann-Strasse 43</street>
              <city>51429 Bergisch Gladbach</city>
              <country>DE</country>
            </address>
          </addressbook>
        </inventor>
        <inventor status="new" format="original">
          <addressbook>
            <last-name>KLIPPER, REINHOLD, DR.</last-name>
            <address>
              <street>Geilenkircher Strasse 29</street>
              <city>50933 Köln</city>
              <country>DE</country>
            </address>
          </addressbook>
        </inventor>
        <inventor status="new" format="original">
          <addressbook>
            <last-name>LEHMANN, BERNHARD</last-name>
            <address>
              <street>Kohlweg 15</street>
              <city>52072 Aachen</city>
              <country>DE</country>
            </address>
          </addressbook>
        </inventor>
        <inventor status="new" format="original">
          <addressbook>
            <last-name>Lütjens, Holger, Dr.</last-name>
            <address>
              <street>Thurner Strasse 86</street>
              <city>51069 Köln</city>
              <country>DE</country>
            </address>
          </addressbook>
        </inventor>
        <inventor status="new" format="original">
          <addressbook>
            <last-name>SCHNEGG, ULRICH, DR.</last-name>
            <address>
              <street>Nietzschestrasse 8</street>
              <city>51377 Leverkusen</city>
              <country>DE</country>
            </address>
          </addressbook>
        </inventor>
        <inventor status="new" format="original">
          <addressbook>
            <last-name>Seidel, Rüdiger, Dr.</last-name>
            <address>
              <street>Lohrbergstrasse 16a</street>
              <city>51375 Leverkusen</city>
              <country>DE</country>
            </address>
          </addressbook>
        </inventor>
        <inventor status="new" format="original">
          <addressbook>
            <last-name>ZARGES, WOLFGANG, DR.</last-name>
            <address>
              <street>Am Waldwinkel 4</street>
              <city>51069 Köln</city>
              <country>DE</country>
            </address>
          </addressbook>
        </inventor>
      </inventors>
    </parties>
    <international-convention-data>
      <designated-states>
        <ep-contracting-states>
          <country>DE</country>
          <country>FR</country>
          <country>GB</country>
          <country>IT</country>
        </ep-contracting-states>
      </designated-states>
    </international-convention-data>
  </bibliographic-data>
  <abstract load-source="ep" status="new" lang="DE">
    <p>Die Aufgabe der vorliegenden Erfindung ist ein Verfahren zur Herstellung von
neuen, heterodispersen Chelatharzen mit chelatisierenden funktionellen Gruppen und
ihre Verwendung zur Adsorption von Metallverbindungen insbesondere Erdalkalimetallen,
Schwer- und Edelmetallverbindungen sowie zur Extraktion von Erdalkalimetallen
aus Solen der Alkalichloridelektrolyse sowie in der Hydrometallurgie.</p>
  </abstract>
  <description load-source="ep" status="new" lang="DE">
    <p num="0001">Gegenstand der vorliegenden Erfindung ist ein verbessertes Verfahren zur Herstellung
von neuen, heterodispersen Ionenaustauschern mit chelatisierenden, funktionellen
Gruppen, im Folgenden als heterodisperse Chelatharze bezeichnet, sowie ihre
Verwendung.</p>
    <p num="0002">Gegenwärtig unterscheidet man zwei wesentliche Herstellungsverfahren für Perlpolymerisate
bzw. Ionentauscher: ein traditionelles, was zu heterodispersen Harzen
führt und ein apparativ aufwendigeres Verfahren, womit man monodisperse Harze
erhält. Je nach Bedarf lassen sich somit verschiedene Harztypen herstellen, so dass
beide Verfahrensvarianten nebeneinander bestehen. Die vorliegende Anmeldung
befasst sich jedoch nur mit einer Variante, nämlich die zur Herstellung heterodisperser
Chelatharze.</p>
    <p num="0003">Ionenaustauscher mit chelatisierenden, funktionellen Gruppen gehören bereits zum
Stand der Technik. So werden Aminoalkylenphosphonsäuregruppen aufweisende
Ionenaustauscherharze, Verfahren zu ihrer Herstellung und die Eigenschaften dieser
Harze wie zum Beispiel Erdalkaliionen aus konzentrierten Alkalisalzlösungen, z.B.
Kochsalzsole zu adsorbieren oder Schwermetallionen aus wässrigen Lösungen zu
entfernen, in US 4 002 564 oder EP-A-0087934 beschrieben.</p>
    <p num="0004">Chelatharze mit Iminoessigsäuregruppen werden aber auch bei Rudolf Hering,
Chelatbildende Ionenaustauscher, Akademie Verlag, Berlin 1967, Seite 51 ff,
beschrieben. In dieser Literaturstelle finden sich zudem Beispiele für weitere Chelatharztypen.</p>
    <p num="0005">Eine weitverbreitete Anwendung in der Praxis von Ionenaustauschern mit chelatisierenden
Gruppen ist die Entfernung von Erdalkaliionen aus konzentrierten Alkalisalzlösungen.
Vor dem Einsatz liegen die chelatisierenden funktionellen Gruppen, 
zumeist als Aminoalkylenphosphonsäuregruppen oder Iminoessigsäuregruppen im
Ionenaustauscher in der Natriumsalzform vor. Bei der Entfernung der Erdalkalien aus
Solelösungen wird ein Teil der Natriumionen des Ionenaustauschers durch Erdalkaliionen
ausgetauscht. Nach Beladung des Ionenaustauschers erfolgt zur Entfernung der
Erdalkalimetalle (Regenerierung) eine Behandlung mit Mineralsäuren, der sich eine
Behandlung mit Natronlauge zu Überführung der chelatisierenden Gruppen in die
Na-Form anschließt. In dieser Beladungsform wird das Chelatharz zur Entfernung
von Erdalkalimetallen aus der Sole eingesetzt.</p>
    <p num="0006">Die während des Einsatzes von Chelatharzen sowie deren Regenerierung zu beobachtende
Volumenänderung kann bis zu ca. 60 Volumenprozent betragen. Die Perlen
schrumpfen und quellen und werden damit in erheblichem Maße osmotisch und
mechanisch beansprucht. Diese Beanspruchung kann zu Perlbruch führen. Perlsplitter
behindern dann den Durchfluss der mit dem Chelatharz zu behandelnden
Flüssigkeit in der Säule und führen zu einer Erhöhung des Druckverlustes und zu
Verunreinigungen in der zu reinigenden Flüssigkeit. Bei vielen Anwendungen
müssen die Chelatharze täglich regeneriert werden. Da aber andererseits ihre Einsatzdauer
mehrere Jahre betragen soll, so dass mehrere Hundert Regenerierungen im
Laufe des Lebens eines Chelatharzes notwendig sind, liegt das Bestreben darin, heterodisperse
Chelatharze zu entwickeln, die diese hohen Anforderungen erfüllen.</p>
    <p num="0007">Es werden heterodisperse Chelatharze benötigt, die mechanisch und osmotisch derart
stabil sind, dass selbst bei langjähriger Anwendung mit vielfacher Regenerierung
möglichst wenig Perlbruch auftritt.</p>
    <p num="0008">Verschiedene Maßnahmen wurden beschrieben um die Stabilität von Chelatharzen
mit Aminoalkylenphosphonsäuregruppen zu verbessern.</p>
    <p num="0009">In der EP-A-0087934, wird die Herstellung Alkylaminophosphonsäuregruppen funktionalisierter
Chelatharze nach dem Chlormethylierungsverfahren beschrieben. Zur
Erhöhung der Stabilität wird darin vorgeschlagen, makroporöse vernetzte vinylaromatische 
Perlpolymerisate mit bestimmten physikalischen Eigenschaften (bestimmter
Dichte, bestimmter Korngröße, bestimmter Porosität, einem bestimmten Toluol
Quellvolumen) als Ausgangsperlpolymerisate einzusetzen.</p>
    <p num="0010">Die genannten Eigenschaften der Ausgangsperlpolymerisate liegen dabei in bestimmten,
eng bemessenen Bereichen; der bei der Polymerisation eingesetzte Initiator
wird nicht näher beschrieben.</p>
    <p num="0011">Die Chlormethylierung erfolgt in EP-A-0087934 derart, dass der Gehalt des am Harz
gebundenen Chlors begrenzt ist. Ziel ist es, die Austauschkapazität des Harzes zu
begrenzen, da bei einem höheren Funktionalisierungsgrad Nachvernetzung eintritt.
Da dies sowohl während der Chlormethylierung als auch bei der Phosphorylierung
des aminierten Harzes eintritt, wird zwangsläufig die Beständigkeit des Harzes
gegenüber osmotischem Schock beeinträchtigt. Darüber hinaus muss die Dauer und
die Temperatur der Alkylphosphonierungsreaktion so gesteuert werden, dass die
Austauschkapazität des erhaltenen Harzes begrenzt bleibt. Infolgedessen stellt die
Erhöhung der osmotischen Widerstandsfähigkeit auf Kosten der Kapazität der Harze
keine befriedigende Lösung des technischen Problems dar.</p>
    <p num="0012">In der EP-A-0355007 wird ein Verfahren zur Herstellung von Chelatharzen mit
Alkylaminophosphonsäuregruppen nach dem Phthalimidverfahren beschrieben. Die
Chelatharze werden auf der Basis von vernetzten vinylaromatischen Perlpolymerisaten
hergestellt. Ihre Herstellung wird in US 3,989,650, US 3,882,053 sowie in US
4,077,918 beschrieben.</p>
    <p num="0013">Das in der EP-A-0355007 beschriebene Verfahren führt im Vergleich zu EP-A-0087934
zu stabileren Harzen. Dies wird dadurch erreicht, dass die Umsetzung der
makroporösen, aminomethylierten vernetzten vinylaromatischen Harze mit Formaldehyd
und Phosphor-III-Verbindungen in Gegenwart von Schwefelsäure erfolgt und
diese in einer solchen Menge eingesetzt wird, dass ihre Konzentration mindestens 
20 Gew.-% - bezogen auf das Gesamtgewicht der flüssigen Phase des Reaktionsgemisches
- beträgt.</p>
    <p num="0014">Zudem wird durch den Einsatz von Schwefelsäure an Stelle von Salzsäure die
Bildung von hochtoxischen Chlormethylethern bei der Phosphorylierung sicher vermieden.</p>
    <p num="0015">Die durch die genannten Maßnahmen erreichten Stabilitätsverbesserungen sind aber
begrenzt. Die hiernach hergestellten Harze zeigen zwar kurzzeitig - bei 30-maligem
Wechsel der Beladungsform - eine ausreichende Quellungsstabilität, jedoch reicht
diese für die in der Praxis verlangten langen Einsatzzeiten mit Beladungswechseln
von 200 mal und mehr nicht aus.</p>
    <p num="0016">Die bis jetzt bekannten Chelatharze mit Aminoalkylenphosphonsäuregruppen oder
Iminodiessigsäuregruppen haben insgesamt gesehen den Nachteil, dass sie entweder
nur eine unbefriedigende osmotische Stabilität (Quellungsstabilität) oder eine unzureichende
Kapazität für die aufzunehmenden Ionen zeigen.</p>
    <p num="0017">Aufgabe der vorliegenden Erfindung ist es daher, heterodisperse Chelatharze nach
dem Phthalimidverfahren mit hoher Stabilität bei hoher Kapazität herzustellen, um
langjährigen Einsatz einhergehend mit vielfacher Regenerierung sicherzustellen,
unter Vermeidung toxikologisch bedenklicher Einsatzstoffe.</p>
    <p num="0018">Überraschenderweise wurde nun gefunden, dass man Ionenaustauscher mit chelatisierenden,
funktionellen Gruppen, insbesondere Aminoalkylenphosphonsäuregruppen
oder Iminoessigsäuregruppen, mit deutlich verbesserter Quellungsstabilität im
200 Zyklentest sowie hoher Austauschkapazität findet, wenn man bei der Herstellung
nach dem Suspensionspolymerisationsverfahren der als Matrix dienenden heterogenen
Perlpolymerisate als Initiatoren pfropfaktive Initiatoren, insbesondere
Peroxycarbonate, Peroxyester oder Perester alleine oder in Kombination, einsetzt. </p>
    <p num="0019">Die mittels der pfropfaktiven Initiatoren erhältlichen makroporösen Perlpolymerisate
werden dann nach dem Phthalimidverfahren zu aminomethylierten vernetzten vinylaromatischen
Harzen umgesetzt, die dann beispielsweise mit Formaldehyd und
Phosphor-III-Verbindungen in Gegenwart von Schwefelsäure umgesetzt werden.</p>
    <p num="0020">Gegenstand der vorliegenden Erfindung ist deshalb ein Verfahren zur Herstellung
heterodisperser Chelatharze, dadurch gekennzeichnet, dass man
<sl><li>a) Monomertröpfchen aus mindestens einer monovinylaromatischen Verbindung
und mindestens einer polyvinylaromatischen Verbindung sowie einem Porogen
und einem Initiator oder einer Initiatorkombination zu einem vernetzten
Perlpolymerisat umsetzt,</li><li>b) dieses heterodisperse vernetzte Perlpolymerisat mit Phthalimidderivaten amidomethyliert,</li><li>c) das amidomethylierte Perlpolymerisat zu aminomethyliertem Perlpolymerisat
umsetzt und</li><li>d) das aminomethylierte Perlpolymerisat zu einem chelatgruppenhaltigen Perlpolymerisat
funktionalisiert</li></sl>
mit der Massgabe, dass als Initiator ein Peroxycarbonat, ein Peroxyester oder ein
Perester eingesetzt wird.</p>
    <p num="0021">Gegebenenfalls erfolgt nach dem Schritt d) die Umladung des heterodispersen Chelatharzes
mittels einer Base, bevorzugt mit Natronlauge.</p>
    <p num="0022">In Verfahrensschritt a) wird mindestens eine monovinylaromatische Verbindung und
mindestens eine polyvinylaromatische Verbindung eingesetzt. Es ist jedoch auch
möglich. Mischungen zweier oder mehrerer monoyinylaromatischer Verbindungen 
oder Mischungen zweier oder mehrerer polyvinylaromatischer Verbindungen einzusetzen.</p>
    <p num="0023">Als monovinylaromatische Verbindungen im Sinne der vorliegenden Erfindung werden
in Verfahrensschritt a) bevorzugt monoethylenisch ungesättigte Verbindungen
wie beispielsweise Styrol, Vinyltoluol, Ethylstyrol, α-Methylstyrol, Chlorstyrol,
Chlormethylstyrol, Acrylsäurealkylester oder Methacrylsäurealkylester eingesetzt.</p>
    <p num="0024">Besonders bevorzugt wird Styrol oder Mischungen aus Styrol mit den vorgenannten
Monomeren eingesetzt.</p>
    <p num="0025">Die monovinylaromatischen Verbindungen oder Mischungen aus Styrol mit den vorgenannten
Monomeren werden zur Polymerisation vorgelegt. Die Mengen der weiteren
Komponenten, beispielsweise die polyvinylaromatischen Verbindungen, der Initiator
oder gegebenenfalls weitere Zusatzstoffe werden entsprechend zur monovinylaromatischen
Verbindung bzw. in Bezug auf die Summe von Monomer und Vernetzer
eingesetzt.</p>
    <p num="0026">Bevorzugte polyvinylaromatische Verbindungen im Sinne der vorliegenden Erfindung
sind für Verfahrensschritt a) multifunktionelle ethylenisch ungesättigte Verbindungen
wie beispielsweise Divinylbenzol, Divinyltoluol, Trivinylbenzol, Divinylnaphtalin,
Trivinylnaphtalin, 1,7-Octadien, 1,5-Hexadien, Ethylenglycoldimethacrylat,
Trimethylolpropantrimethacrylat und/oder Allylmethacrylat.</p>
    <p num="0027">Die polyvinylaromatischen Verbindungen werden im allgemeinen in Mengen von 1
bis 20 Gew.-%, vorzugsweise 2 bis 12 Gew.-%, besonders bevorzugt 4 bis
10 Gew.-%, bezogen auf das Monomer oder dessen Mischung mit weiteren Monomeren
eingesetzt. Die Art der polyvinylaromatischen Verbindungen (Vernetzer) wird
im Hinblick auf die spätere Verwendung des kugelförmigen Polymerisats ausgewählt.
Divinylbenzol ist in vielen Fällen geeignet. Für die meisten Anwendungen 
sind kommerzielle Divinylbenzolqualitäten, die neben den Isomeren des Divinylbenzols
auch Ethylvinylbenzol enthalten, ausreichend.</p>
    <p num="0028">Die Herstellung der vernetzten Basispolymerisate kann nach bekannten Methoden
der Suspensionspolymerisation erfolgen; vgl. Ullmann's Encyclopedia of Industrial
Chemistry, 5<sup>th</sup> ed., Vol. A21, 363-373, VCH Verlagsgesellschaft mbH, Weinheim
1992. Die wasserunlösliche Monomer/Vernetzer-Mischung wird einer wässrigen
Phase zugesetzt, die vorzugsweise zur Stabilisierung der Monomer/Vernetzer-Tröpfchen
in der dispersen Phase und der daraus entstehenden Perlpolymerisaten mindestens
ein Schutzkolloid enthält.</p>
    <p num="0029">Als Schutzkolloide sind natürliche und synthetische wasserlösliche Polymere, wie
beispielsweise Gelatine, Stärke, Polyvinylalkohol, Polyvinylpyrrolidon, Polyacrylsäure,
Polymethacrylsäure oder Copolymerisate aus (Meth)acrylsäure oder (Meth)-acrylsäureestern
bevorzugt. Sehr gut geeignet sind auch Cellulosederivate, insbesondere
Celluloseester und Celluloseether, wie Methylhydroxyethylcellulose, Methylhydroxypropylcellulose,
Hydroxyethylcellulose oder Carboxymethylcellulose. Die
Einsatzmenge der Schutzkolloide beträgt im Allgemeinen 0,02 bis 1 Gew.-%, vorzugsweise
0,05 bis 0,3 Gew.-%, bezogen auf die Wasserphase.</p>
    <p num="0030">Das Gewichtsverhältnis wässrige Phase/organische Phase liegt im Bereich von vorzugsweise
0,5 bis 20, insbesondere 0,75 bis 5.</p>
    <p num="0031">Die erfindungsgemäß im Verfahrensschritt a) einzusetzenden pfropfaktiven Initiatoren
werden in Journal of Polymer Science, Polymer Chemistry Edition Vol. 14,
No.6 June 1976, Seiten 1495 bis 1511 beschrieben.</p>
    <p num="0032">Diese können bei der Perlpolymerisation alleine oder in Kombination eingesetzt werden.
Im Sinne der vorliegenden Erfindung einsetzbare pfropfaktive Initiatoren sind
Peroxycarbonate, Peroxyester oder Perester. Insbesondere bevorzugt zu verwenden
sind: <sl><li>tert.-Amylperoxy-2-ethylhexyl-carbonat</li><li>tert.-Butylperoxy-3,5,5-trimethylhexanoat</li><li>tert.-Butylperoxy-2-ethylhexanoat</li><li>tert.-Butylperoxy-isopropyl-carbonat</li><li>tert.-Butylperoxy-stearyl-carbonat</li><li>tert.-Amyl-peroxy-benzoat oder</li><li>tert.-Butylperoxy-benzoat.</li></sl></p>
    <p num="0033">Die Initiatoren/Radikalbildner können in katalytischen Mengen, vorzugsweise 0,01
bis 2,5 Gew.-%, insbesondere 0,12 bis 1,5 Gew.-%, bezogen auf die Summe von
Monomer und Vernetzer, eingesetzt werden.</p>
    <p num="0034">Damit die Basispolymerisate die makroporöse Struktur erhalten, setzt man der
Monomer/Vernetzer-Mischung im Verfahrensschritt a) Porogene zu, wie sie beispielsweise
bei Seidl et al. Adv. Polym. Sci., Vol. 5 (1967), S. 113 bis 213, beschrieben
sind. Erfindungsgemäß bevorzugte Porogene sind aliphatische Kohlenwasserstoffe,
Alkohole, Ester, Ether, Ketone, Trialkylamine, Nitroverbindungen, insbesondere
Isododecan, Isodecan, Methylisobutylketon oder Methylisobutylcarbinol, in
Mengen von 1 bis 150 Gew.-%, vorzugsweise 40 bis 100 Gew.-%, insbesondere 50
bis 80 Gew.-%, bezogen auf die Summe von Monomer und Vernetzer.</p>
    <p num="0035">Nach einer besonderen Ausführungsform werden die Basispolymerisate im Verfahrensschritt
a) während der Polymerisation in Anwesenheit eines Puffersystems hergestellt.
Bevorzugt werden Puffersysteme, die den pH-Wert der Wasserphase zu Beginn
der Polymerisation auf einen Wert zwischen 14 und 6, vorzugsweise zwischen 12
und 8 einstellen. Unter diesen Bedingungen liegen Schutzkolloide mit Carbonsäuregruppen
ganz oder teilweise als Salze vor. Auf diese Weise wird die Wirkung der
Schutzkolloide günstig beeinflusst. Die Konzentration des Puffers in der Wasserphase
beträgt vorzugsweise 0,5 bis 500 mmol, insbesondere 2,5 bis 100 mmol pro
Liter wässriger Phase. </p>
    <p num="0036">Die organische Phase kann durch Rühren in der wässrigen Phase verteilt werden,
wobei die Teilchengröße der entstehenden Tröpfchen wesentlich von der Rührgeschwindigkeit
abhängt.</p>
    <p num="0037">Die Polymerisationstemperatur im Verfahrensschritt a) richtet sich nach der Zerfallstemperatur
des eingesetzten Initiators. Sie liegt im allgemeinen zwischen 50 und
150°C, vorzugsweise zwischen 55 und 100°C. Die Polymerisation dauert 0,5 bis
einige Stunden. Es hat sich bewährt, ein Temperaturprogramm anzuwenden, bei dem
die Polymerisation bei niedriger Temperatur, beispielsweise 60°C, begonnen und die
Reaktionstemperatur mit fortschreitendem Polymerisationsumsatz gesteigert wird.
Nach der Polymerisation wird das Polymerisat mit üblichen Methoden, beispielsweise
durch Filtrieren oder Dekantieren, isoliert und gegebenenfalls gewaschen.</p>
    <p num="0038">Im Verfahrensschritt b) wird zunächst das Amidomethylierungsreagens hergestellt.
Dazu wird beispielsweise Phthalimid in einem Lösungsmittel gelöst und mit Formalin
versetzt. Anschließend wird unter Wasserabspaltung hieraus ein
Bis-(Phthalimidomethyl)ether gebildet. Der Bis-(Phthalimidomethyl)ether kann
gegebenenfalls zum Phthalimidomethylester umgesetzt werden.</p>
    <p num="0039">Als Lösungsmittel kommen im Verfahrensschritt b) inerte Lösungsmittel zum Einsatz,
die geeignet sind, das Polymer zu quellen, bevorzugt chlorierte Kohlenwasserstoffe,
besonders bevorzugt Dichlorethan oder Methylenchlorid.</p>
    <p num="0040">Im Verfahrensschritt b) wird das Perlpolymerisat mit Phthalimidderivaten kondensiert.
Als Katalysator wird hierbei Oleum, Schwefelsäure oder Schwefeltrioxid eingesetzt.</p>
    <p num="0041">Die Abspaltung des Phthalsäurerestes und damit die Freilegung der Aminomethylgruppe
erfolgt im Verfahrensschritt c) durch Behandeln des phthalimidomethylierten
vernetzten Perlpolymerisates mit wässrigen oder alkoholischen Lösungen eines Alkalihydroxids, 
wie Natriumhydroxid oder Kaliumhydroxid bei Temperaturen zwischen
100 und 250°C, vorzugsweise 120 -190°C. Die Konzentration der Natronlauge liegt
im Bereich von 10 bis 50 Gew.-%, vorzugsweise 20 bis 40 Gew.-%. Dieses Verfahren
ermöglicht die Herstellung aminoalkylgruppenhaltiger vernetzter Perlpolymerisate
mit einer Substitution der aromatischen Kerne größer 1.</p>
    <p num="0042">Das dabei entstehende aminomethylierte Perlpolymerisat wird schließlich mit vollentsalztem
Wasser alkalifrei gewaschen.</p>
    <p num="0043">Im Verfahrensschritt d) erfolgt die Herstellung der erfindungsgemäßen Ionenaustauscher
durch Umsetzung des Aminomethylgruppen-haltigen heterodispersen, vernetzten,
vinylaromatischen Grundpolymerisates in Suspension mit Verbindungen,
die schließlich als funktionalisiertes Amin chelatisierende Eigenschaften entwickeln.</p>
    <p num="0044">Als bevorzugte Reagenzien werden im Verfahrensschritt d) Chloressigsäure oder ihre
Derivate, Thioharnstoff, Formalin in Kombination mit P-H aciden (nach modifizierter
Mannich Reaktion) Verbindungen wie phosphorige Säure, Monoalkylphosphorigsäureester,
Dialkylphosphorigsäureester, Formalin in Kombination mit S-H aciden
Verbindungen wie Thioglykolsäure, Alkylmercaptanen, L-Cystein oder Formalin in
Kombination mit Hydroxychinolin oder dessen Derivate, wie z.B. 7-(4-Ethyl-1-methyloctyl)-8-Hydroxychinolin
eingesetzt.</p>
    <p num="0045">Besonders bevorzugt werden Chloressigsäure oder Formalin in Kombination mit P-H
aciden Verbindungen wie phosphorige Säure eingesetzt.</p>
    <p num="0046">Als Suspensionsmedium wird Wasser oder wässrige Mineralsäure eingesetzt. Bevorzugt
setzt man Wasser, wässrige Salzsäure oder wässrige Schwefelsäure in Konzentrationen
zwischen 10 und 40 Gew.-%, bevorzugt 20 bis 35 Gew.- % ein. </p>
    <p num="0047">Weiterhin Gegenstand der vorliegenden Erfindung sind die nach dem erfindungsgemäßen
Verfahren hergestellten heterodispersen Ionenaustauscher mit chelatisierenden
Gruppen, im Folgenden als heterodisperse Chelatharze bezeichnet.</p>
    <p num="0048">Die vorliegende Erfindung betrifft daher auch heterodisperse Chelatharze erhältlich
durch
<sl><li>a) Umsetzen von Monomertröpfchen aus mindestens einer monovinylaromatischen
Verbindung und mindestens einer polyvinylaromatischen Verbindung
sowie einem Porogen und einem Initiator oder einer Initiatorkombination zu
einem vernetzten Perlpolymerisat,</li><li>b) Amidomethylieren dieses heterodispersen, vernetzten Perlpolymerisates mit
Phthalimidderivaten,</li><li>c) Umsetzen des amidomethylierten Perlpolymerisates zu einem aminomethylierten
Perlpolymerisat und</li><li>d) Funktionalisieren des aminomethylisierten Perlpolymerisates zu einem Chelatharz</li></sl>
mit der Maßgabe, dass als Initiator ein Peroxycarbonat, ein Perester oder ein Peroxyester
eingesetzt wird.</p>
    <p num="0049">Bevorzugt entstehen durch das erfindungsgemäße Verfahren heterodisperse Chelatharze
dadurch gekennzeichnet, dass sich während des Verfahrensschritts d) chelatisierende
Gruppen der Formel (I)
<st32:chr xmlns:st32="http://www.ir-facility.org/ns/st32/">―(CH<sub>2</sub>)―<sub>n</sub>NR<sub>1</sub>R<sub>2</sub></st32:chr>
worin <dl tsize="2"><dt>R<sub>1</sub></dt><dd>für Wasserstoff oder einen Rest CH<sub>2</sub>-COOH, CH<sub>2</sub> P(O)(OH)<sub>2</sub> oder
<img id="img-00120001" orientation="unknown" wi="59" img-format="tif" img-content="cf" file="00120001.tif" inline="no" he="29"/>
steht,</dd><dt>R<sub>2</sub></dt><dd>für einen Rest CH<sub>2</sub>COOH, CH<sub>2</sub>P(O)(OH)<sub>2</sub>,
<img id="img-00120002" orientation="unknown" wi="21" img-format="tif" img-content="cf" file="00120002.tif" inline="no" he="13"/>
oder
<img id="img-00120003" orientation="unknown" wi="59" img-format="tif" img-content="cf" file="00120003.tif" inline="no" he="30"/>
steht und</dd><dt>n</dt><dd>für eine ganze Zahl 1, 2, 3 oder 4 steht, und</dd><dt>R</dt><dd>für Wasserstoff oder einen verzweigten oder unverzweigten Alkylrest mit bis
zu 12 Kohlenstoffatomen, bevorzugt für einen verzweigten oder unverzweigten
C<sub>1</sub>-C<sub>10</sub>-Alkylrest, insbesondere bevorzugt für einen 1-MethyloctylRest
steht,</dd></dl>
ausbilden.</p>
    <p num="0050">Die erfindungsgemäßen heterodispersen Chelatharze weisen bedingt durch den Einsatz
von Porogen bevorzugt eine makroporöse Struktur auf.</p>
    <p num="0051">Die erfindungsgemäß hergestellten heterodispersen Chelatharze eignen sich sowohl
in der gemäß vorliegender Erfindung hergestellten Form aber auch als Pulverharze, 
Pasten oder als Compounds zum Einsatz in der Hydrometallurgie, bevorzugt zur
Adsorbtion von Metallen, insbesondere Erdalkalimetallen, Schwermetallen oder
Edelmetallen sowie deren Verbindungen aus wässrigen Lösungen oder organischen
Flüssigkeiten. Die erfindungsgemäß hergestellten heterodispersen Chelatharze eignen
sich besonders zur Entfernung von Erdalkalimetallen, Schwermetallen oder Edelmetallen
aus wässrigen Lösungen, insbesondere aus wässrigen Lösungen von Erdalkalien
oder Alkalien, aus Solen der Alkalichloridelektrolyse, aus wässrigen Salzsäuren,
aus Abwässern oder Rauchgaswäschen, aber auch aus flüssigen oder gasförmigen
Kohlenwasserstoffen, Carbonsäuren wie Adipinsäure, Glutarsäure oder Bernsteinsäure,
Erdgasen, Erdgaskondensaten, Erdölen oder Halogenkohlenwasserstoffen,
wie Chlor- oder Fluorkohlenwasserstoffen oder Fluor/Chlor-Kohlenwasserstoffen.
Darüber hinaus eignen sich die erfindungsgemäßen heterodispersen Chelatharze zur
Entfernung von Erdalkalimetallen aus Solen, wie sie üblicherweise in der Alkalichloridelektrolyse
eingesetzt werden. Die erfindungsgemäßen heterodispersen Chelatharze
eignen sich aber auch zur Entfernung von Schwermetallen, insbesondere
Eisen, Cadmium oder Blei aus Stoffen die während einer elektrolytischen Behandlung,
beispielsweise einer Dimerisierung von Acrylnitril zu Adiponitril, umgesetzt
werden.</p>
    <p num="0052">Ganz besonders geeignet sind die erfindungsgemäß hergestellten heterodispersen
Chelatharze zur Entfernung von Beryllium, Magnesium, Calcium, Strontium, Barium
aber auch von Quecksilber, Eisen, Cobalt, Nickel, Kupfer, Zink, Blei, Cadmium,
Mangan, Uran, Vanadium, Elementen der Platingruppe, Gold oder Silber aus den
oben aufgeführten Lösungen, Flüssigkeiten oder Gasen.</p>
    <p num="0053">Darüber hinaus eignen sich die erfindungsgemäßen heterodispersen Chelatharze zur
Entfernung von Rhodium oder Elementen der Platingruppe sowie Gold, Silber oder
Rhodium oder Edelmetall-enthaltende Katalysatorreste aus organischen Lösungen
oder Lösemitteln. Ferner eignen sich die erfindungsgemäßen heterodispersen
Chelatharze zur Entfernung von Gallium aus bei der Aluminiumgewinnung
anfallenden Natriumaluminatlösungen (Bauxitlösungen) sowie zur Abtrennung von 
Germanium aus wässrigen, sauren Lösungen. Germanium wird als Spurenelement in
Kupfer-, Silber- und Zinkerzen wie auch in Kohle gefunden. Germanium wird
technisch hauptsächlich aus den Erzen Germanit oder Renierit gewonnen, indem
GeO<sub>2</sub> mittels HCl in das leicht destillierbare Ge-Tetrachlorid umgesetzt wird. Durch
mehrfache Destillation werden alle Fremdstoffe beseitigt.</p>
    <p num="0054">Eine wesentlich wirtschaftlichere Methode ist die nasschemische Trennung mit den
beschriebenen, erfindungsgemäßen Chelatharzen.</p>
    <p num="0055">Die erfindungsgemäß hergestellten heterodispersen Chelatharze können aber auch
vermahlen werden, wodurch man Pulver, Pasten oder Compounds zum Einsatz in der
Hydrometallurgie erhält. Versehen mit Aminomethylphosphonsäuregruppen oder
anderen funktionellen Gruppen können sie gegebenenfalls in Kombination mit anderen
Chelatharzen auf Trägermaterialien aufgetragen in einem wässrigen System Störelemente
aufnehmen. Auf diese Weise können beispielsweise Antimon, Eisen,
Cobalt, Silber, Zinn oder Nickel in Batterien gebunden werden und somit die
Lebensdauer von Batterien verlängert werden. </p>
    <heading>
      <b>
        <u style="single">Beispiel 1</u>
      </b>
    </heading>
    <heading>1 a) Herstellung des Perlpolymerisates - Verwendung des Initiators tert.-Butylperoxy-2-ethylhexanoat</heading>
    <p num="0056">In einem Polymerisationsreaktor werden bei Raumtemperatur 1112 ml VE-Wasser
(vollentsalztes Wasser), 150 ml einer 2 gew.-%igen wässrigen Lösung von Methylhydroxyethylcellulose
sowie 7,5 Gramm Dinatriumhydrogenphosphat x 12 H<sub>2</sub>O vorgelegt.
Die gesamte Lösung wird eine Stunde bei Raumtemperatur gerührt. Anschließend
gibt man die Monomermischung bestehend aus 95,37 g Divinylbenzol 80,53
gew.-%ig, 864,63 g Styrol, 576 g Isododekan und 9,90 g tert.-Butylperoxy-2-ethylhexanoat
97 gew.-%ig zu. Der Ansatz bleibt zunächst 20 Minuten bei Raumtemperatur
stehen und wird dann 30 Minuten bei Raumtemperatur bei einer Rührgeschwindigkeit
von 200 rpM (Umdrehungen pro Minute) gerührt. Der Ansatz wird auf 70°C
erhitzt, weitere 7 Stunden bei 70°C gerührt, dann auf 95°C erhitzt und weitere 2
Stunden bei 95°C gerührt. Nach dem Abkühlen wird das Perlpolymerisat abfiltriert
und mit Wasser gewaschen und bei 80°C 48 Stunden getrocknet.</p>
    <heading>1b) Herstellung des amidomethylierten Perlpolymerisates</heading>
    <p num="0057">Bei Raumtemperatur werden 1044,5 g 1,2 Dichlorethan, 310,2 g Phthalimid und
216,7 g 30,0 gew.-%iges Formalin vorgelegt. Der pH-Wert der Suspension wird mit
Natronlauge auf 5,5 bis 6 eingestellt. Anschließend wird das Wasser destillativ entfernt.
Dann werden 22,75 g Schwefelsäure zudosiert. Das entstehende Wasser wird
destillativ entfernt. Der Ansatz wird abgekühlt. Bei 30°C wird 83,1 g 65 gew.-%iges
Oleum zudosiert, anschließend 300,0 g heterodisperses Perlpolymerisat gemäß Verfahrensschritt
1a). Die Suspension wird auf 70°C erhitzt und weitere 6 Stunden bei
dieser Temperatur gerührt. Die Reaktionsbrühe wird abgezogen, VE-Wasser wird
zudosiert und Restmengen an Dichlorethan werden destillativ entfernt.</p>
    <p num="0058">Ausbeute an amidomethyliertem Perlpolymerisat : 1220 ml </p>
    <p num="0059">Elementaranalytische Zusammensetzung: Kohlenstoff: 79,75 Gew.-%; Wasserstoff:
5,4 Gew.-%; Stickstoff: 4,50 Gew.-%;</p>
    <heading>1c) Herstellung des aminomethylierten Perlpolymerisates</heading>
    <p num="0060">Zu 1190 ml amidomethyliertem Perlpolymerisat aus Beispiel 1b) werden 1083 ml
20 gew.-%ige Natronlauge bei Raumtemperatur hinzudosiert. Die Suspension wird
auf 180°C erhitzt und 8 Stunden bei dieser Temperatur gerührt.</p>
    <p num="0061">Das erhaltene Perlpolymerisat wird mit voll entsalztem Wasser gewaschen.</p>
    <p num="0062">Ausbeute an aminomethyliertem Perlpolymerisat: 1000 ml</p>
    <p num="0063">Elementaranalytische Zusammensetzung: Kohlenstoff: 83,9 Gew.-%; Stickstoff:
6,9 Gew.-%; Wasserstoff: 8,0 Gew.-%;</p>
    <p num="0064">Gehalt des Harzes an Aminomethylgruppen: 1,92 mol/l</p>
    <heading>1d) Herstellung des Chelatharzes mit Aminomethylphosphonsäuregruppen</heading>
    <p num="0065">In einem Laborreaktor werden 426 ml VE-Wasser und 820 ml aminomethyliertes
Perlpolymerisat aus 1c) bei Raumtemperatur vorgelegt. Dazu werden bei Raumtemperatur
289,3 g eines Gemisches aus Phosphorigersäure sowie Di- und Monomethylphosphit
mit einem Phosphorgehalt von insgesamt 33,4 Gew. % in 15 Minuten
dosiert. Es wird 30 Minuten nachgerührt. Dann werden in 4 Stunden 1052,5 g Monohydrat
bei 60°C dosiert. Die Suspension wird auf Rückflusstemperatur erhitzt. In
einer Stunde werden 462,9 g 30 gew.-%ige Formalinlösung dosiert. Es wird dann
weitere 6 Stunden bei dieser Temperatur gerührt. Nach dem Abkühlen wird das
erhaltene Perlpolymerisat abfiltriert und mit VE-Wasser gewaschen. </p>
    <p num="0066">Das gewaschene Perlpolymerisat wird in eine Säule überführt und durch Behandlung
mit 4 gew.-%iger Natronlauge von der freien Wasserstoffform in die Dinatriumform
überführt.</p>
    <p num="0067">Ausbeute an Chelatharz mit Aminomethylphosphonsäuregruppen in der Natriumform:
1320 ml</p>
    <p num="0068">Gehalt des Harzes an Stickstoff: 3,05 Gew.-%; Gehalt des Harzes an Phosphor:
10,0 Gew.-%;</p>
    <p num="0069">Gehalt des Harzes an Aminomethylphosphonsäuregruppen-Totalkapazität:
3,066 mol /l</p>
    <heading><b><u style="single">Beispiel 2</u></b> (Vergleichsbeispiel entsprechender Ansatz zu EP-A-0 355 007)</heading>
    <heading>2 a) Herstellung des Perlpolymerisates - Verwendung des Initiators Dibenzoylperoxid</heading>
    <p num="0070">In einem Polymerisationsreaktor werden bei Raumtemperatur 1112 ml Edelwasser,
150 ml einer 2 gew.-%igen wässrigen Lösung von Methylhydroxyethylcellulose
sowie 7,5 Gramm Dinatriumhydrogenphosphat x 12 H<sub>2</sub>O vorgelegt. Die gesamte
Lösung wird eine Stunde bei Raumtemperatur gerührt. Anschließend gibt man die
Monomermischung bestehend aus 95,37 g Divinylbenzol 80,53 gew.-%ig, 864,63 g
Styrol, 576 g Isododekan und 7,70 g Dibenzoylperoxid 75 gew.-% ig zu. Der Ansatz
bleibt zunächst 20 Minuten bei Raumtemperatur stehen und wird dann 30 Minuten
bei Raumtemperatur bei einer Rührgeschwindigkeit von 200 rpM gerührt. Der Ansatz
wird auf 70°C erhitzt, weitere 7 Stunden bei 70°C gerührt, dann auf 95°C erhitzt
und weitere 2 Stunden bei 95°C gerührt. Nach dem Abkühlen wird das erhaltene
Perlpolymerisat abfiltriert und mit Wasser gewaschen und bei 80°C 48 Stunden
getrocknet. </p>
    <heading>2b) Herstellung des amidomethylierten Perlpolymerisates</heading>
    <p num="0071">Bei Raumtemperatur werden 980,1 g 1,2 Dichlorethan, 291,1 g Phthalimid und
199,0 g 30,0 gew.-%iges Formalin vorgelegt. Der pH-Wert der Suspension wird mit
Natronlauge auf 5,5 bis 6 eingestellt. Anschließend wird das Wasser destillativ entfernt.
Dann werden 21,34 g Schwefelsäure zudosiert. Das entstehende Wasser wird
destillativ entfernt. Der Ansatz wird abgekühlt. Bei 30°C wird 77,98 g 65
gew.-%iges Oleum zudosiert, anschließend 320,1 g heterodisperses Perlpolymerisat
gemäß Verfahrensschritt 2a). Die Suspension wird auf 70°C erhitzt und weitere 6
Stunden bei dieser Temperatur gerührt. Die Reaktionsbrühe wird abgezogen, VE-Wasser
wird zudosiert und Restmengen an Dichlorethan werden destillativ entfernt.</p>
    <p num="0072">Ausbeute an amidomethyliertem Perlpolymerisat: 1020 ml</p>
    <p num="0073">Elementaranalytische Zusammensetzung: Kohlenstoff: 80,1 Gew.-%; Wasserstoff:
5,6 Gew.-%; Stickstoff: 4,0 Gew.-%.</p>
    <heading>2c) Herstellung des aminomethylierten Perlpolymerisates</heading>
    <p num="0074">Zu 1000 ml amidomethyliertem Perlpolymerisat aus Beispiel 2b) werden 910 ml
20 gew.-%ige Natronlauge bei Raumtemperatur hinzudosiert. Die Suspension wird
auf 180°C erhitzt und 8 Stunden bei dieser Temperatur gerührt.</p>
    <p num="0075">Das erhaltene Perlpolymerisat wird mit voll entsalztem Wasser gewaschen.</p>
    <p num="0076">Ausbeute an aminomethyliertem Perlpolymerisat: 810 ml</p>
    <p num="0077">Elementaranalytische Zusammensetzung: Kohlenstoff: 84,75 Gew.-%; Stickstoff:
5,5 Gew.-%; Wasserstoff: 8,9 Gew.-%; Sauerstoff: 2,0 Gew. %.</p>
    <p num="0078">Gehalt des Harzes an Aminomethylgruppen: 1,81 mol/l </p>
    <heading>2 d) Herstellung des Chelatharzes mit Aminomethylphosphonsäuregruppen</heading>
    <p num="0079">In einem Laborreaktor werden 390 ml VE-Wasser und 750 ml aminomethyliertes
Perlpolymerisat aus 2c) bei Raumtemperatur vorgelegt. Dazu werden bei Raumtemperatur
267,8 g eines Gemisches aus Phosphorigersäure sowie Di- und Monomethylphosphit
mit einem Phosphorgehalt von insgesamt 33,4 Gew.-% in 15 Minuten
dosiert. Es wird 30 Minuten nachgerührt. Dann werden in 4 Stunden 1064,3 g Monohydrat
bei 60°C dosiert. Die Suspension wird auf Rückflusstemperatur erhitzt. In
einer Stunde werden 468,1 g 30 gew.-%ige Formalinlösung dosiert. Es wird dann
weitere 6 Stunden bei dieser Temperatur gerührt. Nach dem Abkühlen wird das
erhaltene Perlpolymerisat abfiltriert und mit VE-Wasser gewaschen.</p>
    <p num="0080">Das gewaschene Perlpolymerisat wird in eine Säule überführt und durch Behandlung
mit 4 gew.-%iger Natronlauge von der freien Wasserstoffform in die Dinatriumform
überführt.</p>
    <p num="0081">Ausbeute an Chelatharz mit Aminomethylphosphonsäuregruppen in der Natriumform:
1320 ml</p>
    <p num="0082">Gehalt des Harzes an Stickstoff: 3,1 Gew.-%; Gehalt des Harzes an Phosphor:
12,0 Gew.-%</p>
    <p num="0083">Gehalt des Harzes an Aminomethylphosphonsäuregruppen-Totalkapazität:
2,987 mol/l <tables><table><tgroup cols="4"><tbody><row><entry nameend="4" namest="1"><b>fasst Ergebnisse der Versuche zusammen:</b></entry></row><row><entry align="left">Versuch</entry><entry align="left">Initiator</entry><entry align="left">Totalkapazität in mol/l</entry><entry align="left">Quellungsstabilitäts-test 200 Zyklen Anzahl ganzer Perlen in %</entry></row><row><entry align="left">1</entry><entry align="left">tert.-Butylperoxy-2-ethylhexanoat</entry><entry align="center">3,033</entry><entry align="center">96</entry></row><row><entry align="left">2</entry><entry align="left">Dibenzoylperoxid</entry><entry align="center">2,987</entry><entry align="center">30</entry></row></tbody></tgroup></table></tables></p>
    <p num="0084">Aus Tabelle 1 ist zu erkennen, dass bei Einsatz von Initiatoren des Typs Peroxyester
wie tert.-Butylperoxy-2-ethylhexanoat ein heterodisperses Chelatharz mit Aminomethylphosphonsäuregruppen
hoher Stabilität und Kapazität entsteht. Bei Einsatz von
Peroxiden des Typs Dibenzoylperoxid entsteht ein Chelatharz mit Aminomethylphosphonsäuregruppen
deutlich schlechterer Stabilität.</p>
    <heading>
      <b>
        <u style="single">Untersuchungsmethoden:</u>
      </b>
    </heading>
    <p num="0085">Die erfindungsgemäß hergestellten heterodispersen Chelatharze werden in den nachfolgenden
Beispielen durch folgende Eigenschaften charakterisiert:
<sl><li>1. die Totalkapazität für Natriumionen</li><li>2. die osmotische Widerstandsfähigkeit im 200 Zyklentest</li></sl></p>
    <p num="0086">Diese Eigenschaften werden nach folgenden Verfahren bestimmt: </p>
    <heading>
      <b>
        <u style="single">Bestimmung der Totalkapazität (TK) des Harzes für Natriumionen</u>
      </b>
    </heading>
    <p num="0087">100 ml zu untersuchendes Chelatharz wird in eine Filtersäule gefüllt und mit
3 gew.-%iger Salzsäure in 1,5 Stunden eluiert. Dann wird mit VE-Wasser gewaschen
bis der Ablauf neutral ist.</p>
    <p num="0088">50 ml zu untersuchendes Chelatharz wird in einer Säule mit 0,1 n Natronlauge beaufschlagt.
Den Ablauf fängt man in einem 250 ml Messkolben auf und titriert die
gesamte Menge gegen Methylorange mit 1 n Salzsäure.</p>
    <p num="0089">Es wird solange aufgegeben, bis 250 ml Ablauf einen Verbrauch von 24,5 bis 25 ml
an In Salzsäure haben. Nach beendeter Prüfung bestimmt man das Volumen des
Austauschers in der Na- Form.
<st32:df xmlns:st32="http://www.ir-facility.org/ns/st32/" align="center">Totalkapazität (TK) = (X · 25 - Σ V )- 3 in mol/l Austauscher</st32:df><dl compact="compact" tsize="5"><dt>X =</dt><dd>Zahl der Ablauffraktionen</dd><dt>Σ V =</dt><dd>Gesamtverbrauch in ml an 1n Salzsäure bei der Titration der Abläufe.</dd></dl></p>
    <heading>
      <b>
        <u style="single">Bestimmung der osmotischen Widerstandsfähigkeit im 200 Zyklentest</u>
      </b>
    </heading>
    <p num="0090">50 ml zu untersuchendes heterodisperses Chelatharz wird in einem Glasrohr 200 mal
einem je 1 Stunde dauernden Beladungszyklus ausgesetzt. Der Beladungszyklus besteht
aus folgenden Einzelschritten: Beladen mit 0,5 n Salzsäure, Spülen mit VE-Wasser,
Beladen mit 0,5 n Natronlauge, Spülen mit VE-Wasser. Anschließend wird
unter dem Mikroskop die Anzahl der unversehrt gebliebenen Perlen ausgezählt.</p>
    <p num="0091">Bestimmung der Menge basischer Aminomethylgruppen in aminomethylierten, vernetzten
Polystyrol Perlpolymerisaten: </p>
    <p num="0092">100 ml zu untersuchendes aminomethyliertes Perlpolymerisat wird auf dem Stampfvolumeter
eingerüttelt und anschließend mit VE-Wasser in eine Glassäule gespült. In
einer Stunde und 40 Minuten werden 1000 ml 2 gew.-%ige Natronlauge überfiltriert.
Anschließend wird VE-Wasser überfiltriert bis 100 ml Eluat mit Phenolphthalein
versetzt einen Verbrauch an 0,1 n (0,1 normaler) Salzsäure von höchstens 0,05 ml
haben.</p>
    <p num="0093">50 ml dieses Harzes werden in einem Becherglas mit 50 ml VE-Wasser und 100 ml
In Salzsäure versetzt. Die Suspension wird 30 Minuten gerührt und anschließend in
eine Glassäule gefüllt. Die Flüssigkeit fließt unten ab. Es werden weitere 100 ml 1n
Salzsäure über das Harz in 20 Minuten filtriert. Anschließend werden 200 ml Methanol
überfiltriert. Alle Eluate werden gesammelt und vereinigt und mit 1 n Natronlauge
gegen Methylorange titriert.</p>
    <p num="0094">Die Menge an Aminomethylgruppen in 1 Liter aminomethyliertem Harz errechnet
sich nach folgender Formel: ( 200- V ) 20 = mol Aminomethylgruppen pro Liter
Harz.</p>
  </description>
  <claims load-source="ep" status="new" lang="DE">
    <claim num="1">
      <claim-text>Verfahren zur Herstellung heterodisperser Chelatharze, dadurch gekennzeichnet,
dass man
<claim-text><claim-text>a) Monomertröpfchen aus mindestens einer monovinylaromatischen Verbindung
und mindestens einer polyvinylaromatischen Verbindung
sowie einem Porogen und einem Initiator oder einer Initiatorkombination
zu einem vernetzten Perlpolymerisat umsetzt,</claim-text><claim-text>b) dieses heterodisperse vernetzte Perlpolymerisat mit Phthalimidderivaten
amidomethyliert,</claim-text><claim-text>c) das amidomethylierte Perlpolymerisat zu aminomethyliertem Perlpolymerisat
umsetzt und</claim-text><claim-text>d) das aminomethylierte Perlpolymerisat zu einem chelatgruppenhaltigen
Perlpolymerisat funktionalisiert</claim-text></claim-text>
mit der Maßgabe, dass als Initiator ein Peroxycarbonat, ein Perester oder ein
Peroxyester eingesetzt wird.</claim-text>
    </claim>
    <claim num="2">
      <claim-text>Verfahren gemäß Anspruch 1, dadurch gekennzeichnet, dass nach dem Schritt
d) die Umladung des heterodispersen Chelatharzes mittels einer Base erfolgt.</claim-text>
    </claim>
    <claim num="3">
      <claim-text>Verfahren gemäß der Ansprüche 1 und 2, dadurch gekennzeichnet, dass Verfahrensschritt
a) in Gegenwart eines Schutzkolloids durchgeführt wird.</claim-text>
    </claim>
    <claim num="4">
      <claim-text>Verfahren gemäß Anspruch 3, dadurch gekennzeichnet, dass als Schutzkolloide
Gelatine, Stärke, Polyvinylalkohol, Polyvinylpyrrolidon, Polyacrylsäure,
Polymethacrylsäure oder Copolymerisate aus (Meth)acrylsäure oder
(Meth)acrylsäureester eingesetzt werden.</claim-text>
    </claim>
    <claim num="5">
      <claim-text>Verfahren gemäß Anspruch 1, dadurch gekennzeichnet, dass als monovinylaromatische
Verbindungen monoethylenisch ungesättigte Verbindungen eingesetzt
werden.</claim-text>
    </claim>
    <claim num="6">
      <claim-text>Verfahren gemäß Anspruch 1, dadurch gekennzeichnet, dass als polyvinylaromatische
Verbindungen Divinylbenzol, Divinyltoluol, Trivinylbenzol,
Divinylnaphthalin, Trivinylnaphthalin, 1,7-Octadien, 1,5-Hexadien, Ethylenglycoldimethacrylat,
Trimethylolpropantrimethacrylat oder Allylmethacrylat
eingesetzt werden.</claim-text>
    </claim>
    <claim num="7">
      <claim-text>Verfahren gemäß Anspruch 1, dadurch gekennzeichnet, dass in Verfahrensschritt
b) zunächst ein Phthalimidoether gebildet wird.</claim-text>
    </claim>
    <claim num="8">
      <claim-text>Verfahren gemäß Anspruch 7, dadurch gekennzeichnet, dass der Phthalimidoether
aus Phthalimid und Formalin hergestellt wird.</claim-text>
    </claim>
    <claim num="9">
      <claim-text>Verfahren gemäß der Ansprüche 7 und 8, dadurch gekennzeichnet, dass die
Reaktion des Phthalimidoethers mit dem Perlpolymerisat in Gegenwart von
Oleum, Schwefelsäure oder Schwefeltrioxid stattfindet.</claim-text>
    </claim>
    <claim num="10">
      <claim-text>Verfahren gemäß Anspruch 1, dadurch gekennzeichnet, dass im Verfahrensschritt
d) Verbindungen eingesetzt werden, die als funktionalisierendes Amin
chelatisierende Eigenschaften entwickeln.</claim-text>
    </claim>
    <claim num="11">
      <claim-text>Heterodisperse Chelatharze erhältlich durch
<claim-text><claim-text>a) Umsetzen von Monomertröpfchen aus mindestens einer monovinylaromatischen
Verbindung und mindestens einer polyvinylaromatischen
Verbindung sowie einem Porogen und einem Initiator oder
einer Initiatorkombination zu einem vernetzten Perlpolymerisat,</claim-text><claim-text>b) Amidomethylieren dieses heterodispersen, vernetzten Perlpolymerisates
mit Phthalimidderivaten,</claim-text><claim-text>c) Umsetzen des amidomethylierten Perlpolymerisates zu einem aminomethylierten
Perlpolymerisat und</claim-text><claim-text>d) Funktionalisieren des aminomethylisierten Perlpolymerisates zu einem
Chelatharz</claim-text></claim-text>
mit der Massgabe, dass als Initiator ein Peroxycarbonat, ein Peroxyester oder
ein Perester eingesetzt wird.</claim-text>
    </claim>
    <claim num="12">
      <claim-text>Heterodisperse Chelatharze gemäß Anspruch 11, dadurch gekennzeichnet,
dass sich während des Verfahrensschrittes d) chelatisierende Gruppen der
Formel (I)
―(CH2)―nNR1R2
worin
R1für Wasserstoff oder einen Rest CH2-COOH, CH2P(O)(OH)2 oder

steht,R2für einen Rest CH2COOH, CH2P(O)(OH)2,

oder
steht undnfür eine ganze Zahl 1, 2, 3 oder 4 steht, undRfür Wasserstoff oder einen verzweigten oder unverzweigten Alkylrest
mit bis zu 12 Kohlenstoffatomen steht,
ausbilden.</claim-text>
    </claim>
    <claim num="13">
      <claim-text>Heterodisperse Chelatharze gemäß der Ansprüche 11 und 12, dadurch
gekennzeichnet, dass diese nach Schritt d) mittels einer Base umgeladen werden.</claim-text>
    </claim>
    <claim num="14">
      <claim-text>Chelatharze gemäß der Ansprüche 11 bis 13, dadurch gekennzeichnet, dass
diese eine makroporöse Struktur aufweisen.</claim-text>
    </claim>
    <claim num="15">
      <claim-text>Verwendung der Chelatharze gemäß der Ansprüche 11 bis 14 in der hergestellten
Form, als Pulverharze, Pasten oder Compounds zum Einsatz in der
Hydrometallurgie.</claim-text>
    </claim>
    <claim num="16">
      <claim-text>Verwendung der Chelatharze gemäß der Ansprüche 11 bis 14 zur Entfernung
von Erdalkalimetallen, Schwermetallen oder Edelmetallen aus wässrigen
Lösungen von Erdalkalimetallen oder Alkalien oder deren Dämpfen, aus
Solen der Alkalichloridelektrolyse, aus wässrigen Salzsäuren, aus Abwässern
oder Rauchgaswäschen, Grundwässern oder Deponieabwässern, aus flüssigen
oder gasförmigen Kohlenwasserstoffen, Erdgasen, Erdgaskondensaten, Erdölen,
sowie aus flüssigen oder gasförmigen Halogenkohlenwasserstoffen.</claim-text>
    </claim>
    <claim num="17">
      <claim-text>Verwendung der Chelatharze gemäß der Ansprüche 11 bis 14, dadurch
gekennzeichnet, dass als Erdalkalimetalle Beryllium, Magnesium, Calcium,
Strontium oder Barium und als Schwermetalle oder Edelmetalle, Quecksilber,
Eisen, Cobalt, Nickel, Kupfer, Zink, Blei, Cadmium, Mangan, Uran, Vanadium,
Elemente der Platingruppe, Gold oder Silber durch die Harze adsorbiert
werden.</claim-text>
    </claim>
    <claim num="18">
      <claim-text>Verwendung der Chelatharze gemäß der Ansprüche 11 bis 14 zur Entfernung
von Rhodium oder Elementen der Platingruppe sowie Gold, Silber oder Rhodium
oder Edelmetall-enthaltende Katalysatorreste aus organischen Lösungen
oder Lösemitteln.</claim-text>
    </claim>
    <claim num="19">
      <claim-text>Verfahren zur Entfernung von Erdalkalimetallen, Schwermetallen oder Edelmetallen
aus wässrigen Lösungen oder Dämpfen, wässrigen Lösungen von
Erdalkalimetallen oder Alkalien, Solen der Alkalichloridelektrolyse, wässrigen
Salzsäuren, Abwässern oder Rauchgaswäschen, Grundwässern oder
Deponieabwässern, flüssigen oder gasförmigen Kohlenwasserstoffen,
Carbonsäuren oder flüssigen oder gasförmigen Halogenkohlenwasserstoffen,
dadurch gekennzeichnet, dass Chelatharze gemäß der Ansprüche 11 bis 14
eingesetzt werden.</claim-text>
    </claim>
    <claim num="20">
      <claim-text>Verfahren gemäß Anspruch 19, dadurch gekennzeichnet, dass als Erdalkalimetalle
Beryllium, Magnesium, Calcium, Strontium oder Barium und als
Schwermetalle oder Edelmetalle Quecksilber, Eisen, Cobalt, Nickel, Kupfer,
Zink, Blei, Cadmium, Mangan, Uran, Vanadium, Elemente der Platingruppe,
Gold oder Silber entfernt werden.</claim-text>
    </claim>
    <claim num="21">
      <claim-text>Verfahren zur Entfernung von Magnesium, Calcium, Strontium, Barium oder
Beryllium sowie Rhodium oder Elementen der Platingruppe, Gold, Silber,
Rhodium oder Edelmetall-enthaltende Katalysatorreste aus organischen
Lösungen oder Lösungsmitteln, dadurch gekennzeichnet, dass man Chelatharze
gemäß der Ansprüche 11 bis 14 einsetzt.</claim-text>
    </claim>
    <claim num="22">
      <claim-text>Verwendung der Chelatharze gemäß der Ansprüche 11 bis 14 in der Hydrometallurgie
der chemischen Industrie, der Elektronik-Industrie, der Galvanound
Oberflächenindustrie oder der Abfall Entsorgungs- oder Verwertungsindustrie.</claim-text>
    </claim>
    <claim num="23">
      <claim-text>Verwendung der Chelatharze gemäß der Ansprüche 11 bis 14, dadurch
gekennzeichnet, dass man Erdalkalimetalle aus Solen der Alkalichloridelektrolyse
entfernen kann.</claim-text>
    </claim>
    <claim num="24">
      <claim-text>Verwendung der Chelatharze gemäß der Ansprüche 11 bis 14, dadurch
gekennzeichnet, dass man Schwermetalle wie Eisen, Cadmium oder Blei aus
Stoffen die während einer elektrolytischen Behandlung umgesetzt werden,
entfernt werden.</claim-text>
    </claim>
    <claim num="25">
      <claim-text>Verfahren zur Entfernung von Erdalkalimetallen aus Solen der Alkalichloridelektrolyse,
dadurch gekennzeichnet, dass man Chelatharze gemäß der
Ansprüche 11 bis 14 einsetzt.</claim-text>
    </claim>
    <claim num="26">
      <claim-text>Verwendung der Chelatharze gemäß der Ansprüche 11 bis 14 zur Entfernung
von Antimon, Eisen, Cobalt, Silber, Zinn oder Nickel in Batterien.</claim-text>
    </claim>
    <claim num="27">
      <claim-text>Verwendung der Chelatharze gemäß der Ansprüche 11 bis 14 zur Entfernung
von Gallium aus Natriumaluminatlösungen (Bauxitlösungen), sowie zur
Entfernung von Germanium aus wässrigen, sauren Lösungen.</claim-text>
    </claim>
  </claims>
  <copyright>User acknowledges that the Information Retrieval Facility (IRF) and its third party providers retain all right, title and interest in and to this xml under applicable copyright laws. User acquires no ownership rights to this xml including but not limited to its format. User hereby accepts the terms and conditions of the Licence Agreement set forth at http://www.ir-facility.org/legal/marec/data_licence</copyright>
</patent-document>
