<?xml version="1.0" encoding="utf-8"?>
<!DOCTYPE patent-document PUBLIC "-//MXW//DTD patent-document XML//EN" "http://www.ir-facility.org/dtds/patents/v1.4/patent-document.dtd">
<patent-document ucid="EP-1263248-A1" country="EP" doc-number="1263248" kind="A1" lang="FR" family-id="26213034" status="new" date-produced="20090516" date="20021204">
  <bibliographic-data>
    <publication-reference ucid="EP-1263248-A1" status="new" fvid="23606725">
      <document-id status="new" format="original">
        <country>EP</country>
        <doc-number>1263248</doc-number>
        <kind>A1</kind>
        <date>20021204</date>
      </document-id>
    </publication-reference>
    <application-reference ucid="EP-02290959-A" status="new" is-representative="NO">
      <document-id status="new" format="epo">
        <country>EP</country>
        <doc-number>02290959</doc-number>
        <kind>A</kind>
        <date>20020416</date>
      </document-id>
    </application-reference>
    <priority-claims status="new">
      <priority-claim ucid="FR-0107255-A" status="new">
        <document-id status="new" format="epo">
          <country>FR</country>
          <doc-number>0107255</doc-number>
          <kind>A</kind>
          <date>20010601</date>
        </document-id>
      </priority-claim>
      <priority-claim ucid="FR-0202207-A" status="new">
        <document-id status="new" format="epo">
          <country>FR</country>
          <doc-number>0202207</doc-number>
          <kind>A</kind>
          <date>20020221</date>
        </document-id>
      </priority-claim>
    </priority-claims>
    <technical-data status="new">
      <classifications-ipcr>
        <classification-ipcr status="new">H04W   8/22        20090101C I20090105RMEP        </classification-ipcr>
        <classification-ipcr status="new">H04W   8/24        20090101A I20090105RMEP        </classification-ipcr>
        <classification-ipcr status="new">H04W  88/00        20090101C N20090105RMEP        </classification-ipcr>
        <classification-ipcr status="new">H04W  88/02        20090101A N20090105RMEP        </classification-ipcr>
      </classifications-ipcr>
      <classification-ecla status="new">
        <classification-symbol scheme="EC">H04Q   7/32A6</classification-symbol>
        <classification-symbol scheme="EC">H04Q   7/32S</classification-symbol>
        <classification-symbol scheme="EC">H04W   8/24N</classification-symbol>
        <classification-symbol scheme="ICO">T04Q7:32A2R</classification-symbol>
        <classification-symbol scheme="ICO">T04W88:02</classification-symbol>
      </classification-ecla>
      <invention-title load-source="ep" status="new" lang="DE">Verfahren zur Aktivierung einer Funktion in einem Teilnehmerendgerät eines Netzes</invention-title>
      <invention-title load-source="ep" status="new" lang="EN">Method for activating a function in a terminal subscribed to a network</invention-title>
      <invention-title load-source="ep" status="new" lang="FR">Procédé d'activation d'une fonction dans un terminal abonné à un réseau</invention-title>
    </technical-data>
    <parties>
      <applicants>
        <applicant status="new" format="epo">
          <addressbook>
            <name>SAGEM</name>
            <address>
              <country>FR</country>
            </address>
          </addressbook>
        </applicant>
        <applicant status="new" format="intermediate">
          <addressbook>
            <name>SAGEM SA</name>
          </addressbook>
        </applicant>
        <applicant status="new" format="original">
          <addressbook>
            <last-name>Sagem SA</last-name>
            <address>
              <street>Le Ponant de Paris, 27 rue Leblanc</street>
              <city>75015 Paris</city>
              <country>FR</country>
            </address>
          </addressbook>
        </applicant>
      </applicants>
      <inventors>
        <inventor status="new" format="epo">
          <addressbook>
            <name>CHABANNE HERVE</name>
            <address>
              <country>FR</country>
            </address>
          </addressbook>
        </inventor>
        <inventor status="new" format="intermediate">
          <addressbook>
            <name>CHABANNE, HERVE</name>
          </addressbook>
        </inventor>
        <inventor status="new" format="original">
          <addressbook>
            <last-name>Chabanne, Hervé</last-name>
            <address>
              <street>48 rue de la Marne</street>
              <city>78200 Mantes la Jolie</city>
              <country>FR</country>
            </address>
          </addressbook>
        </inventor>
      </inventors>
      <agents>
        <agent status="new" format="original">
          <addressbook>
            <last-name>Gorrée, Jean-Michel</last-name>
            <address>
              <street>Cabinet Plasseraud, 84, rue d'Amsterdam</street>
              <city>75440 Paris Cédex 09</city>
              <country>FR</country>
            </address>
          </addressbook>
        </agent>
      </agents>
    </parties>
    <international-convention-data>
      <designated-states>
        <ep-contracting-states>
          <country>DE</country>
          <country>FR</country>
          <country>GB</country>
        </ep-contracting-states>
      </designated-states>
    </international-convention-data>
  </bibliographic-data>
  <abstract load-source="docdb" source="EPO" status="new" lang="EN">
    <p>The system includes transmission of a special message to a subscriber terminal, such as a mobile telephone, in order to activate a specific function within the terminal. This may be the locking or unlocking of the SIM card within a telephone, by the transmission of a message which is coded using a code known only to the network operator, and verified using a public code. In order to activate a logic function in the subscriber terminal , the network operator transmits to the terminal a special message containing information necessary for activation of the logic function, the message being individualised for the terminal. The logic function is only activated when the terminal has verified that the special message has been individualised for the specific terminal. The special message is signed under a key which is private to the operator of the network, in order to verify the operation using a public key. The special message includes the following elements: a unique public identifier; a unique private identifier encoded in a way only known to the operator of the network; and a unique physical private identifier held in memory in the terminal. The message may also carry information regarding the state of locking of the terminal.</p>
  </abstract>
  <abstract load-source="ep" status="new" lang="FR">
    <p>Procédé pour activer une fonction logique dans un
terminal abonné à un réseau, caractérisé en ce que
l'opérateur du réseau émet, à destination du terminal, au
moins un message spécial contenant les informations utiles
à l'activation de la fonction logique dans le terminal,
ledit message étant individualisé pour ledit terminal.</p>
  </abstract>
  <description load-source="ep" status="new" lang="FR">
    <p num="0001">La présente invention concerne des perfectionnements
apportés au processus d'activation d'une fonction
logique dans un terminal abonné à un réseau et notamment,
bien que non limitativement, elle concerne des perfectionnements
apportés, dans un réseau de communication sans
fil, à l'activation d'une fonction logique dans un
terminal mobile détenu par un abonné dudit réseau.</p>
    <p num="0002">Actuellement, un terminal mobile peut être livré à
l'abonné avec une ou plusieurs fonctions verrouillées
(c'est-à-dire inutilisables) en relation par exemple avec
des clauses contractuelles de l'abonnement liant l'abonné
à l'opérateur du réseau ; mais ces fonctions initialement
verrouillées peuvent devoir être déverrouillées ultérieurement
(par exemple clause d'abonnement à action limitée
dans le temps ; modification de l'abonnement ; etc...).</p>
    <p num="0003">Toutefois, il convient que le déverrouillage de la
fonction souhaitée ne puisse intervenir que pour un abonné
déterminé et qu'avec l'accord de l'opérateur du réseau, et
il convient d'empêcher des déverrouillages frauduleux.</p>
    <p num="0004">C'est le cas en particulier pour le verrouillage
dit "simlocking" liant un abonné à un opérateur de réseau
donné.</p>
    <p num="0005">Les opérateurs de réseaux de téléphonie mobile
investissent dans l'équipement en terminaux en
subventionnant une partie de leur coût. En contrepartie,
au début de son utilisation, le terminal mobile est
verrouillé ("simlocking") sur le réseau de l'opérateur
spécifique, c'est-à-dire qu'il ne peut fonctionner que sur
le réseau de l'opérateur qui l'a subventionné pour
l'abonnement dans lequel il était inclus. Toutefois, ce 
verrouillage n'est prévu que pour une durée déterminée
(par exemple 6 mois ou 1 an) et, à la fin de cette
période, l'abonné peut demander à l'opérateur que son
terminal mobile soit déverrouillé.</p>
    <p num="0006">Aujourd'hui le verrouillage de sécurité
("simlocking") est mis en oeuvre dans le terminal mobile
et, pour des raisons de coût, il s'agit en général d'un
verrouillage essentiellement logique, c'est-à-dire faisant
intervenir un logiciel ou agissant sur un logiciel, et de
façon simplifiée, on peut considérer que le verrouillage
du terminal mobile est obtenu par l'introduction, par
l'opérateur du réseau, d'une information dérivée d'un code
dans le terminal mobile lors de la mise en service de
celui-ci.</p>
    <p num="0007">Le moment venu, le déverrouillage est alors
effectué par l'abonné lui-même qui introduit dans son
terminal le code qui lui a été communiqué par l'opérateur
du réseau lorsque l'abonné a fait part de son désir de
déverrouillage. Le terminal mobile compare le code
introduit par l'abonné avec l'information qu'il détient de
façon secrète depuis sa mise en service et commande le
déverrouillage donnant accès à d'autres réseaux.</p>
    <p num="0008">Ce processus présente l'inconvénient de laisser à
des fraudeurs la possibilité de remonter ("reverse
engineering") jusqu'à l'information tenue en mémoire dans
le terminal mobile et parfois d'en déduire le code devant
être introduit pour provoquer le déverrouillage, ou
parfois aussi de remplacer/modifier l'information
mémorisée pour la faire correspondre avec un code choisi
par le fraudeur. Le terminal mobile se trouve alors
déverrouillé sans l'autorisation de l'opérateur du réseau.</p>
    <p num="0009">Inversement, il peut être souhaité de verrouiller
tout ou partie des fonctions d'un terminal mobile 
jusqu'alors actives, par exemple afin de neutraliser un
terminal volé. Par analogie avec ce qui précède, cette
neutralisation peut être faite en verrouillant
("simlocking") le terminal volé sur un réseau inexistant.</p>
    <p num="0010">Plus généralement, dans le domaine informatique,
il peut être souhaité d'activer une fonction logique dans
un terminal informatique, par exemple pour autoriser ou
interdire une connexion à un serveur ou sur un site
Internet dans le cadre d'un abonnement.</p>
    <p num="0011">L'invention a donc pour but de proposer un procédé
d'activation d'une fonction logique perfectionné de
manière à empêcher une activation frauduleuse de la
fonction logique.</p>
    <p num="0012">A cette fin, l'invention propose un procédé pour
activer une fonction logique dans un terminal abonné à un
réseau, lequel procédé se caractérise, conformément à
l'invention, en ce que l'opérateur du réseau émet, à
destination du terminal, au moins un message spécial
contenant les informations utiles à l'activation de la
fonction logique dans le terminal, ledit message spécial
étant individualisé pour ledit terminal.</p>
    <p num="0013">Ainsi, conformément à l'invention, toutes les
informations nécessaires à l'activation de la fonction
logique ne se trouvent plus présentes dans le terminal
mobile dès la mise en service de celui-ci et il ne suffit
plus de rentrer le code communiqué par l'opérateur du
réseau pour commander l'activation de cette fonction : on
accroít la sécurité en prévoyant l'introduction, dans le
terminal, des informations - données et/ou programme -
nécessaires à l'activation de la fonction uniquement au
moment où celle-ci est souhaitée. Cette introduction
s'effectue à distance par l'envoi d'un message spécial
approprié au terminal. </p>
    <p num="0014">Notamment, on peut prévoir que le susdit code soit
communiqué au préalable à l'utilisateur du terminal par
l'opérateur du réseau et que l'utilisateur l'introduise
dans son terminal afin que ce dernier puisse lire le
susdit message spécial lorsqu'il le reçoit de l'opérateur.</p>
    <p num="0015">Mais, on peut aussi prévoir que le code ou une
information équivalente soit contenu dans ledit message
spécial : l'abonné n'a alors aucune autre démarche à
effectuer que de demander à l'opérateur du réseau
l'activation de la fonction logique dans son terminal ou
bien, dans le cas d'un terminal devant être neutralisé
(cas d'un terminal volé par exemple), le message spécial
est émis par l'opérateur à sa propre initiative pour
neutraliser ledit terminal.</p>
    <p num="0016">Dans les deux cas, c'est la double introduction,
quasi simultanée ou simultanée, de deux types d'informations
dans le terminal - d'un côté, le code qui est
introduit par l'abonné qui le reçoit de l'opérateur du
réseau ou bien qui est contenu dans le message spécial et,
de l'autre côté, les informations contenues dans le
message spécial envoyé par l'opérateur du réseau
directement au terminal - qui valide l'activation de la
fonction logique. Cette activation résulte ainsi de la
volonté clairement exprimée de l'opérateur du réseau
d'activer une fonction dans un terminal donné. Par
exemple, dans le cas du verrouillage "simlocking" d'un
terminal mobile, l'opérateur envoie dans le message
spécial le nouvel état de verrouillage, cet état pouvant
être par exemple "terminal déverrouillé" ou, par exemple
encore, "terminal verrouillé sur un réseau inexistant"
pour neutraliser un terminal volé.</p>
    <p num="0017">D'une façon intéressante, les informations utiles
à l'activation de la fonction logique peuvent comprendre 
des données et/ou, de façon encore plus sécuritaire, au
moins un programme d'activation de ladite fonction. On est
ainsi assuré que, quelles que soient les tentatives faites
par un fraudeur avant que ces informations soient
transmises au terminal par le message spécial, la fonction
logique ne pourra pas être activée puisque les éléments
logiciels nécessaires à cette activation ne sont pas
présents dans le terminal.</p>
    <p num="0018">Pour éviter qu'un message spécial destiné à un
terminal donné soit intercepté par un fraudeur et
réutilisé avec succès ultérieurement et/ou sur un autre
terminal, on prévoit que le message spécial soit
individualisé en outre en relation avec le terminal auquel
il est spécifiquement destiné et sous au moins une donnée
contenue dans le terminal et connue de l'opérateur du
réseau.</p>
    <p num="0019">De façon préférée dans ce cas, le message spécial
est signé sous une clé privée de l'opérateur du réseau de
manière à pouvoir être vérifié, une fois reçu par le
terminal, sous une clé publique de l'opérateur du réseau
qui est tenue en mémoire dans ledit terminal, l'activation
de ladite fonction logique étant tributaire de la réussite
de ladite vérification. On peut également envisager
avantageusement que ladite fonction logique n'est activée
que lorsque le terminal a vérifié que le message spécial
était bien individualisé à son égard.</p>
    <p num="0020">De façon également préférée, la donnée sous
laquelle le message spécial est individualisé entre en
compte dans le calcul de la signature. En particulier,
lorsque le code est le seul élément d'individualisation et
qu'il est communiqué par ailleurs à l'abonné, la signature
porte à la fois sur le code et le message spécial. </p>
    <p num="0021">Toutefois, il est souhaitable, pour améliorer la
sécurité, que la donnée sous laquelle le message spécial
est individualisé et/ou chiffré comprenne d'autres
informations, et en particulier des informations
caractéristiques du terminal et/ou tenues en mémoire dans
celui-ci. Ainsi, le message spécial pourra en outre être
individualisé par un des éléments suivants :
<ul list-style="bullet"><li>un identifiant unique public et/ou</li><li>un identifiant unique privé logiciel, c'est-à-dire
connu seulement de l'opérateur du réseau (par exemple
un numéro de série mis par le fabricant, qui n'est
jamais communiqué à l'extérieur du terminal hormis
vers l'opérateur), et/ou</li><li>un identifiant unique privé matériel (par exemple peut
être mis en oeuvre en plaçant dans le terminal un
composant spécial prévu à cet effet).</li></ul></p>
    <p num="0022">Tous ces identifiants sont en pratique tenus en
mémoire dans le terminal.</p>
    <p num="0023">Dans un mode de mise en oeuvre préféré du procédé
de l'invention, les messages spéciaux utiles à
l'activation de la fonction logique sont envoyés chiffrés
sous les identifiants précités et le code.</p>
    <p num="0024">Enfin, toujours dans un mode de mise en oeuvre
préféré du procédé de l'invention, l'activation de la
fonction logique n'est réalisable que pendant un laps de
temps prédéterminé, déclenché par exemple par la première
occurrence de l'introduction du code dans le terminal par
l'abonné et par la réception par le terminal du message
spécial, le terminal étant de construction prévue à cet
effet et calculant lui-même la fenêtre temporelle de
validation de l'activation de la fonction logique.</p>
    <p num="0025">Finalement, le processus d'activation de la
fonction logique peut, conformément à l'invention, se 
dérouler comme suit en pratique. Les messages spéciaux
utiles à l'activation de la fonction souhaitée sont
envoyés, par l'opérateur du réseau à destination du
terminal, chiffrés sous les susdits identifiants et le
code. Après réception de ce message par le terminal, et
éventuellement après l'introduction du code par l'abonné à
l'aide du clavier du terminal, le terminal déchiffre le
message spécial en mémoire volatile RAM et l'efface de sa
mémoire non volatile (il en résulte que, si le terminal
est recalé à zéro, l'effet du message spécial sera perdu).
Le terminal disposant alors des données et/ou du programme
nécessaire, l'exécution du programme d'activation de la
fonction s'engage si le terminal a réussi la vérification
de la signature grâce à la clé publique de l'opérateur qui
est contenue dans sa mémoire.</p>
    <p num="0026">Comme on l'a indiqué plus haut, une application
tout particulièrement intéressante des dispositions de
l'invention concerne le domaine de la téléphonie mobile et
notamment le déverrouillage du terminal mobile
préalablement verrouillé ("simlocking") comme exposé
précédemment dans le préambule.</p>
    <p num="0027">Dans ce contexte, pour, dans un réseau de
communication sans fil, désactiver une fonction de
verrouillage de type logique dans un terminal mobile
détenu par un abonné dudit réseau, on peut procéder comme
il suit :
<ul list-style="bullet"><li>l'opérateur du réseau communique à l'abonné un code
pour que celui-ci l'introduise dans son terminal
mobile

et dans le même temps</li><li>l'opérateur du réseau émet, à destination du terminal
mobile, au moins un message spécial, tel qu'un message
SMS, contenant les informations utiles à la 
désactivation de la fonction de verrouillage dudit
terminal mobile, le message spécial, notamment SMS,
étant individualisé.</li></ul></p>
    <p num="0028">Mais dans un autre mode opératoire, on peut
prévoir que l'opérateur du réseau émet, uniquement à
destination du terminal mobile, au moins un message
spécial, tel qu'un message SMS, contenant les informations
utiles à la désactivation de la fonction de verrouillage
dudit terminal mobile, le message SMS étant individualisé
pour ledit terminal mobile.</p>
    <p num="0029">En effet, pour éviter qu'un message SMS destiné à
un terminal mobile donné soit intercepté par un fraudeur
et réutilisé avec succès ultérieurement et/ou sur un autre
terminal, on prévoit que le message SMS soit individualisé
en outre en relation avec le terminal mobile auquel il est
spécifiquement destiné et sous au moins une donnée
contenue dans le terminal.</p>
    <p num="0030">De façon préférée, on peut faire en sorte que le
message SMS inclut la signature sous une clé privée de
l'opérateur du réseau téléphonique, tandis qu'une clé
publique de l'opérateur est tenue en mémoire dans le
terminal mobile de manière que le message SMS puisse être
vérifié une fois reçu.</p>
    <p num="0031">Grâce à un tel message signé, il devient aisé,
pour l'opérateur, de rendre non fonctionnel un terminal
mobile qui doit être éliminé du réseau (par exemple
terminal volé).</p>
    <p num="0032">Le message SMS pourra être individualisé avec :
<ul list-style="bullet"><li>un identifiant unique public IMEI (International
Mobile Equipment Identity ; norme ETSI GSM 02.16),
et/ou</li><li>un identifiant unique privé logiciel (c'est-à-dire
connu seulement de l'opérateur du réseau) IDSOFT (par 
exemple un numéro de série mis par le fabricant, qui
n'est jamais communiqué à l'extérieur du terminal
mobile hormis vers l'opérateur), et/ou</li><li>un identifiant unique privé matériel IDHARD (par
exemple peut être mis en oeuvre en plaçant dans le
terminal mobile un composant spécial tel que le
composant DS 2401 Silicon Serial Number chip fabriqué
par DALLAS Semi-Conductor).</li></ul></p>
    <p num="0033">Tous ces identifiants sont en pratique tenus en
mémoire dans le terminal mobile.</p>
    <p num="0034">Dans un mode de mise en oeuvre préféré du procédé
de l'invention, les messages spéciaux SMS utiles à la
désactivation de la fonction de verrouillage sont envoyés
chiffrés sous IMEI, IDSOFT, IDHARD et CODE.</p>
    <p num="0035">Enfin, toujours dans un mode de mise en oeuvre
préféré du procédé de l'invention, la désactivation de la
fonction de verrouillage n'est réalisable que pendant un
laps de temps prédéterminé, déclenché par exemple par la
première occurrence de l'introduction du code dans le
terminal mobile par l'abonné et par la réception par le
terminal mobile du message spécial SMS, le terminal mobile
étant de construction prévue à cet effet et calculant lui-même
la fenêtre temporelle de validation de la
désactivation de la fonction de verrouillage .</p>
    <p num="0036">Finalement, le processus de désactivation de la
fonction de verrouillage peut, conformément à l'invention,
se dérouler comme suit en pratique. Les messages spéciaux
SMS utiles à la désactivation recherchée sont envoyés, par
l'opérateur du réseau à destination du terminal mobile,
chiffrés sous IMEI, IDSOFT, IDHARD et CODE. Après
réception de ces messages SMS par le terminal mobile et
après l'introduction du code CODE par l'abonné à l'aide du
clavier du terminal mobile, celui-ci déchiffre les 
messages SMS en mémoire volatile RAM et les efface de sa
mémoire non volatile (il en résulte que, si le terminal
mobile est recalé à zéro, l'effet des messages SMS sera
perdu). Le terminal disposant alors des données et/ou du
programme nécessaire, l'exécution du programme de
désactivation de la fonction de verrouillage s'engage si
le terminal mobile a réussi la vérification de la
signature grâce à la clé publique de l'opérateur contenue
dans sa mémoire.</p>
    <p num="0037">Comme cela a été précisé plus haut, les moyens de
l'invention propres à commander une désactivation
sécurisée du verrouillage d'une fonction du terminal
mobile ont une application qui n'est pas limitée à la
désactivation du "simlocking", mais peuvent trouver
application en relation avec d'autres fonctions
optionnelles prévues de construction, mais non
initialement mises en service (par exemple fonction mains
libres ; fonction de renvoi sur un autre terminal ;
fonction d'affichage d'un numéro appelant ; ...).</p>
    <p num="0038">Au surplus, les dispositions de l'invention ne se
limitent pas à l'envoi, par l'opérateur vers le terminal
mobile, de seuls messages SMS qui sont mis en oeuvre
actuellement dans le réseau GSM ; elles pourront tout
aussi bien être exploitées avec toutes sortes de messages
pouvant être transmis dans le réseau WAP, ou encore
d'autres réseaux futurs.</p>
    <p num="0039">Enfin, on soulignera que, dans les explications
qui précèdent, l'opérateur du réseau peut, dans certains
cas, déléguer sa signature à une autorité compétente.</p>
  </description>
  <claims load-source="ep" status="new" lang="FR">
    <claim num="1">
      <claim-text>Procédé pour activer une fonction logique dans
un terminal abonné à un réseau, caractérisé en ce que
l'opérateur du réseau émet, à destination du terminal, au
moins un message spécial contenant les informations utiles
à l'activation de la fonction logique dans le terminal,
ledit message étant individualisé pour ledit terminal.</claim-text>
    </claim>
    <claim num="2">
      <claim-text>Procédé selon la revendication 1, caractérisé
en ce que ladite fonction logique n'est activée que
lorsque le terminal a vérifié que le message spécial était
bien individualisé à son égard.</claim-text>
    </claim>
    <claim num="3">
      <claim-text>Procédé selon la revendication 1 ou 2,
caractérisé en ce que le message spécial est signé sous
une clé privée de l'opérateur du réseau de manière à
pouvoir être vérifié, une fois reçu par le terminal, sous
une clé publique de l'opérateur du réseau qui est tenue en
mémoire dans ledit terminal, l'activation de ladite
fonction logique étant tributaire de la réussite de ladite
vérification.</claim-text>
    </claim>
    <claim num="4">
      <claim-text>Procédé selon l'une quelconque des revendications
1 à 3, caractérisé en ce que le message spécial
est en outre individualisé par un des éléments suivants :
<claim-text><claim-text>un identifiant unique public, et/ou</claim-text><claim-text>un identifiant unique privé logiciel connu uniquement
de l'opérateur du réseau, et/ou</claim-text><claim-text>un identifiant unique privé matériel,
tous tenus en mémoire dans le terminal.</claim-text></claim-text></claim-text>
    </claim>
    <claim num="5">
      <claim-text>Procédé selon l'une quelconque des revendications
1 à 4, caractérisé en ce que le message spécial
comprend l'état d'un verrouillage dans le terminal.</claim-text>
    </claim>
    <claim num="6">
      <claim-text>Procédé selon la revendication 5, caractérisé
en ce que l'état de verrouillage dans le terminal est
propre à bloquer ledit terminal.</claim-text>
    </claim>
    <claim num="7">
      <claim-text>Procédé selon l'une quelconque des revendications
1 à 6, caractérisé en ce qu'en parallèle à la
transmission du message spécial au terminal, un code est
remis à l'utilisateur dudit terminal et en ce que
l'utilisateur introduit ce code dans le terminal.</claim-text>
    </claim>
    <claim num="8">
      <claim-text>Procédé selon la revendication 7, caractérisé
en ce que la signature sous une clé privée de l'opérateur
du réseau est appliquée au susdit message spécial et au
code.</claim-text>
    </claim>
    <claim num="9">
      <claim-text>Procédé selon l'une quelconque des revendications
1 à 8, caractérisé en ce que l'activation de la
fonction logique est rendue possible par le terminal
seulement pendant un laps de temps prédéterminé à compter
de l'introduction du code par l'abonné ou de la réception
du message spécial émis par l'opérateur du réseau.</claim-text>
    </claim>
    <claim num="10">
      <claim-text>Procédé selon l'une quelconque des revendications
1 à 9, caractérisé en ce que, après réception du
message spécial émis par l'opérateur du réseau, le
terminal déchiffre le message spécial en mémoire volatile
RAM et l'efface de sa mémoire non volatile, ensuite de
quoi le programme d'activation de la fonction logique
s'exécute.</claim-text>
    </claim>
    <claim num="11">
      <claim-text>Procédé selon l'une quelconque des revendications
1 à 10, caractérisé en ce que le terminal est un
terminal téléphonique mobile et l'opérateur du réseau est
un opérateur de téléphonie mobile.</claim-text>
    </claim>
  </claims>
  <copyright>User acknowledges that the Information Retrieval Facility (IRF) and its third party providers retain all right, title and interest in and to this xml under applicable copyright laws. User acquires no ownership rights to this xml including but not limited to its format. User hereby accepts the terms and conditions of the Licence Agreement set forth at http://www.ir-facility.org/legal/marec/data_licence</copyright>
</patent-document>
