<?xml version="1.0" encoding="utf-8"?>
<!DOCTYPE patent-document PUBLIC "-//MXW//DTD patent-document XML//EN" "http://www.ir-facility.org/dtds/patents/v1.4/patent-document.dtd">
<patent-document ucid="EP-1249228-A1" country="EP" doc-number="1249228" kind="A1" lang="FR" family-id="8862336" status="new" date-produced="20090516" date="20021016">
  <bibliographic-data>
    <publication-reference ucid="EP-1249228-A1" status="new" fvid="23594319">
      <document-id status="new" format="original">
        <country>EP</country>
        <doc-number>1249228</doc-number>
        <kind>A1</kind>
        <date>20021016</date>
      </document-id>
    </publication-reference>
    <application-reference ucid="EP-02290922-A" status="new" is-representative="NO">
      <document-id status="new" format="epo">
        <country>EP</country>
        <doc-number>02290922</doc-number>
        <kind>A</kind>
        <date>20020412</date>
      </document-id>
    </application-reference>
    <priority-claims status="new">
      <priority-claim ucid="FR-0105110-A" status="new">
        <document-id status="new" format="epo">
          <country>FR</country>
          <doc-number>0105110</doc-number>
          <kind>A</kind>
          <date>20010413</date>
        </document-id>
      </priority-claim>
    </priority-claims>
    <technical-data status="new">
      <classifications-ipcr>
        <classification-ipcr status="new">A45D  33/00        20060101AFI20051220RMJP        </classification-ipcr>
        <classification-ipcr status="new">A45D  33/00        20060101C I20051008RMEP        </classification-ipcr>
        <classification-ipcr status="new">A45D  33/02        20060101A I20051008RMEP        </classification-ipcr>
        <classification-ipcr status="new">A45D  33/34        20060101ALI20051220RMJP        </classification-ipcr>
        <classification-ipcr status="new">A46B   9/00        20060101C I20051008RMEP        </classification-ipcr>
        <classification-ipcr status="new">A46B   9/02        20060101A I20051008RMEP        </classification-ipcr>
        <classification-ipcr status="new">A46D   1/00        20060101A I20051008RMEP        </classification-ipcr>
        <classification-ipcr status="new">A46D   1/00        20060101C I20051008RMEP        </classification-ipcr>
        <classification-ipcr status="new">B05C  19/00        20060101CLI20051220RMJP        </classification-ipcr>
        <classification-ipcr status="new">B05C  19/06        20060101ALI20051220RMJP        </classification-ipcr>
      </classifications-ipcr>
      <classification-ecla status="new">
        <classification-symbol scheme="EC">A45D  33/02</classification-symbol>
        <classification-symbol scheme="EC">A46B   9/02A</classification-symbol>
        <classification-symbol scheme="EC">A46D   1/00</classification-symbol>
        <classification-symbol scheme="ICO">K45D33:34</classification-symbol>
      </classification-ecla>
      <invention-title load-source="ep" status="new" lang="DE">Vorrichtung, insbesondere für eine kosmetische Verwendung, die ein Behältnis umfasst, das ein aufzutragendes Produkt enthält und ein Element, welches geeignet ist ein magnetisches Feld zu erzeugen</invention-title>
      <invention-title load-source="ep" status="new" lang="EN">Device, particularly for cosmetic use, comprising a container containing a product to be applied and an element able to generate a magnetic field</invention-title>
      <invention-title load-source="ep" status="new" lang="FR">Dispositif, notamment à usage cosmétique, comportant un récipient contenant un produit à appliquer et un élément permettant de générer un champ magnétique</invention-title>
    </technical-data>
    <parties>
      <applicants>
        <applicant status="new" format="epo">
          <addressbook>
            <name>OREAL</name>
            <address>
              <country>FR</country>
            </address>
          </addressbook>
        </applicant>
        <applicant status="new" format="intermediate">
          <addressbook>
            <name>L'OREAL</name>
          </addressbook>
        </applicant>
        <applicant status="new" format="original">
          <addressbook>
            <last-name>L'OREAL</last-name>
            <address>
              <street>14, rue Royale</street>
              <city>75008 Paris</city>
              <country>FR</country>
            </address>
          </addressbook>
        </applicant>
      </applicants>
      <inventors>
        <inventor status="new" format="epo">
          <addressbook>
            <name>GUERET JEAN-LOUIS</name>
            <address>
              <country>FR</country>
            </address>
          </addressbook>
        </inventor>
        <inventor status="new" format="intermediate">
          <addressbook>
            <name>GUERET, JEAN-LOUIS</name>
          </addressbook>
        </inventor>
        <inventor status="new" format="original">
          <addressbook>
            <last-name>GUERET, JEAN-LOUIS</last-name>
            <address>
              <street>27 avenue Raymond Poincar-</street>
              <city>75016 Paris</city>
              <country>FR</country>
            </address>
          </addressbook>
        </inventor>
      </inventors>
      <agents>
        <agent status="new" format="original">
          <addressbook>
            <last-name>Tanty, François</last-name>
            <address>
              <street>Nony &amp;amp; Associés, 3, rue de Penthièvre</street>
              <city>75008 Paris</city>
              <country>FR</country>
            </address>
          </addressbook>
        </agent>
      </agents>
    </parties>
    <international-convention-data>
      <designated-states>
        <ep-contracting-states>
          <country>AT</country>
          <country>BE</country>
          <country>CH</country>
          <country>CY</country>
          <country>DE</country>
          <country>DK</country>
          <country>ES</country>
          <country>FI</country>
          <country>FR</country>
          <country>GB</country>
          <country>GR</country>
          <country>IE</country>
          <country>IT</country>
          <country>LI</country>
          <country>LU</country>
          <country>MC</country>
          <country>NL</country>
          <country>PT</country>
          <country>SE</country>
          <country>TR</country>
        </ep-contracting-states>
      </designated-states>
    </international-convention-data>
  </bibliographic-data>
  <abstract load-source="docdb" source="EPO" status="new" lang="EN">
    <p>A device for packaging and/or applying a cosmetic product contains fibers comprising at least one body which is magnetized or capable of being magnetized. The fibers present an effectively constant transverse section and contain magnetized or magnetizable particles of soft or hard magnetic materials, ferrites, especially zinc, nickel or magnesium based, rare earths, barium sulfate, silicon-iron alloys, optionally filled with molybdenum. The particles are applied by coating or by application to the surface. The fibers are prepared by extrusion or coextrusion of plastic material(s): polyamides, polyethylene terephthalate (PET), acetates, polyethylene (PE), polypropylene (PP), polyvinyl chloride (PVC), amide bloc polyester, plastified Rilsan (RTM), polyester, PE, silicone or nitrile elastomers. The particles only present at the surface of the fiber, only in the interior of the fiber or dispersed within it. The fibers have one of the following transverse sections: circle, full or hollow square or triangle or star, disk with optional grooving, U, V, I, T, Z, -, +, kidney, three-branched and may optionally be twisted. The diameter is 0.5-500 mu m and the length 0.5-50mm. The packaging device may contain a wringing organ which may have magnetic properties. A preferred device is a mascara applicator comprising a recipient containing particles suitable to be attracted by the applicator fibers which are magnetizable. The recipient may contain a composition including magnetized particles which can act on the magnetizable fibers. The applicator is in the form of a brush of which one or more of the bristles united with a twisted magnetized core are of the magnetizable fiber. The device may comprise a flocking coating of which at least one of the hairs is of the magnetizable fiber. The coating covers, at least partially, the teeth of a comb, the hairs of a brush, a wringer, a foam, a sponge, a film, perforated or not, a ferrule or woven or non-woven tissue.</p>
  </abstract>
  <abstract load-source="ep" status="new" lang="FR">
    <p>La présente invention concerne un dispositif (10, notamment à usage
cosmétique, comportant :
<ul list-style="bullet"><li>un récipient (14),</li><li>un produit (P) contenu dans le récipient,</li><li>un élément limiteur (19),</li></ul>
   ce dispositif comportant en outre :
<ul list-style="bullet"><li>des particules aimantables (40), mélangées au produit et/ou enrobées de
produit, l'élément limiteur étant apte à limiter la sortie du produit et/ou des particules
aimantables (40) mélangées au produit et/ou enrobées de produit, et</li><li>au moins un élément magnétique ou magnétisable (41) apte à générer un
champ magnétique interagissant avec les particules aimantables (40) dans le récipient,
notamment permettant d'agir sur leur répartition dans le récipient.</li></ul><img id="img-00000001" orientation="unknown" wi="144" img-format="tif" img-content="ad" file="00000001.tif" inline="no" he="84"/></p>
  </abstract>
  <description load-source="ep" status="new" lang="FR">
    <p num="0001">La présente invention a pour objet un dispositif, notamment à usage
cosmétique, comportant un récipient contenant un produit à appliquer et un élément
limiteur, apte à limiter la sortie du produit du récipient.</p>
    <p num="0002">On connaít des boítiers logeant un récipient constitué par une coupelle, remplie
de poudre, un élément limiteur constitué par un tamis et une houppette pour prélever du
produit sur le tamis et l'appliquer sur la surface à maquiller. La coupelle peut présenter un
fond mou afin de permettre de créer une pression sur le produit pour l'amener vers le
tamis. Une telle pression est susceptible de faire voler le produit et/ou d'entraíner des
salissures, ce qui n'est pas souhaitable.</p>
    <p num="0003">On connaít également des récipients contenant un produit pulvérulent, dont
l'ouverture est pourvue d'un bloc de mousse, le prélèvement s'effectuant au moyen d'un
applicateur introduit dans le récipient au travers du bloc de mousse.</p>
    <p num="0004">Il existe un besoin pour faciliter le prélèvement du produit avec de tels
dispositifs, le prélèvement pouvant parfois s'avérer difficile notamment en raison du fait
que le produit peut avoir tendance à s'accumuler dans le fond du récipient.</p>
    <p num="0005">Il existe également, indépendamment de cela, un besoin pour réduire le risque
d'envolement du produit à l'ouverture du boítier ou lors du prélèvement du produit ou lors
de l'application.</p>
    <p num="0006">L'invention répond à l'un au moins de ces besoins grâce à un nouveau
dispositif, notamment à usage cosmétique, comportant :
<ul list-style="bullet"><li>un récipient,</li><li>un produit contenu dans le récipient,</li><li>un élément limiteur,

dispositif caractérisé par le fait qu'il comporte en outre :</li><li>des particules aimantables, mélangées au produit et/ou enrobées de produit,
l'élément limiteur étant apte à limiter la sortie du produit et/ou des particules aimantables
mélangées au produit et/ou enrobées de produit, et</li><li>au moins un élément magnétique ou magnétisable apte à générer un champ
magnétique interagissant avec les particules aimantables dans le récipient, notamment
permettant d'agir sur leur répartition dans le récipient.</li></ul></p>
    <p num="0007">Par « particules aimantables » on entend des particules sensibles à l'action d'un
champ magnétique. Ces particules peuvent ne pas présenter d'aimantation permanente ou
résiduelle ou au contraire présenter une telle aimantation.</p>
    <p num="0008">Ce champ magnétique peut être généré de manière à favoriser le transport du
produit vers ou à travers l'élément limiteur. Dans ce cas, le produit à appliquer sur
l'utilisateur n'a pas nécessairement à être sensible à l'action d'un champ magnétique et
peut être simplement mélangé à des particules aimantables. C'est alors le mouvement des
particules aimantables sous l'effet du champ magnétique qui est mis à profit pour
transporter du produit de la manière souhaitée. Le produit peut aussi présenter des
propriétés magnétiques.</p>
    <p num="0009">Le champ magnétique peut encore, en variante ou additionnellement, être
généré de manière à favoriser le maintien du produit sur une partie du dispositif, évitant
ainsi que du produit ne vole ou ne coule (selon sa nature) au moment de l'application ou à
l'ouverture du récipient. Dans ce cas, le produit à appliquer est sensible à l'action d'un
champ magnétique et incorpore des particules magnétiques. Ces particules peuvent être des
micro-particules magnétiques dispersées dans le produit et intimement liées à ce dernier.
Ces particules peuvent encore être, par exemple, des grains d'un matériau aimantable,
enrobés de produit. L'utilisation d'un élément d'application magnétique et d'un produit
sensible à l'action du champ magnétique de l'élément d'application permet de favoriser le
maintien du produit sur l'élément d'application lorsque ce dernier est déplacé du récipient
vers la surface à traiter. On réduit ainsi le risque que du produit ne vole ou ne goutte.</p>
    <p num="0010">Le champ magnétique peut être généré par un élément d'application
magnétique ou par un aimant amovible mis en place pendant le transport par exemple et
enlevé au moment de l'utilisation.</p>
    <p num="0011">L'élément limiteur peut être un élément perméable au produit. Cet élément
perméable peut comporter au moins un organe choisi par exemple dans la liste suivante :
un tamis, une paroi ajourée, une mousse, un fritté, un feutre, un non-tissé, un tissé, une
brosse, une superposition de deux éléments au moins, notamment de deux de ces éléments,
par exemple une paroi ajourée doublée d'une mousse ou d'un tamis.</p>
    <p num="0012">Le dispositif peut comporter un élément d'application distinct de l'élément
limiteur.</p>
    <p num="0013">Le dispositif peut comporter un élément d'application magnétique, lequel peut 
être rendu magnétique de différentes façons.</p>
    <p num="0014">L'élément d'application peut par exemple loger un aimant massif, lequel peut
être souple.</p>
    <p num="0015">L'élément d'application peut encore comporter des particules magnétiques,
aimantées ou aimantables, dispersées.</p>
    <p num="0016">Le ou les aimants de l'élément d'application peuvent être situés de manière à
favoriser le chargement en produit de régions prédéterminées de l'élément d'application.
Ainsi, un aimant central pourra favoriser par exemple une répartition plus centrale du
produit sur l'élément d'application.</p>
    <p num="0017">Dans une réalisation particulière, le dispositif comporte un élément
d'application solidaire d'un élément de préhension constituant également un organe de
fermeture du récipient. Un aimant peut être fixé sur l'organe de fermeture, le cas échéant.</p>
    <p num="0018">Le dispositif peut comporter un élément limiteur magnétique, étant aimanté ou
aimantable.</p>
    <p num="0019">Dans une réalisation particulière, le dispositif comporte un élément limiteur
magnétique et un élément d'application non magnétique.</p>
    <p num="0020">L'élément limiteur peut être réalisé de nombreuses manières.</p>
    <p num="0021">L'élément limiteur peut par exemple être un tamis plan et l'élément
d'application une houppette.</p>
    <p num="0022">L'élément limiteur peut présenter une surface concave vers l'élément
d'application et présenter une forme de doigt de gant.</p>
    <p num="0023">L'élément limiteur peut encore comporter un bloc de mousse.</p>
    <p num="0024">L'élément d'application peut constituer tout ou partie de l'élément limiteur.
Dans ce cas, l'élément d'application peut être monté à demeure sur le récipient.</p>
    <p num="0025">Le dispositif peut comporter un organe de fermeture du récipient, cet organe de
fermeture pouvant être magnétique.</p>
    <p num="0026">Le dispositif peut comporter un élément d'application magnétique, lequel peut
comporter des particules magnétiques dispersées.</p>
    <p num="0027">L'élément limiteur peut être rotatif.</p>
    <p num="0028">Dans une réalisation particulière, le dispositif comporte un élément limiteur
présentant une zone extérieure destinée à l'application sur l'utilisateur et une zone
intérieure destinée à se charger en produit. Le dispositif peut comporter un élément 
d'application distinct de l'élément limiteur.</p>
    <p num="0029">L'élément limiteur peut être agencé de manière à transporter du produit du
récipient à l'élément d'application lors de sa rotation.</p>
    <p num="0030">Le dispositif peut comporter un élément limiteur magnétique.</p>
    <p num="0031">L'élément d'application peut comporter l'un au moins des matériaux suivants :
<sl><li>une mousse, un fritté, un feutre, un non-tissé, des poils, un tissé, un flocage, cette liste
n'étant pas limitative.</li></sl></p>
    <p num="0032">Le dispositif peut comporter un aimant amovible apte à générer dans une
position de stockage un champ magnétique apte à s'opposer à la sortie des particules
aimantables du récipient. L'aimant amovible peut constituer le seul élément magnétique
apte à générer le champ magnétique permettant d'agir sur la répartition des particules
aimantables dans le récipient. Le dispositif peut aussi comporter un aimant amovible
distinct dudit élément magnétique apte à générer ledit champ magnétique permettant d'agir
sur la répartition des particules aimantables dans le récipient.</p>
    <p num="0033">L'intensité du champ magnétique généré par ledit aimant amovible peut être
supérieure à l'intensité du champ magnétique généré par ledit élément magnétique.
L'aimant amovible peut être apte à être fixé sur une face extérieure d'une paroi de fond du
récipient.</p>
    <p num="0034">Le récipient peut contenir des particules aimantables enrobées d'un produit
cosmétique ou de soin. Le récipient peut encore contenir des particules aimantables
mélangées au produit.</p>
    <p num="0035">L'élément limiteur peut présenter des passages permettant la sortie du produit,
la taille des particules aimantables étant supérieure aux dimensions desdits passages, de
manière à être empêchées de sortir du récipient.</p>
    <p num="0036">Le produit peut comporter un liant favorisant l'adhérence du produit sur les
particules aimantables.</p>
    <p num="0037">Les particules aimantables peuvent comporter des corps magnétiques sur la
surface desquels sont fixés des grains de matière aimantable. Ces corps magnétiques
peuvent être choisis dans la liste suivante : fibres, notamment fibres de bois, billes,
notamment billes creuses en verre.</p>
    <p num="0038">Le dispositif peut contenir un produit pulvérulent ou peut encore contenir un
produit liquide. </p>
    <p num="0039">Le produit peut être contenu dans un récipient non déformable, notamment
présentant un fond et des parois latérales rigides, de sorte que le prélèvement du produit
peut s'effectuer sans comprimer le récipient.</p>
    <p num="0040">L'invention a encore pour objet un procédé pour charger en produit un élément
d'application, dans lequel on déplace du produit au moyen d'un champ magnétique pour
faciliter le chargement en produit de l'élément d'application. Le produit pourra dans
certains cas être prélevé sans agiter le récipient.</p>
    <p num="0041">Le produit peut être par exemple une poudre pour le visage, un blush, une
ombre à paupières, une ombre pour le contour des yeux, un composant de crayon khôl, un
composant d'eyeliner.</p>
    <p num="0042">Le produit peut également être un liquide, notamment un ferrofluide ou une
émulsion contenant un ferrofluide.</p>
    <p num="0043">L'invention a encore pour objet un dispositif, notamment à usage cosmétique,
comportant un récipient contenant un produit à appliquer sur un utilisateur et un élément
limiteur apte à limiter la sortie du produit, ce dispositif étant caractérisé par le fait que le
récipient contient des particules aimantables mélangées au produit et/ou enrobées de
produit et par le fait que le dispositif comporte au moins un élément magnétique apte à
générer un champ magnétique permettant d'agir sur la répartition desdites particules dans
le récipient.</p>
    <p num="0044">L'invention a encore pour objet un dispositif comportant :
<ul list-style="bullet"><li>un récipient,</li><li>un produit contenu dans le récipient,</li><li>une pluralité de particules contenues dans le récipient, cette pluralité de
particules comportant des particules aimantables mélangées au produit et/ou des particules
aimantables enrobées de produit, et</li><li>un élément d'application configuré pour attirer au moins une partie des
particules aimantables mélangées au produit et/ou enrobées de produit.</li></ul></p>
    <p num="0045">L'invention a encore pour objet un procédé pour appliquer un produit,
comportant les étapes suivantes :
<ul list-style="bullet"><li>fournir un dispositif tel que défini plus haut,</li><li>charger l'élément d'application avec au moins le produit, et</li><li>amener l'élément d'application au contact d'au moins la peau, les cheveux, 
un ongle des mains, un ongle des pieds, des cils, des sourcils, de manière à appliquer le
produit dessus.</li></ul></p>
    <p num="0046">L'invention sera mieux comprise à la lecture de la description détaillée qui va
suivre, d'exemples de réalisation non limitatifs de l'invention, et à l'examen du dessin
annexé faisant partie intégrante de la description, sur lequel :
<ul list-style="bullet"><li>la figure 1 est une vue schématique en coupe axiale d'un boítier de
maquillage conforme à un exemple de mise en oeuvre de l'invention, couvercle fermé,</li><li>la figure 2 est une vue analogue à la figure 1, représentant le boítier
couvercle ouvert, après enlèvement de la houppette,</li><li>la figure 3 est une vue analogue à la figure 1, représentant une variante
dans laquelle un aimant amovible est rapporté sur le fond du boítier,</li><li>la figure 4 est une vue analogue à la figure 3, représentant une variante
dans laquelle la houppette comporte des particules magnétiques,</li><li>la figure 5 est une vue analogue à la figure 1, représentant une variante
dans laquelle le produit est sensible à l'action d'un champ magnétique,</li><li>la figure 6 est une vue analogue à la figure 5, illustrant une variante dans
laquelle un aimant amovible est rapporté sur le fond du boítier,</li><li>la figure 7 est une vue analogue à la figure 5, la houppette comportant des
particules magnétiques,</li><li>la figure 8 représente en coupe axiale schématique un récipient conforme à
un autre exemple de mise en oeuvre de l'invention, comportant un élément d'application
solidaire d'un organe de fermeture du récipient,</li><li>la figure 9 est une coupe axiale schématique d'une variante de réalisation
dans laquelle l'organe limiteur est différent,</li><li>les figures 10 et 11 représentent isolément, chacune en coupe axiale
schématique, des variantes de réalisation de l'organe limiteur,</li><li>la figure 12 représente isolément une variante de réalisation de l'élément
d'application de la figure 8,</li><li>la figure 13 est une coupe axiale schématique d'un autre exemple de mise
en oeuvre de l'invention dans laquelle l'élément limiteur présente une forme de doigt de
gant,</li><li>la figure 14 est une coupe axiale schématique d'un autre exemple de mise 
en oeuvre de l'invention,</li><li>la figure 15 représente de manière schématique en coupe une variante de
mise en oeuvre de l'invention à organe limiteur rotatif,</li><li>la figure 16 est une coupe schématique selon XVI-XVI de la figure 15,</li><li>la figure 17 représente une autre variante à organe limiteur rotatif,</li><li>la figure 18 est une vue schématique d'un autre exemple de mise en oeuvre
de l'invention dans lequel l'élément d'application sert également d'élément limiteur,</li><li>la figure 19 représente une variante dans laquelle l'organe de fermeture du
récipient est magnétique,</li><li>la figure 20 est une vue schématique et partielle d'un corps poreux sur une
face duquel ont été pulvérisées des particules magnétiques, pouvant entrer dans la
fabrication d'un dispositif conforme à l'invention,</li><li>les figures 21 et 22 représentent de manière schématique des particules
aimantables pouvant être mélangées au produit, et</li><li>la figure 23 représente de manière schématique une particule de produit à
appliquer, sensible à l'action d'un champ magnétique.</li></ul></p>
    <p num="0047">On a représenté à la figure 1 un boítier de maquillage 10 comportant un corps
11 et un couvercle 12 articulé sur le corps 11.</p>
    <p num="0048">Le corps 11 est pourvu extérieurement de nervures 13 contribuant à l'esthétique
du boítier et loge intérieurement une coupelle 14 formée par l'assemblage d'un élément
inférieur 14a et d'un élément supérieur 14b.</p>
    <p num="0049">La coupelle 14 contient du produit P à appliquer sur la surface à maquiller.
Cette coupelle 14 constitue un récipient au sens de la présente invention. L'élément
inférieur 14a présente une paroi de fond 16 et un montant cylindrique 17 entouré par une
nervure 21. L'élément supérieur 14b comporte une paroi annulaire 15 qui définit un
logement destiné à recevoir une houppette 30. Cette paroi 15 est prolongée vers le bas par
une jupe cylindrique 22 qui vient s'encliqueter sur un bourrelet 27 réalisé à la base de la
nervure 21, sur le côté radialement extérieur de cette dernière. L'élément supérieur 14b
comporte également un rebord 18 qui vient prendre appui sur la tranche supérieure du
montant 20. Une nervure 35 prolonge le rebord 18 vers le bas et s'applique contre le
montant 20, du côté radialement extérieur de ce dernier.</p>
    <p num="0050">Le rebord 18 supporte un tamis 19 qui est fixé par exemple par soudure ou 
collage.</p>
    <p num="0051">La jupe 22 est entourée extérieurement par un joint en élastomère 23,
comportant une jupe 36 pourvue de nervures axiales 24 réparties sur sa périphérie,
s'engageant avec friction sur la paroi 37 du logement du corps 11 recevant la coupelle 14.</p>
    <p num="0052">Le joint 23 comporte en partie supérieure une partie annulaire 25 contre
laquelle peut s'appliquer le couvercle 12 pour isoler de manière étanche le produit P
contenu dans la coupelle 14 de l'extérieur, lorsque le boítier 10 est fermé.</p>
    <p num="0053">Le couvercle 12 loge un miroir 31 qui vient se positionner au-dessus de la
houppette 30 lorsque le boítier est fermé. Une patte élastique 33 est prévue sur le couvercle
12 pour s'encliqueter sur le corps du boítier 11 en position de fermeture.</p>
    <p num="0054">Le produit P, libre dans la coupelle 14, est mélangé, conformément à un
premier exemple de mise en oeuvre de l'invention, avec des particules 40 aimantables,
d'une taille suffisamment grande pour ne pas passer au travers des mailles du tamis 19
sous l'effet du champ magnétique créé par un aimant permanent massif 41, logé dans la
houppette 30.</p>
    <p num="0055">Dans l'exemple de réalisation décrit, cet aimant permanent 41 est rigide, à base
de terres rares, mais pourrait en variante être remplacé par tout autre type d'aimant,
notamment un aimant souple ou par plusieurs aimants, rigides ou souples, voire par un
ensemble de particules magnétiques 42 distribuées au sein de la houppette, comme illustré
sur la figure 4. Ces particules 42 peuvent être magnétiques dès l'origine ou magnétisées
une fois en place au sein de la houppette.</p>
    <p num="0056">Le champ magnétique créé par la houppette 30 est suffisant pour avoir une
action sur les particules aimantables 40 présentes au sein du produit. Dans l'exemple de la
figure 1, la houppette 30 étant placée au-dessus du tamis 19 lorsque le boítier est fermé,
une partie au moins des particules aimantables 40 sont attirées contre la face intérieure du
tamis 19 pendant le stockage.</p>
    <p num="0057">Les particules 40, lorsqu'elles sont attirées par le champ magnétique créé par la
houppette 30, font remonter avec elles du produit P. Ainsi, lorsque la houppette 30 est
déplacée au-dessus du tamis 19, du produit P est présent à son niveau et peut être prélevé
par l'utilisateur. Lorsque la houppette 30 est éloignée du boítier, les particules aimantables
40 retombent dans la coupelle 14, comme représenté à la figure 2.</p>
    <p num="0058">On comprend que l'on dispose grâce à l'invention d'un moyen simple pour 
faciliter le prélèvement du produit dans la coupelle 14.</p>
    <p num="0059">Afin d'immobiliser autant que possible les particules aimantables 40 pour le
transport, et éviter par exemple qu'elles ne génèrent du bruit en s'entrechoquant, on peut
disposer contre le fond du boítier, comme représenté à la figure 3, un aimant permanent 50,
amovible, afin de créer un champ magnétique tendant à plaquer les particules aimantables
40 contre le fond de la coupelle 14. De préférence, le champ magnétique créé par cet
aimant 50 est d'intensité supérieure à celui créé par l'aimant 41 de la houppette 30.</p>
    <p num="0060">Une fois l'aimant 50 enlevé, le champ magnétique créé par la houppette 30 peut
faire remonter les particules aimantables 40 vers le tamis 19, ce qui entraínera le transport
de produit vers le tamis 19.</p>
    <p num="0061">Pour réaliser des particules aimantables 40, on peut utiliser des grains d'un
matériau aimantable, par exemple du fer ou des ferrites ou, comme illustré aux figures 21
et 22, on peut enrober de petites particules aimantables 361 des sphères creuses 362, en
verre par exemple, l'ensemble étant éventuellement recouvert d'une couche d'un matériau
inerte 363 telle qu'une résine acrylique. On peut également enrober de particules
aimantables 361 d'autres corps amagnétiques, creux ou non, par exemple des fibres 370,
notamment des fibres de bois, l'ensemble pouvant éventuellement être encapsulé dans une
résine inerte 363.</p>
    <p num="0062">L'invention n'est pas limitée à l'utilisation de particules aimantables 40
mélangées au produit et l'on peut rendre le produit lui-même sensible à l'action d'un
champ magnétique. Pour ce faire, on peut par exemple enrober de produit des grains 380
de matière aimantable, comme illustré à la figure 23. On peut également, en variante ou
additionnellement, mélanger au produit des micro-particules d'un matériau sensible à
l'action d'un champ magnétique, qui seraient ainsi intimement liées au produit.</p>
    <p num="0063">On a représenté à la figure 5 un boítier qui diffère de celui décrit en référence à
la figure 1 par l'absence de particules aimantables 40 mélangées au produit. Les particules
de produit P elles-mêmes ont été rendues aimantables, par exemple par encapsulage de
grains 380 de matière aimantable. La taille des particules de produit aimantables est
suffisamment faible pour pouvoir passer au travers des mailles du
tamis 19.</p>
    <p num="0064">A l'instar de l'exemple précédemment décrit, le boítier peut être équipé comme
illustré à la figure 6 d'un aimant permanent amovible, permettant de maintenir le produit 
plaqué dans le fond de la coupelle pour le transport.</p>
    <p num="0065">L'aimant permanent 41 de la houppette peut être remplacé par des particules
magnétiques 42 dispersées, comme illustré à la figure 7.</p>
    <p num="0066">Lorsque l'élément servant à l'application du produit, par exemple la houppette
30 précédemment décrite, n'est pas magnétique, le fait que le produit soit sensible à
l'action d'un champ magnétique n'en présente pas moins des avantages.</p>
    <p num="0067">En effet, la seule utilisation d'un aimant rapporté dans le fond du boítier permet
notamment de limiter la tendance du produit à voler lorsqu'il s'agit d'une poudre.</p>
    <p num="0068">Par ailleurs, on peut mélanger des particules de produit rendues aimantables, de
taille suffisamment faible pour passer au travers de l'élément limiteur, ce dernier étant
constitué par exemple par un tamis, avec des particules d'un matériau aimantable, de plus
grande taille, qui seront retenues par l'élément limiteur dans le récipient.</p>
    <p num="0069">L'invention n'est pas limitée à un récipient d'un type particulier et le produit
peut être disposé dans différents contenants, l'élément limiteur pouvant être constitué par
autre chose qu'un tamis plan.</p>
    <p num="0070">A titre d'exemple, on a représenté à la figure 8 un dispositif cosmétique 60
comportant un récipient 61 contenant du produit P, mélangé avec des particules
aimantables 40. Le récipient 61 présente une forme allongée selon un axe X. Il est
partiellement obturé en partie supérieure par un tamis 69 en forme de cuvette, qui présente
une forme générale concave vers l'extérieur, ce tamis 69 se raccordant en partie supérieure
à une partie cylindrique 62 servant à sa fixation dans l'embouchure du récipient 61. Cette
partie cylindrique 62 est terminé par un rebord 63 s'appuyant sur la tranche supérieure du
corps du récipient. Le tamis 69 présente des ajours 64 dont la taille est inférieure à celle
des particules aimantables 40, de sorte que ces dernières sont retenues à l'intérieur du
récipient 61.</p>
    <p num="0071">Le dispositif 60 comporte un élément d'application 65 constitué, dans l'exemple
représenté, par un bloc de mousse fixé sur un organe de fermeture 66 qui constitue
également un élément de préhension. Cet organe de fermeture 66 est pourvu d'une jupe
extérieure filetée 67, apte à se visser sur un filetage 68 du récipient 61. En variante,
l'élément d'application 65 pourrait être remplacé par un fritté ou par tout autre matériau
poreux ou non, déformable ou non, apte à retenir du produit au moins à sa surface et à le
transférer par contact et/ou friction sur la surface à maquiller ou à traiter. L'élément 
d'application 65 pourrait notamment présenter une structure composite, et comporter par
exemple un flocage à sa surface.</p>
    <p num="0072">Dans l'exemple représenté, l'élément d'application 65 comporte en son sein des
particules magnétiques 70 qui permettent de générer un champ magnétique ayant une
action sur les particules aimantables 40 présentes à l'intérieur du récipient 61 lorsque
l'organe de fermeture 66 est en place sur le récipient 61. L'action du champ magnétique de
l'élément d'application 65 sur les particules aimantables peut s'exercer lorsque le récipient
est debout, si l'intensité du champ magnétique est suffisamment importante, ou seulement
si le récipient est couché ou retourné, si l'intensité du champ magnétique est plus faible.</p>
    <p num="0073">Dans une variante non illustrée, l'élément d'application est capable d'être
détaché de l'organe de fermeture lors de l'application du produit ou pour le rechargement
en produit de l'élément d'application. L'élément d'application peut encore être constitué
par un élément indépendant de l'organe de fermeture, ce qui permet notamment de
recharger l'élément d'application en produit sans avoir à ramener l'organe de fermeture sur
le récipient.</p>
    <p num="0074">On peut également utiliser, plutôt qu'un tamis de forme concave, un tamis 80
fixé sur un support 81 monté dans le col du récipient, comme présenté sur la figure 9. Le
tamis 80 peut être par exemple soudé sur un rebord annulaire 82 du support 81.</p>
    <p num="0075">On peut utiliser comme élément limiteur une structure composite, par exemple
constituée par la superposition d'un tamis 80 et d'une paroi ajourée 90 présentant des
orifices 91 ayant une dimension relativement grande, comme illustré à la figure 10.</p>
    <p num="0076">On peut encore réaliser, comme illustré sur la figure 11, un élément limiteur en
superposant un bloc 95 de mousse et une paroi ajourée 96, présentant des perforations 97.
La mousse 95 est choisie de manière à présenter des cellules ouvertes dont la taille est
suffisamment grande pour permettre le passage du produit. Lorsque le produit est mélangé
à des particules aimantables 40 qu'il convient de retenir dans le récipient, on peut choisir la
taille des perforations 91 de manière à empêcher le passage de ces particules 40. On peut
également choisir la taille des cellules du bloc 95 de manière à empêcher le passage de ces
particules 40.</p>
    <p num="0077">Dans l'exemple de la figure 8, l'élément d'application 65 comporte des
particules magnétiques 42. En variante, comme illustré à la figure 12, l'organe de fermeture
66 comporte un aimant permanent 98 qui crée le champ magnétique capable d'agir sur les 
particules aimantables 40 présentes dans le récipient et/ou sur le produit, lorsque celui-ci
est sensible à l'action d'un champ magnétique.</p>
    <p num="0078">On a représenté à la figure 13 un dispositif 100 qui comporte un récipient 101
contenant du produit P et un applicateur 102, comprenant un élément d'application 103 et
un organe de préhension 104 qui constitue également un capuchon de fermeture de
récipient 101. Le récipient 101 comporte en partie supérieure un col fileté 105 sur lequel
peut se visser le capuchon de fermeture 104. L'élément d'application 103 est relié au
capuchon 104 par une tige 108 relativement souple. Dans l'exemple représenté à la figure
13, le produit P est mélangé à des particules aimantables 40.</p>
    <p num="0079">Un élément limiteur 110, constitué par un tamis ayant une forme générale de
doigt de gant, est fixé dans le col 105 et s'étend sur une partie de la hauteur du récipient à
l'intérieur de celui-ci. Dans l'exemple représenté, le diamètre intérieur de l'élément
limiteur 110 correspond sensiblement au diamètre extérieur de l'élément d'application 103.
Ce dernier est magnétique, par exemple parce qu'il incorpore un aimant, de sorte qu'il tend
à attirer les particules aimantables 40 présentes au sein du produit. Ainsi, le transport du
produit depuis l'intérieur du récipient vers l'élément d'application situé à l'intérieur de
l'élément limiteur est facilité. Les particules aimantables 40 sont suffisamment grosses
pour ne pas traverser les ajours de l'élément limiteur 110. En variante, le produit lui-même
est aimantable et peut traverser les ajours de l'élément limiteur 110.</p>
    <p num="0080">On a représenté à la figure 14 un dispositif 120 qui comporte un applicateur
130 ayant un élément d'application magnétique 131, par exemple identique à l'élément
d'application 103 précédemment décrit, relié par une tige 132 à un capuchon de fermeture
133 vissé sur le col 140 du récipient 141. Ce dernier loge un bloc 142 de mousse servant
d'essoreur, présentant un passage sensiblement fermé au repos en l'absence d'applicateur.
Le bloc 142 constitue un élément limiteur au sens de la présente invention. Le bloc 142
pourrait également resté ouvert en l'absence de la tige 132. Le produit P est aimantable et
tend à adhérer, sous l'effet du champ magnétique, à l'élément d'application 131. Le bloc
142 permet d'enlever l'excès de produit lors du retrait de l'applicateur. On comprend que le
fait que l'élément d'application 131 soit capable d'attirer le produit P grâce au champ
magnétique créé, permet de charger plus facilement l'élément d'application en produit,
notamment lorsqu'il en reste une faible quantité dans le récipient 141, en remuant ce
dernier de manière à disperser le produit à l'intérieur du récipient. Lors de son passage à 
proximité de l'élément d'application 131, le produit est capté par le champ magnétique
créé par l'élément d'application 131.</p>
    <p num="0081">Comme évoqué précédemment, on ne sort pas du cadre de la présente
invention lorsque l'élément d'application est dépourvu de propriétés magnétiques et que le
dispositif cosmétique comporte un élément magnétique autre que l'élément d'application.</p>
    <p num="0082">Le dispositif peut notamment comporter un élément limiteur magnétique.</p>
    <p num="0083">Ainsi, dans une variante de réalisation, la houppette représentée à la figure 7
est non magnétique et seul le tamis est magnétique. Le tamis attire alors une certaine
quantité de produit, aimantable, à son contact, le produit ainsi retenu par le tamis étant
susceptible d'être prélevé par l'élément d'application en passant ce dernier sur le tamis.</p>
    <p num="0084">Lorsque l'élément limiteur est magnétique, l'élément d'application peut aussi
être magnétique, et notamment être capable d'exercer un champ magnétique d'intensité
supérieure à celle du champ magnétique exercé par le tamis sur le produit, de sorte que le
produit est prélevé sur le tamis en profitant de l'action du champ magnétique exercé par
l'élément d'application.</p>
    <p num="0085">Dans les exemples qui viennent d'être décrits en référence aux figures 1 à 14,
l'élément limiteur est perméable au produit, étant fixe par rapport au récipient.</p>
    <p num="0086">On va maintenant décrire des exemples de réalisation dans lesquels l'élément
limiteur est apte à transporter du produit prélevé à l'intérieur du récipient vers l'extérieur
ou vers un élément d'application.</p>
    <p num="0087">On a représenté sur les figures 15 et 16 un dispositif 200 dont la structure
générale est connue par le brevet US 5 401 113, auquel on pourra se reporter pour plus de
détails.</p>
    <p num="0088">Ce dispositif comporte un récipient 210 et un disque rotatif 201 porté par une
pièce de support 211 fixée sur le récipient 210. La région inférieure 202 du disque 201
traverse un logement 203 de la pièce de support 211 débouchant à l'intérieur du récipient
210. La région supérieure 204 du disque dépasse au-dessus de la pièce de support 211 et
peut servir à l'application du produit, par transfert.</p>
    <p num="0089">Le disque 201 est solidaire d'un moyeu 212 dont les extrémités axiales sont
accessibles par l'utilisateur depuis l'extérieur, ce qui lui permet de l'entraíner en rotation.</p>
    <p num="0090">Le dispositif 200 diffère de celui décrit dans le brevet US précité par le fait que
le disque 201 est magnétique, par exemple grâce à des particules magnétiques 42 présentes 
en son sein, et par le fait que le produit P est mélangé à des particules aimantables 40, de
sorte que ces particules aimantables 40, en étant attirées par l'organe rotatif 201, peuvent
transporter du produit P à son contact. Les particules aimantables 40 ne peuvent pas
s'engager, du fait de leur taille, dans le faible jeu existant entre le disque 201 et la pièce de
support 205, et retombent dans le récipient 210 lors de la rotation du disque 201. Dans une
variante, le produit P est aimantable et attiré par le disque 201. Le champ magnétique
exercé par le disque 201 sur le produit P est suffisamment faible pour permettre au produit
de pouvoir être transféré sur la surface à traiter par friction.</p>
    <p num="0091">On a représenté sur la figure 17 une variante de réalisation dont la structure
générale est connue par le brevet US 5 836 320.</p>
    <p num="0092">Le dispositif 300 représenté à la figure 17 comporte un récipient 301 et en
partie supérieure un élément limiteur 308 rotatif, apte à transférer du produit prélevé dans
le récipient pour l'amener au contact d'un élément d'application 305 fixé de manière
amovible sur le récipient, et solidaire d'un élément de préhension 306.</p>
    <p num="0093">Lorsque l'élément de préhension 306 est retiré, l'élément limiteur 308 empêche
le produit P de quitter le récipient 301.</p>
    <p num="0094">Le dispositif représenté sur la figure 17 diffère de celui décrit dans le brevet US
précité par le fait que l'élément limiteur 308 est magnétique et par le fait que le produit P
est aimantable, car composé par exemple au moins en partie de particules aimantables
enrobées de produit.</p>
    <p num="0095">Le fait que l'élément limiteur 308 soit magnétique facilite son chargement en
produit à transférer à l'élément d'application par friction et/ou pression de contact.</p>
    <p num="0096">On aura compris au vu de l'exemple des figures 15 et 16 que l'on ne sort pas
du cadre de la présente invention lorsque l'élément limiteur sert également à l'application
du produit.</p>
    <p num="0097">On a représenté sur la figure 18 un dispositif 350 qui comporte un récipient 351
se présentant sous la forme d'un tube souple, muni à son extrémité d'un élément limiteur
352 constitué par exemple par un bloc d'un matériau perméable au produit.</p>
    <p num="0098">L'élément limiteur présente par exemple une forme extérieure de dôme,
comme représenté, servant à l'application directe au produit. Il peut être constitué par
exemple par un fritté ou par une mousse.</p>
    <p num="0099">Le produit présent à l'intérieur du tube 351 est aimantable et capable de passer 
au travers des pores de l'élément limiteur 352, éventuellement lorsque la paroi du récipient
351 est déformée pour générer une surpression interne.</p>
    <p num="0100">L'élément limiteur 352 est magnétique, de manière à tendre à avoir en
permanence une certaine quantité de produit à son contact à l'intérieur du récipient 351
et/ou à facilement se recharger en produit lorsque le récipient 351 est agité.</p>
    <p num="0101">Le récipient 351 peut être fermé par un organe de fermeture ordinaire 353,
comme représenté. En variante, comme représenté à la figure 19, l'organe de fermeture
peut loger un aimant permanent 355, lequel peut exercer une action sur le produit contenu
dans le récipient ou dans l'élément limiteur 352, celui-ci pouvant, le cas échéant, ne pas
être magnétique.</p>
    <p num="0102">Pour rendre l'élément limiteur 352 magnétique, on peut par exemple y
incorporer des particules magnétiques ou déposer, notamment par pulvérisation, des
particules magnétiques 360 sur sa face intérieure, comme illustré à la figure 20.</p>
    <p num="0103">Bien entendu, l'invention n'est pas limitée aux exemples qui viennent d'être
décrits.</p>
    <p num="0104">On peut notamment combiner entre elles des caractéristiques appartenant à des
exemples de réalisation différents.</p>
  </description>
  <claims load-source="ep" status="new" lang="FR">
    <claim num="1">
      <claim-text>Dispositif (10; 60; 100; 120; 200; 300; 350), notamment à usage
cosmétique, comportant :
<claim-text><claim-text>un récipient (14 ; 61 ; 101 ; 141 ; 210 ; 301 ; 351),</claim-text><claim-text>un produit (P) contenu dans le récipient,</claim-text><claim-text>un élément limiteur (19 ; 69 ; 80 ; 90 ; 95 ; 96 ; 110 ; 142 ; 204 ; 308 ; 352),
dispositif caractérisé par le fait qu'il comporte en outre :</claim-text></claim-text><claim-text><claim-text>des particules aimantables (40), mélangées au produit et/ou enrobées de
produit, l'élément limiteur étant apte à limiter la sortie du produit et/ou des particules
aimantables (40) mélangées au produit et/ou enrobées de produit, et</claim-text><claim-text>au moins un élément magnétique ou magnétisable (41 ; 65 ; 98 ; 103 ; 131 ;
204 ; 308 ; 352) apte à générer un champ magnétique interagissant avec les particules
aimantables (40) dans le récipient, notamment permettant d'agir sur leur répartition dans le
récipient.</claim-text></claim-text></claim-text>
    </claim>
    <claim num="2">
      <claim-text>Dispositif selon la revendication 1, caractérisé par le fait que l'élément
limiteur (19 ; 69 ; 80 ; 95 ; 110 ; 352) est perméable au produit.</claim-text>
    </claim>
    <claim num="3">
      <claim-text>Dispositif selon la revendication 2, caractérisé par le fait que ledit élément
limiteur (19 ; 69 ; 80 ; 90 ; 95 ; 96 ; 110 ; 352) comporte au moins un organe choisi dans la
liste suivante : un tamis, une paroi ajourée, une mousse, un fritté, un feutre, un non-tissé,
un tissé, une brosse, une superposition d'au moins deux éléments, notamment deux
éléments choisis dans la liste ci-dessus.</claim-text>
    </claim>
    <claim num="4">
      <claim-text>Dispositif selon la revendication précédente, caractérisé par le fait que
l'élément limiteur comporte une paroi ajourée (90 ; 96) doublée d'une mousse (95) ou d'un
tamis (80).</claim-text>
    </claim>
    <claim num="5">
      <claim-text>Dispositif selon l'une quelconque des revendications précédentes,
caractérisé par le fait qu'il comporte un élément d'application (30 ; 65 ; 103 ; 131) distinct
de l'élément limiteur.</claim-text>
    </claim>
    <claim num="6">
      <claim-text>Dispositif selon la revendication précédente, caractérisé par le fait que
l'élément d'application (30 ; 65 ; 103 ; 131) est magnétique.</claim-text>
    </claim>
    <claim num="7">
      <claim-text>Dispositif selon la revendication précédente, caractérisé par le fait que
l'élément d'application (65) loge un aimant massif (98).</claim-text>
    </claim>
    <claim num="8">
      <claim-text>Dispositif selon la revendication précédente, caractérisé par le fait que
l'élément d'application loge un aimant souple.</claim-text>
    </claim>
    <claim num="9">
      <claim-text>Dispositif selon la revendication 6, caractérisé par le fait que l'élément
d'application comporte des particules magnétiques, aimantées ou aimantables, dispersées
(42).</claim-text>
    </claim>
    <claim num="10">
      <claim-text>Dispositif selon l'une quelconque des revendications 6 à 9, caractérisé par
le fait que l'élément d'application est solidaire d'un élément de préhension constituant
également un organe de fermeture du récipient (66).</claim-text>
    </claim>
    <claim num="11">
      <claim-text>Dispositif selon la revendication précédente et la revendication 7 ou 8,
caractérisé par le fait qu'un aimant (98) est fixé sur l'organe de fermeture.</claim-text>
    </claim>
    <claim num="12">
      <claim-text>Dispositif selon l'une quelconque des revendications précédentes,
caractérisé par le fait que l'élément limiteur est magnétique.</claim-text>
    </claim>
    <claim num="13">
      <claim-text>Dispositif selon l'une quelconque des revendications 1 à 11, dont au moins
la revendication 5, caractérisé par le fait que l'élément limiteur est magnétique et l'élément
d'application non magnétique.</claim-text>
    </claim>
    <claim num="14">
      <claim-text>Dispositif selon l'une quelconque des revendications 5 à 13 sauf les
revendications 10 et 11, caractérisé par le fait que l'élément limiteur est un tamis plan (19)
et par le fait que l'élément d'application est une houppette (30).</claim-text>
    </claim>
    <claim num="15">
      <claim-text>Dispositif selon l'une quelconque des revendications 1 à 13, dont au moins
la revendication 5, caractérisé par le fait que l'élément limiteur (69) présente une surface
concave vers l'élément d'application (65).</claim-text>
    </claim>
    <claim num="16">
      <claim-text>Dispositif selon l'une quelconque des revendications 1 à 13, dont au moins
la revendication 5, caractérisé par le fait que l'élément limiteur (110) présente une forme
de doigt de gant.</claim-text>
    </claim>
    <claim num="17">
      <claim-text>Dispositif selon l'une quelconque des revendications précédentes,
caractérisé par le fait que l'élément limiteur comporte un bloc de mousse (95 ; 142).</claim-text>
    </claim>
    <claim num="18">
      <claim-text>Dispositif selon l'une quelconque des revendications 1 à 4, caractérisé par
le fait qu'il comporte un élément d'application (352) constituant également tout ou partie
de l'élément limiteur.</claim-text>
    </claim>
    <claim num="19">
      <claim-text>Dispositif selon la revendication précédente, caractérisé par le fait que
l'élément d'application (352) est monté à demeure sur le récipient (351).</claim-text>
    </claim>
    <claim num="20">
      <claim-text>Dispositif selon la revendication précédente, caractérisé par le fait qu'il
comporte un organe de fermeture (353) du récipient.</claim-text>
    </claim>
    <claim num="21">
      <claim-text>Dispositif selon la revendication 20, caractérisé par le fait que l'organe de
fermeture (353) est magnétique.</claim-text>
    </claim>
    <claim num="22">
      <claim-text>Dispositif selon la revendication 19 ou 21, caractérisé par le fait que
l'élément d'application (352) est magnétique.</claim-text>
    </claim>
    <claim num="23">
      <claim-text>Dispositif selon la revendication 22, caractérisé par le fait que l'élément
d'application comporte des particules magnétiques dispersées (42).</claim-text>
    </claim>
    <claim num="24">
      <claim-text>Dispositif selon la revendication 1, caractérisé par le fait que l'élément
limiteur (204 ; 308) est rotatif.</claim-text>
    </claim>
    <claim num="25">
      <claim-text>Dispositif selon la revendication 24, caractérisé par le fait que l'élément
limiteur présente une zone extérieure destinée à l'application sur un utilisateur et une zone
intérieure destinée à se charger en produit.</claim-text>
    </claim>
    <claim num="26">
      <claim-text>Dispositif selon la revendication 24, caractérisé par le fait qu'il comporte
un élément d'application (305) distinct de l'élément limiteur (308).</claim-text>
    </claim>
    <claim num="27">
      <claim-text>Dispositif selon la revendication précédente, caractérisé par le fait que
l'élément limiteur (308) est agencé de manière à transporter du produit du récipient à
l'élément d'application lors de sa rotation.</claim-text>
    </claim>
    <claim num="28">
      <claim-text>Dispositif selon l'une des revendications 24 à 27, caractérisé par le fait que
l'élément limiteur est magnétique.</claim-text>
    </claim>
    <claim num="29">
      <claim-text>Dispositif selon l'une quelconque des revendications précédentes,
caractérisé par le fait que l'élément d'application comporte l'un au moins des matériaux
suivants : une mousse, un fritté, un feutre, un non-tissé, des poils, un tissé, un flocage.</claim-text>
    </claim>
    <claim num="30">
      <claim-text>Dispositif selon l'une quelconque des revendications précédentes,
caractérisé par le fait qu'il comporte un aimant amovible (50) apte à générer dans une
position de stockage un champ magnétique apte à s'opposer à la sortie des particules
aimantables du récipient.</claim-text>
    </claim>
    <claim num="31">
      <claim-text>Dispositif selon la revendication 30, caractérisé par le fait que l'aimant
amovible constitue le seul élément magnétique apte à générer ledit champ magnétique
permettant d'agir sur la répartition des particules aimantables dans le récipient.</claim-text>
    </claim>
    <claim num="32">
      <claim-text>Dispositif selon la revendication 30, caractérisé par le fait que l'aimant
amovible (50) est distinct dudit élément magnétique apte à générer ledit champ magnétique
permettant d'agir sur la répartition des particules aimantables dans le récipient.</claim-text>
    </claim>
    <claim num="33">
      <claim-text>Dispositif selon la revendication 32, caractérisé par le fait que l'intensité
du champ magnétique généré par ledit aimant amovible (50) est supérieure à l'intensité du
champ magnétique généré par ledit élément magnétique.</claim-text>
    </claim>
    <claim num="34">
      <claim-text>Dispositif selon l'une des revendications 30 à 33, caractérisé par le fait que
l'aimant amovible (50) est apte à être fixé sur une face extérieure d'une paroi de fond du
récipient.</claim-text>
    </claim>
    <claim num="35">
      <claim-text>Dispositif selon l'une quelconque des revendications précédentes,
caractérisé par le fait que le récipient contient des particules aimantables enrobées d'un
produit cosmétique ou de soin.</claim-text>
    </claim>
    <claim num="36">
      <claim-text>Dispositif selon l'une quelconque des revendications 1 à 35, caractérisé
par le fait que le récipient contient des particules aimantables mélangées au produit.</claim-text>
    </claim>
    <claim num="37">
      <claim-text>Dispositif selon la revendication précédente, non rattachée à l'une des
revendications 24 à 28, caractérisé par le fait que l'élément limiteur comporte des passages
permettant la sortie du produit, et par le fait que la taille des particules aimantables est
supérieure aux dimensions desdits passages, de manière à être empêchées de sortir du
récipient.</claim-text>
    </claim>
    <claim num="38">
      <claim-text>Dispositif selon l'une des revendications 36 et 37, caractérisé par le fait
que le produit comporte un liant favorisant l'adhérence du produit sur les particules
aimantables.</claim-text>
    </claim>
    <claim num="39">
      <claim-text>Dispositif selon l'une quelconque des revendications 36 à 38, caractérisé
par le fait que les particules aimantables comportent des corps amagnétiques sur la surface
desquels sont fixés des grains de matière aimantable (361).</claim-text>
    </claim>
    <claim num="40">
      <claim-text>Dispositif selon la revendications précédente, caractérisé par le fait que les
corps amagnétiques sont choisis dans la liste suivante : fibres, notamment fibres de bois,
billes, notamment billes creuses en verre.</claim-text>
    </claim>
    <claim num="41">
      <claim-text>Dispositif selon l'une quelconque des revendications précédentes,
caractérisé par le fait que le produit est pulvérulent.</claim-text>
    </claim>
    <claim num="42">
      <claim-text>Dispositif selon l'une quelconque des revendications 1 à 40, caractérisé
par le fait que le produit est liquide.</claim-text>
    </claim>
    <claim num="43">
      <claim-text>Dispositif selon l'une quelconque des revendications précédentes,
caractérisé par le fait que le récipient est non déformable, notamment présente un fond et
des parois latérales rigides.</claim-text>
    </claim>
    <claim num="44">
      <claim-text>Procédé pour charger en produit un élément d'application, dans lequel on
déplace du produit au moyen d'un champ magnétique pour faciliter le chargement en
produit de l'élément d'application.</claim-text>
    </claim>
  </claims>
  <copyright>User acknowledges that the Information Retrieval Facility (IRF) and its third party providers retain all right, title and interest in and to this xml under applicable copyright laws. User acquires no ownership rights to this xml including but not limited to its format. User hereby accepts the terms and conditions of the Licence Agreement set forth at http://www.ir-facility.org/legal/marec/data_licence</copyright>
</patent-document>
