<?xml version="1.0" encoding="utf-8"?>
<!DOCTYPE patent-document PUBLIC "-//MXW//DTD patent-document XML//EN" "http://www.ir-facility.org/dtds/patents/v1.4/patent-document.dtd">
<patent-document ucid="EP-1247521-A1" country="EP" doc-number="1247521" kind="A1" lang="FR" family-id="8861150" status="new" date-produced="20090516" date="20021009">
  <bibliographic-data>
    <publication-reference ucid="EP-1247521-A1" status="new" fvid="23558680">
      <document-id status="new" format="original">
        <country>EP</country>
        <doc-number>1247521</doc-number>
        <kind>A1</kind>
        <date>20021009</date>
      </document-id>
    </publication-reference>
    <application-reference ucid="EP-02290659-A" status="new" is-representative="NO">
      <document-id status="new" format="epo">
        <country>EP</country>
        <doc-number>02290659</doc-number>
        <kind>A</kind>
        <date>20020315</date>
      </document-id>
    </application-reference>
    <priority-claims status="new">
      <priority-claim ucid="FR-0103510-A" status="new">
        <document-id status="new" format="epo">
          <country>FR</country>
          <doc-number>0103510</doc-number>
          <kind>A</kind>
          <date>20010315</date>
        </document-id>
      </priority-claim>
    </priority-claims>
    <technical-data status="new">
      <classifications-ipcr>
        <classification-ipcr status="new">A61K   8/30        20060101C I20051008RMEP        </classification-ipcr>
        <classification-ipcr status="new">A61K   8/43        20060101A I20051008RMEP        </classification-ipcr>
        <classification-ipcr status="new">A61K   8/49        20060101A I20051008RMEP        </classification-ipcr>
        <classification-ipcr status="new">A61K  31/155       20060101A I20051008RMEP        </classification-ipcr>
        <classification-ipcr status="new">A61K  31/155       20060101C I20051008RMEP        </classification-ipcr>
        <classification-ipcr status="new">A61K  31/505       20060101A I20051008RMEP        </classification-ipcr>
        <classification-ipcr status="new">A61K  31/505       20060101C I20051008RMEP        </classification-ipcr>
        <classification-ipcr status="new">A61P  17/00        20060101A I20060521RMFR        </classification-ipcr>
        <classification-ipcr status="new">A61P  17/00        20060101C I20060521RMFR        </classification-ipcr>
        <classification-ipcr status="new">A61Q  17/00        20060101A I20080531RMEP        </classification-ipcr>
        <classification-ipcr status="new">A61Q  17/00        20060101C I20080531RMEP        </classification-ipcr>
        <classification-ipcr status="new">A61Q  19/00        20060101A I20051008RMEP        </classification-ipcr>
        <classification-ipcr status="new">A61Q  19/00        20060101C I20051008RMEP        </classification-ipcr>
      </classifications-ipcr>
      <classification-ecla status="new">
        <classification-symbol scheme="EC">A61K  31/155</classification-symbol>
        <classification-symbol scheme="EC">A61K  31/505</classification-symbol>
        <classification-symbol scheme="EC">A61K   8/43</classification-symbol>
        <classification-symbol scheme="EC">A61K   8/49F</classification-symbol>
        <classification-symbol scheme="EC">A61K   8/49F2</classification-symbol>
        <classification-symbol scheme="EC">A61Q  17/00F</classification-symbol>
        <classification-symbol scheme="EC">A61Q  19/00</classification-symbol>
      </classification-ecla>
      <invention-title load-source="ep" status="new" lang="DE">Verwendung von Biguanid und Pyrimidin-Derivaten zur Herstellung topischer Hautpflegezubereitungen</invention-title>
      <invention-title load-source="ep" status="new" lang="EN">Use of biguanide and pyrimidine derivatives for the preparation of a topical skin care composition</invention-title>
      <invention-title load-source="ep" status="new" lang="FR">Utilisation d'un dérivé de biguanide et d'une pyrimidine pour la fabrication d'une composition topique pour le soin de la peau</invention-title>
    </technical-data>
    <parties>
      <applicants>
        <applicant status="new" format="epo">
          <addressbook>
            <name>SALKIN ANDRE</name>
            <address>
              <country>FR</country>
            </address>
          </addressbook>
        </applicant>
        <applicant status="new" format="intermediate">
          <addressbook>
            <name>SALKIN, ANDRE</name>
          </addressbook>
        </applicant>
        <applicant status="new" format="original">
          <addressbook>
            <last-name>Salkin, André</last-name>
            <address>
              <street>B.P. 62</street>
              <city>76302 Sotteville les Rouen Cédex</city>
              <country>FR</country>
            </address>
          </addressbook>
        </applicant>
      </applicants>
      <inventors>
        <inventor status="new" format="epo">
          <addressbook>
            <name>SALKIN ANDRE</name>
            <address>
              <country>FR</country>
            </address>
          </addressbook>
        </inventor>
        <inventor status="new" format="intermediate">
          <addressbook>
            <name>SALKIN, ANDRE</name>
          </addressbook>
        </inventor>
        <inventor status="new" format="original">
          <addressbook>
            <last-name>Salkin, André</last-name>
            <address>
              <street>B.P. 62</street>
              <city>76302 Sotteville les Rouen Cédex</city>
              <country>FR</country>
            </address>
          </addressbook>
        </inventor>
      </inventors>
      <agents>
        <agent status="new" format="original">
          <addressbook>
            <last-name>Portal, Gérard</last-name>
            <address>
              <street>Cabinet Beau de Loménie 158, rue de l'Université</street>
              <city>75340 Paris Cédex 07</city>
              <country>FR</country>
            </address>
          </addressbook>
        </agent>
      </agents>
    </parties>
    <international-convention-data>
      <designated-states>
        <ep-contracting-states>
          <country>AT</country>
          <country>BE</country>
          <country>CH</country>
          <country>CY</country>
          <country>DE</country>
          <country>DK</country>
          <country>ES</country>
          <country>FI</country>
          <country>FR</country>
          <country>GB</country>
          <country>GR</country>
          <country>IE</country>
          <country>IT</country>
          <country>LI</country>
          <country>LU</country>
          <country>MC</country>
          <country>NL</country>
          <country>PT</country>
          <country>SE</country>
          <country>TR</country>
        </ep-contracting-states>
      </designated-states>
    </international-convention-data>
  </bibliographic-data>
  <abstract load-source="ep" status="new" lang="FR">
    <p>L'invention concerne essentiellement le soin de la peau.</p>
    <p>L'invention concerne l'utilisation d'au moins un dérivé de
biguanide et d'au moins une pyrimidine pour la fabrication d'une
composition topique de soin de la peau.</p>
    <p>L'invention permet de soigner la peau sans irriter.</p>
  </abstract>
  <description load-source="ep" status="new" lang="FR">
    <p num="0001">La présente invention concerne l'utilisation d'au moins un
dérivé de biguanide et d'au moins une pyrimidine pour la fabrication
d'une composition topique pour le soin de la peau, notamment des
peaux jeunes ou des peaux à tendance acnéique.</p>
    <p num="0002">Cependant certaines législations nationales ont des dispositions
légales particulières, certains pays considèrent que ces compositions
topiques pour le soin de la peau sont des préparations cosmétiques
tandis que d'autres pays ont des législations qui considère que ces
compositions topiques pour le soin de la peau rentrent dans le cadre
de soin pharmaceutique et certains pays n'auront aucune
considération particulière. De ce fait, l'invention peut être soumise à
cette législation sans que cela implique que cette composition soit
considérée comme une composition cosmétique ou pharmaceutique
au sens classique ou du droit des brevets. De préférence, le dérivé de
biguanide est choisi parmi la chlorhexidine (hexaméthylène-bis-5-(p-chlorophényl)-biguanide)
et le PHMB (polyhexaméthylène-biguanide)
et la pyrimidine est l'hexetidine (1,3-bis-(β-éthylhexyl)-5-aminohexahydro-pyrimidine).</p>
    <heading>
      <u style="single">ETAT DE LA TECHNIQUE</u>
    </heading>
    <p num="0003">Les problèmes des peaux abímées des adolescents sont dus à des
germes microbiens présents sur la peau, et causant des lésions
inflammatoires (papules, pustules) et des lésions rétentionnelles
(kystes, comédons).</p>
    <p num="0004">Afin de démontrer l'efficacité des produits mis sur le marché
pour traiter les problèmes des peaux jeunes, il est usuel d'effectuer des
dosages de CMI (Concentration Minimale Inhibitrice) sur 3 souches
microbiennes caractéristiques de l'acné :
<ul list-style="bullet"><li><i>Propionibactérium acnès</i></li><li><i>Staphylococcus épidermidis</i></li><li><i>Corynebacterium xerosis</i></li></ul></p>
    <p num="0005">La solution classique lors de la mise au point d'une formulation
visant à améliorer les problèmes de peaux précités revient à utiliser 
des molécules bactéricides dosées de telle sorte que les seuils de CMI
de ces souches caractéristiques soient atteints.</p>
    <p num="0006">Il est connu par le brevet d'invention n° EP 0 136 231, que
certaines associations d'un biguanide et d'une pyrimidine présentent
un pouvoir bactéricide très élevé. Ces compositions peuvent être
utilisées dans la désinfection de la peau, par exemple pour le lavage
des mains du personnel hospitalier.</p>
    <p num="0007">Dans le cadre de ce brevet EP 0 136 231, où l'on vise une
destruction totale des germes, le dosage des produits actifs est
effectué de façon à ce que l'on atteigne au minimum la CMI sur les
souches microbiennes que l'on cherche à détruire.</p>
    <p num="0008">Il est connu que les chlorhexidines sont faiblement irritatives sur
les peaux saines, mais il ne serait pas envisageable d'utiliser des doses
bactéricides donc importantes de ces molécules sur des zones de peaux
fragilisées comme les peaux acnéiques.</p>
    <p num="0009">Les réactions d'intolérance sont fréquentes, telles que:
Irritations des zones sèches du visage (pommettes, tour de l'oeil),
brûlures en plaques, desquamation de la peau.</p>
    <p num="0010">Le caractère irritant de l'hexetidine est également connu de
l'homme de l'art, et l'utilisation de cette molécule aux doses
permettant d'atteindre les CMI des souches caractéristiques de l'acné
serait beaucoup trop irritante pour une utilisation sur des zones de
peau fragiles.</p>
    <heading>
      <u style="single">BUTS DE L'INVENTION</u>
    </heading>
    <p num="0011">La présente invention a pour but principal de résoudre le
nouveau problème technique consistant en la fourniture d'une
solution permettant de réaliser le soin de la peau notamment des
peaux jeunes ou des peaux à tendance acnéique d'une manière
simple, efficace à une concentration non bactéricide et sans effet
secondaire sensible sur de telles peaux, notamment sans phénomène
d'irritation.</p>
    <p num="0012">La présente invention a encore pour but principal de résoudre le
nouveau problème technique consistant en la fourniture d'une
solution permettant de réaliser le soin alternatif au traitement
habituel ou connu des peaux jeunes abímées, en particulier des 
adolescents, ou des peaux acnéiques, ou ayant des lésions
inflammatoires telles que papules, pustules, ou des lésions
rétentionnelles telles que kystes ou comédons, d'une manière simple,
topiquement efficace à une concentration non bactéricide et sans
effet secondaire sensible sur lesdites peaux.</p>
    <p num="0013">L'invention a encore pour but principal de résoudre les deux
nouveaux problèmes techniques énoncés ci-dessus de manière
simultanée, par la même solution technique d'une manière sûre et
fiable à une concentration non bactéricide, utilisable à l'échelle
industrielle, et assurant un soin alternatif au traitement habituel des
peaux jeunes abímées.</p>
    <p num="0014">D'une façon tout à fait surprenante, il a été découvert que des
formulations d'associations d'au moins un dérivé de biguanide et d'au
moins une pyrimidine, dosées en dessous des CMI permettaient une
nette amélioration des problèmes de peau de jeunes sujets
volontaires, permettant de réaliser un soin de la peau, pour les sujets
ayant auparavant testé des multitraitements.</p>
    <p num="0015">Ainsi, selon un premier aspect, la présente invention concerne
l'utilisation d'au moins un dérivé de biguanide et d'au moins une
pyrimidine pour la fabrication d'une composition topique de soin de la
peau, notamment des peaux jeunes ou des peaux à tendance
acnéique. Selon une autre variante, il est réalisé la fabrication d'une
composition de soin pour la peau, en soin alternatif au traitement
habituel pour le soin topique des peaux jeunes abímées, en particulier
des adolescents, ou pour le soin des peaux acnéiques ou ayant des
lésions inflammatoires telles que papules, pustules ou des lésions
rétentionnelles telles que kystes ou comédons.</p>
    <p num="0016">Avantageusement, le dérivé de biguanide est choisi parmi la
chlorexhidine et le PHMB, et la pyrimidine est l'hexetidine.</p>
    <p num="0017">Selon encore une caractéristique avantageuse de l'invention, la
composition combinée d'actifs comprenant au moins un dérivé de
biguanide et au moins une pyrimidine est à une concentration
inférieure à la concentration minimale inhibitrice ou CMI obtenue
avec au moins une souche caractéristique de l'acné. </p>
    <p num="0018">Avantageusement, les souches caractéristiques de l'acné sont
choisies parmi la souche propionibacterium acnès ; le staphylococcus
épidermidis et le corynebacterium xerosis.</p>
    <p num="0019">Selon encore une autre caractéristique avantageuse de
l'invention, la concentration maximum en dérivé de biguanide est de
1 % en solution à 20 % en poids dans un excipient compatible avec la
peau; tandis que la concentration maximum en pyrimidine est de 0,14
% en poids dans un excipient compatible avec la peau.</p>
    <p num="0020">Les pourcentages pour l'hexetidine peuvent varier en dessous de
0,14 % jusqu'à une valeur encore efficace par exemple de 0,05 %, et
pour la chlorexhidine ou le chlorhydrate de PHMB en dessous de 1 %
de manière à toujours obtenir une concentration efficace, par exemple
0,5 %.</p>
    <p num="0021">Selon une réalisation avantageuse la composition comprend 1
% en poids de digluconate de chlorexhidine ou de chlorhydrate de
PHMB à 20 % en poids dans un excipient compatible avec la peau et
0,05 % en poids d'hexetidine dans un excipient compatible avec la
peau.</p>
    <p num="0022">Selon un deuxième aspect, la présente invention couvre aussi
une composition topique de soin pour la peau, notamment pour le
soin des peaux jeunes ou des peaux à tendance acnéique caractérisée
en ce qu'elle comprend l'association d'au moins un dérivé de
biguanide et d'au moins une pyrimidine à une concentration combiné
inférieure à la concentration minimale d'inhibition ou CMI d'au moins
une souche caractéristique de l'acné, dans un excipient compatible
avec la peau.</p>
    <p num="0023">Selon un troisième aspect, la présente invention couvre encore
une composition topique de soin pour la peau en solution alternative
à un traitement habituel pour le soin des peaux abímées, en
particulier des adolescents, ou des peaux acnéiques ou ayant des
lésions inflammatoires cutanées, telles que papules, pustules ou de
lésions cutanées rétentionnelles telles que kystes ou comédons,
caractérisée en ce qu'elle comprend au moins un dérivé de biguanide
et au moins une pyrimidine à une concentration combinée inférieure à
la concentration minimale inhibitrice ou CMI d'au moins une souche
caractéristique de l'acné, dans un excipient compatible avec la peau. </p>
    <p num="0024">Dans le cadre de l'un ou l'autre des aspects précédents, la
composition est caractérisée de préférence en ce qu'elle comprend
1 % en poids d'au moins un dérivé de biguanide précité à une
concentration à 20 % en poids dans un excipient compatible avec la
peau ; et 0,05 % en poids d'au moins une pyrimidine dans un excipient
compatible avec la peau .</p>
    <p num="0025">Selon une autre caractéristique avantageuse et préférée de
l'invention, la composition précitée comprend 1 % en poids de
digluconate de chlorexhidine ou de chlorhydrate de PHMB à 20 % en
poids dans un excipient compatible avec la peau ; et de 0,05 % en
poids d'hexetidine dans un excipient compatible avec la peau.</p>
    <p num="0026">La composition précitée peut aussi comprendre au moins un
excipient compatible avec la peau et compatible avec les ingrédients
actifs de l'invention et adapté à un usage topique sur la peau.</p>
    <p num="0027">Selon un quatrième aspect, la présente invention couvre aussi
un procédé de soin topique de la peau, notamment des peaux jeunes
ou des peaux à tendance acnéique, caractérisé en ce qu'il comprend
l'application topique sur une des zones de la peau concernée, d'une
composition topique de soin pour la peau comprenant l'association
d'au moins un dérivé de biguanide et d'au moins une pyrimidine à une
concentration efficace pour réaliser ledit soin de la peau, cette
concentration étant inférieure à la concentration minimale
d'inhibition ou CMI d'au moins une souche caractéristique de l'acné,
dans un excipient compatible avec la peau.</p>
    <p num="0028">Selon encore un autre aspect, la présente invention couvre aussi
un procédé de soin alternatif au traitement habituel des peaux jeunes
abímées, en particulier des adolescents, ou des peaux acnéiques ou
ayant des lésions inflammatoires, telles que papules, pustules, ou des
lésions rétentionnelles telles que kystes ou comédons, caractérisé en ce
qu'il comprend la délivrance topique, d'une composition topique de
soin de la peau comprenant l'association d'au moins un dérivé de
biguanide et d'au moins une pyrimidine à une concentration efficace
pour réaliser ledit soin de la peau alternatif au traitement habituel
ladite concentration étant inférieure à la concentration minimale
d'inhibition ou CMI d'au moins une souche caractéristique de l'acné,
dans un excipient compatible avec la peau. </p>
    <p num="0029">Des variantes de réalisation avantageuses de ces procédés
résultent clairement de la description précédente relativement aux
autres aspects de l'invention, ainsi que de la description suivante.</p>
    <p num="0030">D'autres buts, caractéristiques et avantages de l'invention
apparaítront clairement à partir de la description explicative qui va
suivre faite en référence à plusieurs exemples de réalisation de
l'invention donnés simplement à titre d'illustration et qui ne sauraient
donc en aucune façon limiter la portée de l'invention. Les exemples
font partie intégrante de l'invention. En outre, dans la totalité de la
description et des revendications, tous les pourcentages sont donnés
en poids sauf indication contraire. La température est la température
ambiante et la pression est la pression atmosphérique.</p>
    <heading>
      <u style="single">EXEMPLE 1 de l'invention</u>
    </heading>
    <p num="0031">
      <sl>
        <li>A - On prépare une composition N°1 selon l'invention suivante :
<tables><table><tgroup cols="2"><tbody><row><entry nameend="2" namest="1"><u style="single">Composition N°1 selon l'invention</u> :</entry></row><row><entry align="center">Principe actif</entry><entry align="center">Concentration utilisée (% w/w)</entry></row><row><entry align="left">Digluconate de chlorhexidine dilué à 20 %</entry><entry align="center">1 %</entry></row><row><entry align="left">Hexetidine</entry><entry align="center">0.05 %</entry></row></tbody></tgroup></table></tables></li>
        <li>B - On réalise un test de concentration minimum inhibitrice
relativement à trois souches caractéristiques de l'acné, de la manière
suivante, avec la composition N°1 comprenant pour principaux actifs
une association de digluconate de chlorhexidine et d'hexetidine en
faibles proportions.</li>
      </sl>
    </p>
    <heading>
      <u style="single">Test de CMI sur la composition N° 1 selon l'invention :</u>
    </heading>
    <p num="0032"><tables><table><tgroup cols="5"><tbody><row><entry align="center" namest="1">Souche</entry><entry align="center" namest="2">Contamination de départ (germes / g)</entry><entry nameend="5" align="center" namest="3">Contamination après 48 heures</entry></row><row><entry align="center"/><entry align="center"/><entry align="center">Composition pure</entry><entry align="center">Composition diluée à 50 %</entry><entry align="center">Composition diluée à 25 %</entry></row><row><entry align="left"><i>Propionibacterium acnés</i></entry><entry align="center">4,2. 10<sup>7</sup></entry><entry align="center">5. 10<sup>6</sup></entry><entry align="center">13. 10<sup>6</sup></entry><entry align="center">18. 10<sup>6</sup></entry></row><row><entry align="left"><i>Staphylococcus</i><i>épidermidis</i></entry><entry align="center">5,5. 10<sup>6</sup> </entry><entry align="center">25. 10<sup>1</sup></entry><entry align="center">23. 10<sup>2</sup></entry><entry align="center">4. 10<sup>3</sup></entry></row><row><entry align="left"><i>Corynebacterium xerosis</i></entry><entry align="center">3. 10<sup>6</sup></entry><entry align="center">9. 10<sup>1</sup></entry><entry align="center">7. 10<sup>3</sup></entry><entry align="center">8. 10<sup>4</sup></entry></row></tbody></tgroup></table></tables>
Conclusion du test : Les doses mises en oeuvre dans la composition N° 1
selon l'invention ne permettent pas d'atteindre la CMI.
<sl><li>C - Etude de la composition N° 1 selon l'invention :
<sl><li>On réalise une étude de la manière suivante :
<sl><li>Nombre de sujets : 36</li><li>Age : 16 à 25 ans</li><li>Critères d'inclusion : lésions inflammatoires et rétentionnelles
importantes sur le visage.</li></sl></li></sl></li></sl></p>
    <heading>Résultats du test :</heading>
    <p num="0033">
      <tables>
        <table>
          <tgroup cols="7">
            <tbody>
              <row>
                <entry align="center">Composition</entry>
                <entry align="center">Type de lésions</entry>
                <entry align="center">Nombre de lésions</entry>
                <entry align="center">J0</entry>
                <entry align="center">J28</entry>
                <entry align="center">Différence</entry>
                <entry align="center">Probabilité (test unilatéral)</entry>
              </row>
              <row>
                <entry align="left" morerows="3">N°   

1 36 sujets</entry>
                <entry align="center">Inflammatoires</entry>
                <entry align="center">Moyenne</entry>
                <entry align="center">16.5

6</entry>
                <entry align="center">10.31</entry>
                <entry align="center">-37 %</entry>
                <entry align="center">p = 0.0005</entry>
              </row>
              <row>
                <entry align="right" namest="2"/>
                <entry align="center" namest="3">Ecart

Type</entry>
                <entry align="center" namest="4">15.8

4</entry>
                <entry align="center" namest="5">15.27</entry>
              </row>
              <row>
                <entry align="center" namest="2">Rétentionnelles</entry>
                <entry align="center" namest="3">Moyenne</entry>
                <entry align="center" namest="4">29.1

7</entry>
                <entry align="center" namest="5">21.86</entry>
                <entry align="center" namest="6">-23 %</entry>
                <entry align="center" namest="7">p = 0.02</entry>
              </row>
              <row>
                <entry align="right" namest="2"/>
                <entry align="center" namest="3">Ecart

Type</entry>
                <entry align="center" namest="4">32.6

0</entry>
                <entry align="center" namest="5">25.38</entry>
              </row>
            </tbody>
          </tgroup>
        </table>
      </tables>
    </p>
    <p num="0034">La probabilité calculée selon un test unilatéral de Wilcoxon pour
ces tests indique une significativité des résultats pour p &lt; 0.05.</p>
    <p num="0035">Il apparaít à la lecture de ces résultats que la composition testée
permet de diminuer de façon significative le nombre de lésions des
sujets. En effet, les lésions inflammatoires ont été réduites de 37 %
avec p = 0.0005 (hautement significatif), et les lésions rétentionnelles
de 23 % avec p = 0.02 (très significatif).</p>
    <p num="0036">Aucune réaction d'intolérance n'a été détectée pendant l'étude.</p>
    <heading>
      <u style="single">Essai comparatif entre la composition N°4 selon l'invention et diverses
compositions comparatives respectivement N°2, N°3 et N°5</u>
    </heading>
    <p num="0037">Au vu des résultats de l'exemple 1, plusieurs compositions ont
été formulées, dosées faiblement, de telle sorte que les molécules
mises en oeuvre ne soient pas bactéricides (doses inférieures aux CMI)
et à faible caractère irritant, à savoir les compositions du tableau III,
dont on observera que les compositions N°2, N°3 et N°5 sont
comparatives, tandis que la composition N°4 est une composition
selon l'invention comprenant une association critique d'hexetidine et
de chlorhydrate de PHMB diluée à 20 % dans de l'eau déminéralisée. <tables><table><tgroup cols="3"><tbody><row><entry align="center"/><entry align="center">Principe actif</entry><entry align="center">Concentration

utilisée

(% w/w)</entry></row><row><entry align="left" morerows="1">Composition 2

comparative</entry><entry align="left">Digluconate de chlorhexidine dilué

à 20 %</entry><entry align="center">0 %</entry></row><row><entry align="left" namest="2">Hexetidine</entry><entry align="center" namest="3">0.05 %</entry></row><row><entry align="left" morerows="1">Composition 3

comparative</entry><entry align="left">Digluconate de chlorhexidine dilué

à 20 %</entry><entry align="center">1 %</entry></row><row><entry align="left" namest="2">Hexetidine</entry><entry align="center" namest="3">0 %</entry></row><row><entry align="left" morerows="1">Composition 4

selon l'invention</entry><entry align="left">Chlorhydrate de PHMB dilué à 20 %</entry><entry align="center">1 %</entry></row><row><entry align="left" namest="2">Hexetidine</entry><entry align="center" namest="3">0.05 %</entry></row><row><entry align="left" morerows="1">Composition 5

comparative</entry><entry align="left">Chlorhydrate de PHMB dilué à 20 %</entry><entry align="center">1 %</entry></row><row><entry align="left" namest="2">Hexetidine</entry><entry align="center" namest="3">0 %</entry></row></tbody></tgroup></table></tables></p>
    <p num="0038">On observe du tableau III qu'aucune de ces compositions n'a
permis d'atteindre les CMI sur les 3 souches caractéristiques.</p>
    <p num="0039">Les tests ont été effectués dans les mêmes conditions que pour
la composition N° 1 selon l'invention, et fait l'objet du tableau IV.</p>
    <p num="0040">Aucune réaction d'intolérance n'a été soulevée durant ces tests.</p>
    <p num="0041">En revanche, comme le montre le tableau IV, les compositions
comparatives qui ne contenaient qu'un actif (N° 2,3 et 5) n'ont pas
fourni de résultats probants : La réduction des lésions n'a pas dépassé
8%, avec des probabilités indiquant des résultats non significatifs. <tables><table><tgroup cols="7"><tbody><row><entry align="left">Composition</entry><entry align="left">Type de lésions</entry><entry align="left">Nombre de lésions</entry><entry align="left">J0</entry><entry align="left">J28</entry><entry align="left">Différence</entry><entry align="left">Probabilité (test

unilatéral)</entry></row><row><entry align="left" morerows="3">N°   2

33 sujets</entry><entry align="left">Inflammatoires</entry><entry align="left">Moyenne</entry><entry align="center">17.36</entry><entry align="center">16.12</entry><entry align="left">- 7 %</entry><entry align="left">p = 0.096

N.S.</entry></row><row><entry align="left" namest="3">Ecart Type</entry><entry align="center" namest="4">17.87</entry><entry align="center" namest="5">17.28</entry></row><row><entry align="left" namest="2">Rétentionnelles</entry><entry align="left" namest="3">Moyenne</entry><entry align="center" namest="4">23.7</entry><entry align="center" namest="5">22.15</entry><entry align="left" namest="6">- 6 %</entry><entry align="left" namest="7">p = 0.151

N.S.</entry></row><row><entry align="left" namest="3">Ecart Type</entry><entry align="center" namest="4">21.56</entry><entry align="center" namest="5">22.40</entry></row><row><entry align="left" morerows="3">N°   3

39 sujets</entry><entry align="left">Inflammatoires</entry><entry align="left">Moyenne</entry><entry align="center">24.13</entry><entry align="center">22.13</entry><entry align="left">- 8 %</entry><entry align="left">p = 0.072

N.S.</entry></row><row><entry align="left" namest="3">Ecart Type</entry><entry align="center" namest="4">23.43</entry><entry align="center" namest="5">22.75</entry></row><row><entry align="left" namest="2">Rétentionnelles</entry><entry align="left" namest="3">Moyenne</entry><entry align="center" namest="4">33.10</entry><entry align="center" namest="5">31.38</entry><entry align="left" namest="6">- 5 %</entry><entry align="left" namest="7">p = 0.221

N.S.</entry></row><row><entry align="left" namest="3">Ecart Type</entry><entry align="center" namest="4">27.15</entry><entry align="center" namest="5">25.75</entry></row><row><entry align="left" morerows="3">N°   4

41 sujets</entry><entry align="left">Inflammatoires</entry><entry align="left">Moyenne</entry><entry align="center">16.68</entry><entry align="center">9.80</entry><entry align="left">- 41 %</entry><entry align="left">p = 0.000

Hautement significatif</entry></row><row><entry align="left" namest="3">Ecart Type</entry><entry align="center" namest="4">17.03</entry><entry align="center" namest="5">13.53</entry></row><row><entry align="left" namest="2">Rétentionnelles</entry><entry align="left" namest="3">Moyenne</entry><entry align="center" namest="4">28.22</entry><entry align="center" namest="5">22.12</entry><entry align="left" namest="6">- 22 %</entry><entry align="left" namest="7">p = 0.020

Très

significatif</entry></row><row><entry align="left" namest="3">Ecart Type</entry><entry align="center" namest="4">27.81</entry><entry align="center" namest="5">18.55</entry></row><row><entry align="left" morerows="3">N°   5

40 sujets</entry><entry align="left">Inflammatoires</entry><entry align="left">Moyenne</entry><entry align="center">15.15</entry><entry align="center">15.40</entry><entry align="left">+ 2 %</entry><entry align="left">p = 0.293

N.S.</entry></row><row><entry align="left" namest="3">Ecart Type</entry><entry align="center" namest="4">16.21</entry><entry align="center" namest="5">15.79</entry></row><row><entry align="left" namest="2">Rétentionnelles</entry><entry align="left" namest="3">Moyenne</entry><entry align="center" namest="4">30.88</entry><entry align="center" namest="5">28.57</entry><entry align="left" namest="6">- 7 %</entry><entry align="left" namest="7">p = 0.248

N.S.</entry></row><row><entry align="left" namest="3">Ecart Type</entry><entry align="center" namest="4">29.82</entry><entry align="center" namest="5">27.72</entry></row><row><entry>N.S. : Non Significatif</entry></row></tbody></tgroup></table></tables></p>
    <p num="0042">Seule la composition N° 4 selon l'invention, qui contenait 2
molécules (hexétidine et PHMB) a démontré une activité similaire à
celle de la composition N°1 selon l'invention : réduction de 41 % des
lésions inflammatoires (p = 0.000 : hautement significatif) et réduction
de 22% des lésions rétentionnelles (p = 0.02 : très significatif). </p>
    <p num="0043">Dans le cadre de la présente invention il apparaít donc que
l'association non bactéricide d'hexetidine avec un dérivé de biguanide
tel que la chlorhexidine ou le PHMB présente une activité de soin des
peaux jeunes acnéiques ou des peaux à tendance acnéiques
démontrée par d'excellents résultats qui constituent une méthode sûre
et fiable pour prouver l'efficacité du soin.</p>
  </description>
  <claims load-source="ep" status="new" lang="FR">
    <claim num="1">
      <claim-text>Utilisation d'au moins un dérivé de biguanide et d'au moins
une pyrimidine pour la fabrication d'une composition topique de soin
de la peau, notamment des peaux jeunes ou des peaux à tendance
acnéique.</claim-text>
    </claim>
    <claim num="2">
      <claim-text>Utilisation selon la revendication 1, caractérisée en ce que le
dérivé de biguanide est choisi parmi la chlorexhidine et le PHMB, et la
pyrimidine est l'hexetidine.</claim-text>
    </claim>
    <claim num="3">
      <claim-text>Utilisation selon la revendication 1 ou 2, caractérisée en ce
que la composition combinée d'actifs comprenant au moins un dérivé
de biguanide et au moins une pyrimidine est à une concentration
inférieure à la concentration minimale inhibitrice ou CMI obtenue
avec au moins une souche caractéristique de l'acné.</claim-text>
    </claim>
    <claim num="4">
      <claim-text>Utilisation selon l'une des revendications précédentes,
caractérisée en ce que la concentration maximale en dérivé de
biguanide est de 1 % en solution à 20 % en poids dans un excipient
acceptable, compatible avec la peau et la concentration maximale en
pyrimidine est de 0,14 %, la concentration étant de préférence 0,05 %
en poids dans un excipient acceptable, compatible avec la peau.</claim-text>
    </claim>
    <claim num="5">
      <claim-text>Utilisation selon l'une des revendications précédentes,
caractérisée en ce que la composition comprend 1 % en poids de
digluconate de chlorexhidine ou de chlorhydrate de PHMB à 20 % en
poids dans un excipient acceptable, compatible avec la peau et 0,05 %
en poids d'hexetidine dans un excipient acceptable, compatible avec la
peau.</claim-text>
    </claim>
    <claim num="6">
      <claim-text>Composition topique pour le soin de la peau , caractérisée en
ce qu'elle comprend l'association d'au moins un dérivé de biguanide
et d'au moins une pyrimidine, à une concentration combinée
inférieure à la concentration minimum d'inhibition ou CMI d'au moins
une souche caractéristique de l'acné.</claim-text>
    </claim>
    <claim num="7">
      <claim-text>Composition topique selon la revendication 6, notamment
pour le traitement des peaux abímées, en particulier des adolescents,
ou des peaux acnéiques ou ayant des lésions inflammatoires cutanées,
telles que papules, pustules ou de lésions cutanées rétentionnelles
telles que kystes ou comédons, caractérisée en ce qu'elle comprend au
moins un dérivé de biguanide et au moins une pyrimidine à une
concentration combinée inférieure à la concentration minimum
inhibitrice ou CMI d'au moins une souche caractéristique de l'acné.</claim-text>
    </claim>
    <claim num="8">
      <claim-text>Composition selon la revendication 6 ou 7, caractérisée en ce
qu'elle comprend 1 % en poids d'au moins un dérivé de biguanide
précité à une concentration à 20 % en poids dans un excipient
acceptable, compatible avec la peau, une concentration maximale de
0,14 %, la concentration étant de préférence 0,05 % en poids d'au
moins une pyrimidine.</claim-text>
    </claim>
    <claim num="9">
      <claim-text>Composition selon l'une des revendications 6 à 8, caractérisée
en ce qu'elle comprend 1 % en poids de digluconate de chlorexhidine
ou de chlorhydrate de PHMB à 20 % en poids dans un excipient
acceptable, compatible avec la peau, 0,05 % en poids d'hexetidine.</claim-text>
    </claim>
    <claim num="10">
      <claim-text>Procédé de soin topique de la peau, notamment d'une peau
jeune ou d'une peau à tendance acnéique, caractérisé en ce qu'il
comprend l'application topique sur une des zones de la peau
concernée, d'une composition topique comprenant l'association d'au
moins un dérivé de biguanide et d'au moins une pyrimidine à une
concentration efficace pour réaliser ledit soin de ladite peau, de
préférence ledit dérivé de biguanide et ladite pyrimidine et leurs
concentrations étant telles que définies à l'une quelconque des
revendications 2 à 5.</claim-text>
    </claim>
  </claims>
  <copyright>User acknowledges that the Information Retrieval Facility (IRF) and its third party providers retain all right, title and interest in and to this xml under applicable copyright laws. User acquires no ownership rights to this xml including but not limited to its format. User hereby accepts the terms and conditions of the Licence Agreement set forth at http://www.ir-facility.org/legal/marec/data_licence</copyright>
</patent-document>
