<?xml version="1.0" encoding="utf-8"?>
<!DOCTYPE patent-document PUBLIC "-//MXW//DTD patent-document XML//EN" "http://www.ir-facility.org/dtds/patents/v1.4/patent-document.dtd">
<patent-document ucid="EP-1243788-A1" country="EP" doc-number="1243788" kind="A1" lang="FR" family-id="8861202" status="new" date-produced="20090516" date="20020925">
  <bibliographic-data>
    <publication-reference ucid="EP-1243788-A1" status="new" fvid="23566106">
      <document-id status="new" format="original">
        <country>EP</country>
        <doc-number>1243788</doc-number>
        <kind>A1</kind>
        <date>20020925</date>
      </document-id>
    </publication-reference>
    <application-reference ucid="EP-02290665-A" status="new" is-representative="NO">
      <document-id status="new" format="epo">
        <country>EP</country>
        <doc-number>02290665</doc-number>
        <kind>A</kind>
        <date>20020315</date>
      </document-id>
    </application-reference>
    <priority-claims status="new">
      <priority-claim ucid="FR-0103578-A" status="new">
        <document-id status="new" format="epo">
          <country>FR</country>
          <doc-number>0103578</doc-number>
          <kind>A</kind>
          <date>20010316</date>
        </document-id>
      </priority-claim>
    </priority-claims>
    <technical-data status="new">
      <classifications-ipcr>
        <classification-ipcr status="new">B60K   6/00        20060101C I20051008RMEP        </classification-ipcr>
        <classification-ipcr status="new">B60K   6/26        20071001A I20070929RMEP        </classification-ipcr>
        <classification-ipcr status="new">B60K   6/36        20071001A I20070929RMEP        </classification-ipcr>
        <classification-ipcr status="new">B60K   6/40        20071001A I20070929RMEP        </classification-ipcr>
        <classification-ipcr status="new">B60K   6/405       20071001A I20070929RMEP        </classification-ipcr>
        <classification-ipcr status="new">B60K   6/48        20071001A I20070929RMEP        </classification-ipcr>
        <classification-ipcr status="new">B60K   6/547       20071001A I20070929RMEP        </classification-ipcr>
        <classification-ipcr status="new">B60W  10/10        20060101A I20070721RMEP        </classification-ipcr>
        <classification-ipcr status="new">B60W  10/10        20060101C I20070721RMEP        </classification-ipcr>
        <classification-ipcr status="new">F02B  61/00        20060101A I20051008RMEP        </classification-ipcr>
        <classification-ipcr status="new">F02B  61/00        20060101C I20051008RMEP        </classification-ipcr>
        <classification-ipcr status="new">F02N  11/04        20060101A I20051008RMEP        </classification-ipcr>
        <classification-ipcr status="new">F02N  11/04        20060101C I20051008RMEP        </classification-ipcr>
        <classification-ipcr status="new">F16H   3/08        20060101C I20051008RMEP        </classification-ipcr>
        <classification-ipcr status="new">F16H   3/089       20060101A I20051008RMEP        </classification-ipcr>
        <classification-ipcr status="new">F16H   3/12        20060101A I20051008RMEP        </classification-ipcr>
        <classification-ipcr status="new">H02K   7/00        20060101A I20051008RMEP        </classification-ipcr>
        <classification-ipcr status="new">H02K   7/00        20060101C I20051008RMEP        </classification-ipcr>
      </classifications-ipcr>
      <classification-ecla status="new">
        <classification-symbol scheme="EC">B60K   6/26</classification-symbol>
        <classification-symbol scheme="EC">B60K   6/36</classification-symbol>
        <classification-symbol scheme="EC">B60K   6/40</classification-symbol>
        <classification-symbol scheme="EC">B60K   6/405</classification-symbol>
        <classification-symbol scheme="EC">B60K   6/48</classification-symbol>
        <classification-symbol scheme="EC">B60K   6/547</classification-symbol>
        <classification-symbol scheme="EC">B60W  10/08</classification-symbol>
        <classification-symbol scheme="EC">B60W  10/10D9</classification-symbol>
        <classification-symbol scheme="EC">B60W  20/00</classification-symbol>
        <classification-symbol scheme="EC">F02B  61/00</classification-symbol>
        <classification-symbol scheme="EC">F02N  11/04</classification-symbol>
        <classification-symbol scheme="EC">F16H   3/089</classification-symbol>
        <classification-symbol scheme="EC">F16H   3/12E</classification-symbol>
        <classification-symbol scheme="EC">F16H  61/04B</classification-symbol>
        <classification-symbol scheme="EC">H02K   7/00C</classification-symbol>
        <classification-symbol scheme="ICO">L60K741:22E</classification-symbol>
        <classification-symbol scheme="ICO">L60W30:18R3</classification-symbol>
        <classification-symbol scheme="ICO">L60W900:50K</classification-symbol>
      </classification-ecla>
      <invention-title load-source="ep" status="new" lang="DE">Antriebseinheit für ein Kraftfahrzeug</invention-title>
      <invention-title load-source="ep" status="new" lang="EN">Drive unit for a motor vehicle</invention-title>
      <invention-title load-source="ep" status="new" lang="FR">Groupe moto propulseur pour vehicule automobile</invention-title>
    </technical-data>
    <parties>
      <applicants>
        <applicant status="new" format="epo">
          <addressbook>
            <name>RENAULT SA</name>
            <address>
              <country>FR</country>
            </address>
          </addressbook>
        </applicant>
        <applicant status="new" format="intermediate">
          <addressbook>
            <name>RENAULT S.A.S.</name>
          </addressbook>
        </applicant>
        <applicant status="new" format="original">
          <addressbook>
            <last-name>Renault s.a.s.</last-name>
            <address>
              <street>13-15 quai Alphonse Le Gallo</street>
              <city>92100 Boulogne Billancourt</city>
              <country>FR</country>
            </address>
          </addressbook>
        </applicant>
      </applicants>
      <inventors>
        <inventor status="new" format="epo">
          <addressbook>
            <name>ENGELHARDT HELMUT</name>
            <address>
              <country>FR</country>
            </address>
          </addressbook>
        </inventor>
        <inventor status="new" format="epo">
          <addressbook>
            <name>MERCAY PATRICE</name>
            <address>
              <country>FR</country>
            </address>
          </addressbook>
        </inventor>
        <inventor status="new" format="epo">
          <addressbook>
            <name>RAOUL MICHEL</name>
            <address>
              <country>FR</country>
            </address>
          </addressbook>
        </inventor>
        <inventor status="new" format="intermediate">
          <addressbook>
            <name>ENGELHARDT, HELMUT</name>
          </addressbook>
        </inventor>
        <inventor status="new" format="intermediate">
          <addressbook>
            <name>MERCAY, PATRICE</name>
          </addressbook>
        </inventor>
        <inventor status="new" format="intermediate">
          <addressbook>
            <name>RAOUL, MICHEL</name>
          </addressbook>
        </inventor>
        <inventor status="new" format="original">
          <addressbook>
            <last-name>ENGELHARDT, HELMUT</last-name>
            <address>
              <street>25 rue Pasteur</street>
              <city>92380 Garches</city>
              <country>FR</country>
            </address>
          </addressbook>
        </inventor>
        <inventor status="new" format="original">
          <addressbook>
            <last-name>MERCAY, PATRICE</last-name>
            <address>
              <street>11 rue des Sources</street>
              <city>78170 La Celle Saint Cloud</city>
              <country>FR</country>
            </address>
          </addressbook>
        </inventor>
        <inventor status="new" format="original">
          <addressbook>
            <last-name>RAOUL, MICHEL</last-name>
            <address>
              <street>12 allée des Amandiers</street>
              <city>78990 Elancourt</city>
              <country>FR</country>
            </address>
          </addressbook>
        </inventor>
      </inventors>
    </parties>
    <international-convention-data>
      <designated-states>
        <ep-contracting-states>
          <country>AT</country>
          <country>BE</country>
          <country>CH</country>
          <country>CY</country>
          <country>DE</country>
          <country>DK</country>
          <country>ES</country>
          <country>FI</country>
          <country>FR</country>
          <country>GB</country>
          <country>GR</country>
          <country>IE</country>
          <country>IT</country>
          <country>LI</country>
          <country>LU</country>
          <country>MC</country>
          <country>NL</country>
          <country>PT</country>
          <country>SE</country>
          <country>TR</country>
        </ep-contracting-states>
      </designated-states>
    </international-convention-data>
  </bibliographic-data>
  <abstract load-source="ep" status="new" lang="FR">
    <p>Groupe moto propulseur (10) de véhicule comportant un moteur
thermique, une boíte de vitesses (200) accouplée au vilebrequin du
moteur thermique par l'intermédiaire d'un embrayage, et une machine
électrique (100) munie d'un stator (110 et d'un rotor (120), disposée
entre l'embrayage et l'arbre d'entrée de la boíte de vitesses,
caractérisé en ce que la machine électrique présente un flasque (111)
fixé rigidement sur le carter d'embrayage (201) de la boíte de
vitesses, et centré dans celui-ci, de manière à permettre un montage
coaxial de la boíte de vitesses et de la machine électrique.
<img id="img-00000001" orientation="unknown" wi="107" img-format="tif" img-content="ad" file="00000001.tif" inline="no" he="112"/></p>
  </abstract>
  <description load-source="ep" status="new" lang="FR">
    <p num="0001">La présente invention se rapporte à un groupe moto propulseur
pour véhicule automobile.</p>
    <p num="0002">Pus particulièrement, elle a pour objet groupe moto propulseur
comportant un moteur thermique, une boíte de vitesses accouplée au
vilebrequin du moteur thermique par l'intermédiaire d'un embrayage, et
une machine électrique munie d'un stator et d'un rotor, disposée entre
l'embrayage et l'arbre d'entrée de la boíte de vitesses.</p>
    <p num="0003">On connaít de nombreux exemples de groupe moto propulseur
comportant une machine électrique interposée entre un arbre de sortie
du moteur thermique et un organe d'entrée d'une transmission.</p>
    <p num="0004">La publication US 5.001.412 décrit et représente un groupe
moto propulseur comportant un moteur thermique dont un arbre de
sortie, ou vilebrequin, porte un rotor cylindrique d'une machine
électrique dont le stator est lié au bloc du moteur thermique. La
machine électrique est susceptible de fonctionner indifféremment en
générateur pour recharger une batterie d'accumulateurs ou en moteur
électrique pour démarrer le moteur thermique, ou encore d'apporter un
surcroít de puissance au moteur thermique, par exemple lors de fortes
accélérations du véhicule. Une paroi transversale du rotor, opposée à
la paroi qui est liée au vilebrequin du moteur thermique, est liée au
vilebrequin du moteur thermique, et liée en rotation à une roue de
turbine d'un convertisseur d'une transmission automatique du véhicule.
Le rotor et le convertisseur sont supportés en porte-à-faux par le
vilebrequin.</p>
    <p num="0005">La publication FR 2 786 136D décrit également un groupe moto
propulseur comportant un moteur thermique dont le vilebrequin porte
un rotor cylindrique d'une machine électrique dont le stator est lié au
bloc du moteur thermique. La machine électrique est susceptible de
fonctionner indifféremment en générateur pour recharger une 
batterie d'accumulateurs, de fonctionner en moteur électrique pour
démarrer la moteur thermique, ou d'apporter un surcroít de puissance
au moteur thermique, par exemple lors de fortes accélérations du
véhicule. Le stator supporte, par l'intermédiaire d'un palier, le rotor
de la machine tournante, dont une reçoit la friction d'embrayage et le
mécanisme de débrayage. L'ensemble rotor et mécanisme d'embrayage
sont liés en rotation au vilebrequin, mais leur masse n'est plus
supportée par celui-ci.</p>
    <p num="0006">La publication DE 198 51 671 décrit un autre groupe moto
propulseur comportant un moteur thermique et une boíte de vitesses
de type longitudinal entre lesquels est interposée une machine
électrique. Cette machine électrique est placée, soit entre le
vilebrequin et le dispositif d'accouplement du moteur et de la boíte (de
manière similaire aux deux publications précédentes), soit entre le
dispositif d'accouplement et la boíte de vitesses. Dans ce cas, la
machine électrique n'est pas coaxiale à l'arbre d'entrée de la boíte de
vitesses. Cette disposition nécessite un support spécifique et un
organe de liaison avec l'arbre d'entrée de la boíte de vitesses.</p>
    <p num="0007">Pour remédier à cet inconvénient, l'invention propose que la
machine électrique présente un flasque fixé rigidement sur le carter
d'embrayage de la boíte de vitesses, et centré dans celui-ci.</p>
    <p num="0008">Le flasque possède par exemple une première collerette dans
sa périphérie, permettant de positionner et de soutenir le stator de la
machine électrique, et une seconde collerette sur un rayon
intermédiaire, permettant de positionner le rotor par rapport au
stator et de le supporter par l'intermédiaire d'un palier.</p>
    <p num="0009">L'invention trouve une application privilégiée, mais non
limitative, sur un groupe moto propulseur de type disposé
transversalement dans un véhicule.</p>
    <p num="0010">De préférence, la boíte de vitesses est robotisée, et elle
comporte au moins une descente d'engrenages utilisée pour 
transmettre le couple aux roues, aussi bien sur un rapport de marche
avant que sur un rapport de marche arrière.</p>
    <p num="0011">La machine électrique peut également être utilisée pour
seconder les synchroniseurs dans le freinage ou la relance de l'arbre
d'entrée de la boíte pour les changements de rapports, ou bien pour les
déplacements du véhicule en marche arrière</p>
    <p num="0012">D'autres caractéristiques et avantages de l'invention
apparaítront à la lecture de la description suivante d'un mode de
réalisation particulier de l'invention, en liaison avec le dessin annexé,
dont la figure unique représente de façon simplifiée une coupe
transversale du groupe moto propulseur proposé.</p>
    <p num="0013">On voit sur la figure 1 l'ensemble 10 d'une machine électrique
et d'une boíte de vitesses pour un groupe moto propulseur réalisé
conformément à l'invention.</p>
    <p num="0014">De manière connue, la machine électrique 100 comporte un
stator 110 qui est fixé et centré dans le carter d'embrayage 201 de la
boíte de vitesses 200 et un rotor 120 qui est lié en rotation à l'arbre
d'entrée 210 de la boíte de vitesses.</p>
    <p num="0015">De façon non limitative, l'arbre d'entrée 210 de la boíte de
vitesses 200 est accouplé au moteur thermique représenté par
l'embout de vilebrequin 300, par un embrayage 310 composé d'un disque
311 comportant à sa périphérie des faces de friction 312, des moyens
de filtrage 313 et un moyeu central 314 assurant la liaison en rotation
avec l'arbre d'entrée de la boite proprement dite. Les faces de
friction s'appuient d'une part sur une piste 305 d'un volant rigide 306
fixé et centré directement sur le nez 301 du vilebrequin 300, et
d'autre part sur le plateau de pression 315 du mécanisme d'embrayage.
Ce plateau 315 permet le serrage ou la libération de la friction 312. Le
serrage est obtenu par l'action du diaphragme élastique 316 contenu
dans le couvercle du mécanisme d'embrayage 317 fixé sur le volant du
moteur. L'ouverture et la fermeture de l'embrayage sont obtenues par 
le déplacement axial de la butée 318, elle-même commandée par un
dispositif non représenté mais de préférence automatisé.</p>
    <p num="0016">La butée de débrayage 318 prend appui sur le flasque 111 du
stator de la machine électrique, s'étend dans l'espace central libre de
la machine électrique, et est centré par l'évidement 111a du flasque du
stator 110.</p>
    <p num="0017">Ce flasque, de forme circulaire, est centré extérieurement sur
son diamètre 111b. Il est positionné axialement sur la face 111c et est
fixé rigidement dans le carter d'embrayage 201 par des moyens
classiques. Le flasque 111 possède, en périphérie, une première
collerette 111d de centrage et de maintien du stator 110, et une
seconde collerette 111e supportant un palier de centrage 112, tel qu'un
roulement, du rotor 120.</p>
    <p num="0018">Le rotor 120 est fixé sur un flaque 121, comportant à sa
périphérie une collerette 121a qui possède une surface extérieure
cylindrique 121b supportant le rotor proprement dit de la machine
électrique, et une surface intérieure 121c recevant le palier de
centrage 112 par rapport au stator. Enfin le flasque 121 possède dans
sa partie centrale des moyens de liaison en rotation 121d, par exemple
des cannelures, avec l'arbre d'entrée 210 de la boíte de vitesses. Le
poids total de la machine est supporté par le carter de la boíte de
vitesses et ne perturbe donc pas l'arbre d'entrée de la boíte de
vitesses.</p>
    <p num="0019">La boíte de vitesses 200 est composée de deux carters, le
carter d'embrayage 201 enfermant la machine électrique, le volant
moteur et le dispositif d'accouplement, et le carter 202 contenant les
mécanismes de la transmission. L'arbre d'entrée 210, supporté par les
roulements 203a dans le carter d'embrayage et 203b dans le carter
des mécanismes, comporte de droite à gauche, une première cannelure
210a de liaison avec la friction d'embrayage et une seconde cannelure 
210b de liaison avec le rotor de la machine électrique dans la partie
extérieure de la boíte proprement dite.</p>
    <p num="0020">L'arbre d'entrée est centré et supporté par le vilebrequin 300
par l'intermédiaire du palier 302. A l'intérieur de la boíte, l'arbre 210
possède une première denture fixe 210c du rapport de première et une
deuxième denture fixe 210d du rapport de deuxième. Vers la gauche du
schéma, un premier groupe des deux rapports de troisième et de
quatrième est composé d'un premier pignon fou 220 ayant une denture
extérieure 220a, un fût de guidage 220b, une collerette conique 220c
surmontée d'un flasque 220d de crabotage ; un second pignon fou 221
est constitué de la même manière. Entre ces deux pignons fous, est
interposé un dispositif classique de synchronisation et de crabotage
constitué d'un moyeu 222 lié rigidement à l'arbre d'entrée de la boíte,
des synchroniseurs 224 et un manchon de crabotage 223.</p>
    <p num="0021">Enfin, un deuxième groupe de deux rapports de cinquième 230
et de sixième 231, possède des moyens classiques de synchronisation
et de crabotage similaires à ceux du groupe de troisième/quatrième.
Ces pignons fixes ou fous portés par l'arbre primaire engrènent avec
des pignons fous ou fixes portés par l'arbre secondaire 250 supporté
dans le carter d'embrayage par les roulements 204a et dans le carter
des mécanismes par le roulement 204b.</p>
    <p num="0022">De droite à gauche, l'arbre secondaire 250 possède une
première denture de pont 251, dont le rôle est de transmettre le
couple à l'arbre de sortie de la boíte, un groupe de deux rapports de
première 260 et de deuxième 261 disposant également de moyens de
synchronisation et de crabotage adaptés, mais similaires à ceux du
groupe de troisième/quatrième précédemment décrits.</p>
    <p num="0023">L'arbre secondaire 250 porte également plusieurs pignons
fixes, dans l'ordre, de troisième 262, de quatrième 263, de cinquième
264 et enfin de sixième 265. Enfin, le mouvement est transmis par le
pignon 251 à une couronne de pont 270 portée par un boítier de 
différentiel 271 représenté par une sphère. Le boítier est supporté
par les carters par l'intermédiaire des roulements 205a dans le carter
d'embrayage et 205b dans le carter des mécanismes.</p>
    <p num="0024">La boíte de vitesses possède donc six rapports de marche
avant mais ne comporte pas de dispositif d'inversion de mouvement
pour la marche arrière. Cette situation est rendue possible, d'une part,
par le fait que les changements de rapport sont automatisés
(automatisation de l'ouverture et de la fermeture de l'embrayage et
déplacement des manchons de crabotage), et d'autre part par la
présence d'une machine électrique placée en entrée de la boíte de
vitesses et découplable du moteur thermique en même temps que cette
dernière.</p>
    <p num="0025">Lorsque la boíte est « robotisée », il est ainsi possible
d'obtenir un rapport de marche arrière en mode électrique par la
combinaison de l'ouverture de l'embrayage (découplage du moteur
thermique) , de l'engagement du rapport de première et de l'inversion
du mouvement de rotation habituel de l'arbre d'entrée de la boíte de
vitesses. Le moteur thermique peut être en marche ou à l'arrêt.</p>
    <p num="0026">La machine électrique peut aussi être utilisée pour démarrer le
moteur thermique. En effet l'invention permet de tirer profit de la
robotisation de la boíte pour n'autoriser le démarrage du moteur que
sous condition d'avoir la boíte de vitesses en position neutre (ou point
mort) et l'embrayage fermé.</p>
    <p num="0027">Conformément à l'invention, la machine électrique peut aussi
être utilisée pour fournir l'énergie électrique nécessaire au
fonctionnement des différents accessoires et pour recharger les
batteries du véhicule.</p>
    <p num="0028">En situation de véhicule roulant, la machine électrique peut
être couplée au moteur thermique, tandis qu'en en situation de véhicule
arrêté, mais moteur tournant, la robotisation de la boíte de vitesses 
peut prévoir la mise au neutre de celle-ci et la fermeture de
l'embrayage.</p>
    <p num="0029">Sans sortir du cadre de l'invention, la machine électrique peut
encore être utilisée, soit pour fournir un appoint de couple pour
seconder le moteur thermique et permettre une plus forte
accélération du véhicule, soit en phase de freinage pour accroítre la
capacité de freinage du moteur et récupérer une partie de l'énergie
cinétique du véhicule.</p>
    <p num="0030">Enfin, la disposition de la machine électrique à l'entrée de la
boíte de vitesses, permet avantageusement de seconder les
synchroniseurs dans le freinage ou la relance de l'arbre d'entrée de la
boíte pour les changements de rapports.</p>
  </description>
  <claims load-source="ep" status="new" lang="FR">
    <claim num="1">
      <claim-text>Groupe moto propulseur (10) de véhicule comportant un moteur
thermique, une boíte de vitesses (200) accouplée au vilebrequin
du moteur thermique par l'intermédiaire d'un embrayage, et une
machine électrique (100) munie d'un stator (110) et d'un rotor
(120), disposée entre l'embrayage et l'arbre d'entrée de la boíte
de vitesses, caractérisé en ce que la machine électrique présente
un premier flasque (111) fixé rigidement sur le carter
d'embrayage (201) de la boíte de vitesses, et centré dans celui-ci,
de manière à permettre un montage coaxial de la boíte de
vitesses et de la machine électrique, en ce que le rotor (120)
comporte un second flasque (121) lié en rotation à l'arbre
primaire de la boite de vitesses (200).</claim-text>
    </claim>
    <claim num="2">
      <claim-text>Groupe moto propulseur selon la revendication 1, caractérisée en
ce que le flasque (111) possède une première collerette (111d)
dans sa périphérie, permettant de positionner et soutenir le
stator (110) de la machine électrique.</claim-text>
    </claim>
    <claim num="3">
      <claim-text>Groupe moto propulseur selon la revendication 1 ou 2,
caractérisée en ce que le flasque (111) possède une deuxième
collerette (111e) sur un rayon intermédiaire, permettant de
positionner le rotor (120) par rapport au stator (110), et de le
supporter par l'intermédiaire d'un palier (122).</claim-text>
    </claim>
    <claim num="4">
      <claim-text>Groupe moto propulseur selon la revendications 1, 2 ou 3,
caractérisée en ce que le flasque (111) possède un évidement
central (111a) permettant le centrage d'une butée de débrayage
(318) dans le stator (110).</claim-text>
    </claim>
    <claim num="5">
      <claim-text>Groupe moto propulseur selon l'une des revendications
précédentes, caractérisé en ce que la butée de débrayage (318)
prend appui sur la face avant du flasque (111).</claim-text>
    </claim>
    <claim num="6">
      <claim-text>Groupe moto propulseur selon l'une des revendications
précédentes, caractérisé en ce que la boíte de vitesses est
robotisée, et en ce qu'elle comporte au moins une descente de
pignons transmettant le couple sur au moins un rapport de marche
avant et un rapport de marche arrière.</claim-text>
    </claim>
    <claim num="7">
      <claim-text>Groupe moto propulseur selon la revendication 6, caractérisé en
ce que la machine électrique est utilisée pour seconder les
synchroniseurs dans le freinage ou la relance de l'arbre d'entrée
de la boíte pour les changements de rapports.</claim-text>
    </claim>
    <claim num="8">
      <claim-text>Groupe moto propulseur selon l'une des revendications
précédentes, caractérisé en ce que la machine électrique est
utilisée pour des déplacements du véhicule en marche arrière.</claim-text>
    </claim>
    <claim num="9">
      <claim-text>Groupe moto propulseur selon l'une des revendications 6, 7, ou 8,
caractérisé en ce que le découplage du moteur thermique en
marche arrière est assuré par les moyens de robotisation de la
boíte de vitesses.</claim-text>
    </claim>
    <claim num="10">
      <claim-text>Groupe moto propulseur selon l'une des revendications 6 à 9,
caractérisée en ce que l'engagement du premier rapport de
marche avant est assuré par les moyens de robotisation de la
boíte de vitesses.</claim-text>
    </claim>
  </claims>
  <copyright>User acknowledges that the Information Retrieval Facility (IRF) and its third party providers retain all right, title and interest in and to this xml under applicable copyright laws. User acquires no ownership rights to this xml including but not limited to its format. User hereby accepts the terms and conditions of the Licence Agreement set forth at http://www.ir-facility.org/legal/marec/data_licence</copyright>
</patent-document>
