<?xml version="1.0" encoding="utf-8"?>
<!DOCTYPE patent-document PUBLIC "-//MXW//DTD patent-document XML//EN" "http://www.ir-facility.org/dtds/patents/v1.4/patent-document.dtd">
<patent-document ucid="EP-1232742-A1" country="EP" doc-number="1232742" kind="A1" lang="FR" family-id="26212890" status="new" date-produced="20090516" date="20020821">
  <bibliographic-data>
    <publication-reference ucid="EP-1232742-A1" status="new" fvid="23547935">
      <document-id status="new" format="original">
        <country>EP</country>
        <doc-number>1232742</doc-number>
        <kind>A1</kind>
        <date>20020821</date>
      </document-id>
    </publication-reference>
    <application-reference ucid="EP-02290335-A" status="new" is-representative="NO">
      <document-id status="new" format="epo">
        <country>EP</country>
        <doc-number>02290335</doc-number>
        <kind>A</kind>
        <date>20020212</date>
      </document-id>
    </application-reference>
    <priority-claims status="new">
      <priority-claim ucid="FR-0102423-A" status="new">
        <document-id status="new" format="epo">
          <country>FR</country>
          <doc-number>0102423</doc-number>
          <kind>A</kind>
          <date>20010222</date>
        </document-id>
      </priority-claim>
      <priority-claim ucid="US-78421001-A" status="new">
        <document-id status="new" format="epo">
          <country>US</country>
          <doc-number>78421001</doc-number>
          <kind>A</kind>
          <date>20010216</date>
        </document-id>
      </priority-claim>
    </priority-claims>
    <technical-data status="new">
      <classifications-ipcr>
        <classification-ipcr status="new">A61K   8/00        20060101ALI20060310RMJP        </classification-ipcr>
        <classification-ipcr status="new">A61K   8/00        20060101CLI20060310RMJP        </classification-ipcr>
        <classification-ipcr status="new">A61K   8/04        20060101CLI20060310RMJP        </classification-ipcr>
        <classification-ipcr status="new">A61K   8/06        20060101ALI20060310RMJP        </classification-ipcr>
        <classification-ipcr status="new">A61K   8/19        20060101ALI20060310RMJP        </classification-ipcr>
        <classification-ipcr status="new">A61K   8/19        20060101CLI20060310RMJP        </classification-ipcr>
        <classification-ipcr status="new">A61K   8/25        20060101ALI20060310RMJP        </classification-ipcr>
        <classification-ipcr status="new">A61K   8/29        20060101ALI20060310RMJP        </classification-ipcr>
        <classification-ipcr status="new">A61K   8/30        20060101ALI20060310RMJP        </classification-ipcr>
        <classification-ipcr status="new">A61K   8/30        20060101CLI20060310RMJP        </classification-ipcr>
        <classification-ipcr status="new">A61K   8/36        20060101ALI20060310RMJP        </classification-ipcr>
        <classification-ipcr status="new">A61K   8/362       20060101ALI20060310RMJP        </classification-ipcr>
        <classification-ipcr status="new">A61K   8/365       20060101ALI20060310RMJP        </classification-ipcr>
        <classification-ipcr status="new">A61K   8/368       20060101ALI20060310RMJP        </classification-ipcr>
        <classification-ipcr status="new">A61K   8/41        20060101ALI20060310RMJP        </classification-ipcr>
        <classification-ipcr status="new">A61K   8/44        20060101ALI20060310RMJP        </classification-ipcr>
        <classification-ipcr status="new">A61K   8/49        20060101ALI20060310RMJP        </classification-ipcr>
        <classification-ipcr status="new">A61K   8/67        20060101ALI20060310RMJP        </classification-ipcr>
        <classification-ipcr status="new">A61K   8/72        20060101AFI20060310RMJP        </classification-ipcr>
        <classification-ipcr status="new">A61K   8/72        20060101CFI20070702BHEP        </classification-ipcr>
        <classification-ipcr status="new">A61K   8/81        20060101AFI20070702BHEP        </classification-ipcr>
        <classification-ipcr status="new">A61K   8/96        20060101ALI20060310RMJP        </classification-ipcr>
        <classification-ipcr status="new">A61K   8/96        20060101CLI20060310RMJP        </classification-ipcr>
        <classification-ipcr status="new">A61K   8/97        20060101ALI20060310RMJP        </classification-ipcr>
        <classification-ipcr status="new">A61Q   1/00        20060101ALI20060310RMJP        </classification-ipcr>
        <classification-ipcr status="new">A61Q   1/00        20060101CLI20060310RMJP        </classification-ipcr>
        <classification-ipcr status="new">A61Q   1/02        20060101CLI20070702BHEP        </classification-ipcr>
        <classification-ipcr status="new">A61Q   1/04        20060101ALI20070702BHEP        </classification-ipcr>
        <classification-ipcr status="new">A61Q   1/06        20060101A N20080531RMEP        </classification-ipcr>
        <classification-ipcr status="new">A61Q  19/00        20060101ALI20070702BHEP        </classification-ipcr>
        <classification-ipcr status="new">A61Q  19/00        20060101CLI20070702BHEP        </classification-ipcr>
        <classification-ipcr status="new">A61Q  19/08        20060101ALI20070702BHEP        </classification-ipcr>
        <classification-ipcr status="new">A61Q  19/08        20060101CLI20070702BHEP        </classification-ipcr>
        <classification-ipcr status="new">C08F 210/00        20060101CLI20060310RMJP        </classification-ipcr>
        <classification-ipcr status="new">C08F 210/14        20060101ALI20060310RMJP        </classification-ipcr>
        <classification-ipcr status="new">C08F 226/00        20060101CLI20060310RMJP        </classification-ipcr>
        <classification-ipcr status="new">C08F 226/10        20060101ALI20060310RMJP        </classification-ipcr>
      </classifications-ipcr>
      <classification-ecla status="new">
        <classification-symbol scheme="EC">A61K   8/81R4</classification-symbol>
        <classification-symbol scheme="EC">A61Q   1/04</classification-symbol>
        <classification-symbol scheme="EC">A61Q  19/00</classification-symbol>
        <classification-symbol scheme="EC">A61Q  19/08</classification-symbol>
        <classification-symbol scheme="ICO">K61Q1:06</classification-symbol>
        <classification-symbol scheme="ICO">K61Q19:00S</classification-symbol>
      </classification-ecla>
      <invention-title load-source="ep" status="new" lang="DE">Kosmetische Verwendung eines Vinylpyrrolidon/Alken-Copolymeres, um das Aussehen der Haut und/oder des Semischleimhäute zu verändern</invention-title>
      <invention-title load-source="ep" status="new" lang="EN">Cosmetic use of a vinylpyrrolidone-alkene copolymer to modify the aspect of the skin</invention-title>
      <invention-title load-source="ep" status="new" lang="FR">Utilisation cosmétique d'un copolymère de vinylpyrrolidone et d'alcène pour modifier l'aspect de la peau et/ou des semi-muqueuses</invention-title>
    </technical-data>
    <parties>
      <applicants>
        <applicant status="new" format="epo">
          <addressbook>
            <name>OREAL</name>
            <address>
              <country>FR</country>
            </address>
          </addressbook>
        </applicant>
        <applicant status="new" format="intermediate">
          <addressbook>
            <name>L'OREAL</name>
          </addressbook>
        </applicant>
        <applicant status="new" format="original">
          <addressbook>
            <last-name>L'OREAL</last-name>
            <address>
              <street>14, rue Royale</street>
              <city>75008 Paris</city>
              <country>FR</country>
            </address>
          </addressbook>
        </applicant>
      </applicants>
      <inventors>
        <inventor status="new" format="epo">
          <addressbook>
            <name>CHEVALIER VERONIQUE</name>
            <address>
              <country>FR</country>
            </address>
          </addressbook>
        </inventor>
        <inventor status="new" format="epo">
          <addressbook>
            <name>LORDI KALI</name>
            <address>
              <country>US</country>
            </address>
          </addressbook>
        </inventor>
        <inventor status="new" format="epo">
          <addressbook>
            <name>POTIN ANTHONY</name>
            <address>
              <country>FR</country>
            </address>
          </addressbook>
        </inventor>
        <inventor status="new" format="epo">
          <addressbook>
            <name>QUEST MELANIE</name>
            <address>
              <country>FR</country>
            </address>
          </addressbook>
        </inventor>
        <inventor status="new" format="epo">
          <addressbook>
            <name>ULRICH MARIA</name>
            <address>
              <country>US</country>
            </address>
          </addressbook>
        </inventor>
        <inventor status="new" format="intermediate">
          <addressbook>
            <name>CHEVALIER, VERONIQUE</name>
          </addressbook>
        </inventor>
        <inventor status="new" format="intermediate">
          <addressbook>
            <name>LORDI, KALI</name>
          </addressbook>
        </inventor>
        <inventor status="new" format="intermediate">
          <addressbook>
            <name>POTIN, ANTHONY</name>
          </addressbook>
        </inventor>
        <inventor status="new" format="intermediate">
          <addressbook>
            <name>QUEST, MELANIE</name>
          </addressbook>
        </inventor>
        <inventor status="new" format="intermediate">
          <addressbook>
            <name>ULRICH, MARIA</name>
          </addressbook>
        </inventor>
        <inventor status="new" format="original">
          <addressbook>
            <last-name>Chevalier, Véronique </last-name>
            <address>
              <street>55, Clairière du Parc</street>
              <city>94440 Villecresnes</city>
              <country>FR</country>
            </address>
          </addressbook>
        </inventor>
        <inventor status="new" format="original">
          <addressbook>
            <last-name>LORDI, KALI</last-name>
            <address>
              <street>195, Miller Avenue</street>
              <city>Clark, NJ 07066</city>
              <country>US</country>
            </address>
          </addressbook>
        </inventor>
        <inventor status="new" format="original">
          <addressbook>
            <last-name>POTIN, ANTHONY</last-name>
            <address>
              <street>110, rue du Cherche Midi</street>
              <city>75006 Paris</city>
              <country>FR</country>
            </address>
          </addressbook>
        </inventor>
        <inventor status="new" format="original">
          <addressbook>
            <last-name>Quest, Mélanie </last-name>
            <address>
              <street>30, rue de la Clef</street>
              <city>75005 Paris</city>
              <country>FR</country>
            </address>
          </addressbook>
        </inventor>
        <inventor status="new" format="original">
          <addressbook>
            <last-name>ULRICH, MARIA</last-name>
            <address>
              <street>1254, Crossing Way</street>
              <city>Wayne, NJ 07470</city>
              <country>US</country>
            </address>
          </addressbook>
        </inventor>
      </inventors>
      <agents>
        <agent status="new" format="original">
          <addressbook>
            <last-name>Renard, Emmanuelle</last-name>
            <address>
              <street>L'OREAL-DPI 6 rue Bertrand Sincholle</street>
              <city>92585 Clichy Cedex</city>
              <country>FR</country>
            </address>
          </addressbook>
        </agent>
      </agents>
    </parties>
    <international-convention-data>
      <designated-states>
        <ep-contracting-states>
          <country>AT</country>
          <country>BE</country>
          <country>CH</country>
          <country>CY</country>
          <country>DE</country>
          <country>DK</country>
          <country>ES</country>
          <country>FI</country>
          <country>FR</country>
          <country>GB</country>
          <country>GR</country>
          <country>IE</country>
          <country>IT</country>
          <country>LI</country>
          <country>LU</country>
          <country>MC</country>
          <country>NL</country>
          <country>PT</country>
          <country>SE</country>
          <country>TR</country>
        </ep-contracting-states>
      </designated-states>
    </international-convention-data>
  </bibliographic-data>
  <abstract load-source="docdb" source="EPO" status="new" lang="EN">
    <p>A vinylpyrrolidone-alkene copolymer (I) in which the alkene has 10-40C is used in a cosmetic composition as an agent for modifying the appearance of the skin and/or semimucosa.</p>
  </abstract>
  <abstract load-source="ep" status="new" lang="FR">
    <p>L'invention se rapporte à l'utilisation cosmétique d'au moins un copolymère de
vinylpyrrolidone et d'un alcène en C<sub>10</sub>-C<sub>40</sub>, dans une composition cosmétique comprenant
un milieu physiologiquement acceptable, en tant qu'agent pour modifier l'aspect de la
peau et/ou des semi-muqueuses.</p>
    <p>Ce copolymère peut en particulier être utilisé selon l'invention : pour matifier la peau et/ou
pour matifier les lèvres et/ou pour estomper les cernes et/ou pour camoufler les rides et
ridules et/ou les pores de la peau.</p>
    <p>L'invention a également pour objet l'utilisation, dans le traitement cosmétique des peaux
grasses ou mixtes, ou dans le traitement des signes cutanés du vieillissement et/ou de la
fatigue, d'une composition contenant, dans un milieu physiologiquement acceptable, le
copolymère précité.</p>
  </abstract>
  <description load-source="ep" status="new" lang="FR">
    <p num="0001">L'invention se rapporte à l'utilisation cosmétique d'au moins un copolymère de
vinylpyrrolidone et d'un alcène en C<sub>10</sub>-C<sub>40</sub>, dans une composition cosmétique comprenant un
milieu physiologiquement acceptable, en tant qu'agent pour modifier l'aspect de la peau et/ou
des semi-muqueuses.</p>
    <p num="0002">La présente invention vise à modifier l'aspect de la peau et/ou des semi-muqueuses, en
particulier par effet optique. Par cette expression, on entend toute modification des
irrégularités tactiles et visuelles de la surface de la peau, à savoir :
<ul list-style="bullet"><li>des imperfections du relief de la peau que sont les rides, les ridules et les pores,</li><li>des défauts de coloration de la peau que constituent plus particulièrement les cernes, et</li><li>des zones de brillance de la peau qui sont en général précisément localisées au niveau
du front et des ailes du nez.</li></ul>
On entend également la modification de l'aspect des semi-muqueuses, notamment la
matification des lèvres et l'uniformisation de leur couleur et de leur relief.</p>
    <p num="0003">La couleur de la peau est influencée par différents paramètres, dont la quantité de pigments
de mélanine, la circulation sanguine et la température. Ainsi, la peau a tendance à rougir
sous l'effet d'une élévation de température, en raison de l'augmentation du débit artériel.
Elle a en outre tendance à bleuir sous l'effet d'une baisse de température, en raison d'un
ralentissement du flux sanguin et d'une plus grande consommation d'oxygène par le
métabolisme. Les effets du métabolisme et des facteurs extérieurs sur la couleur de la peau
sont particulièrement exacerbés dans la région de l'oeil du fait de la faible épaisseur de la
peau à cet endroit. Ces effets se manifestent par l'apparition de cernes, qui peuvent être
accentués par des phénomènes allergiques ou encore en cas de concavité de la région
oculaire qui produit des ombres dues à des modifications de la réflexion de la lumière. Les
cernes sont également une conséquence bien connue du manque de sommeil,
probablement dus à une stagnation du sang autour de l'oeil (Oresajo C. et al., Cosmetics
and Toiletries, 102, 29-34 (1987)).</p>
    <p num="0004">Bien que les causes des cernes n'aient pas encore été totalement élucidées à ce jour, on
distingue, par examen clinique, trois types de cernes : les cernes bleus qui sont
vraisemblablement dus à un ralentissement de la micro-circulation entraínant une élévation
du taux d'hémoglobine réduite ; les cernes marrons, dus à une accumulation de pigments de
mélanine sous l'effet de l'âge et/ou des UV ; et les cernes rouges. </p>
    <p num="0005">Or, les cernes ont toujours été considérés comme inesthétiques, de sorte que l'on a toujours
cherché à les masquer voire à les éliminer.</p>
    <p num="0006">A cette fin, il a été proposé dans l'art antérieur de traiter les cernes résultant d'une
fragilisation du raison sanguin à l'aide d'extraits de plantes, en particulier des veinotoniques
tels que le petit houx ou le marron d'Inde ; de vitamines telles que les vitamines A, K, E, B5
ou C ; ou d'agents drainants tels que la caféine, capables d'améliorer la circulation sanguine
ou de réduire la fragilité des capillaires et de renforcer les vaisseaux sanguins pour éviter
leur rupture. D'autres solutions ont consisté à camoufler les cernes par effet optique (silice,
mica, dioxyde de titane...) ou en blanchissant la région de l'oeil à l'aide d'agents
dépigmentants tels que les extraits de scutellaire, mûrier, réglisse ou camomille.</p>
    <p num="0007">Il a également été montré dans la demande EP-1 090 629 que l'association de sulfate de
dextran et d'escine permettait de diminuer la dilatation des capillaires et présentait un effet
anti-oedémateux utile dans le traitement des cernes péri-oculaires.</p>
    <p num="0008">Or, la Demanderesse a maintenant découvert, de manière surprenante, que l'utilisation de
certains copolymères de vinylpyrrolidone et d'alcènes dans une composition cosmétique
conférait à cette composition la capacité d'atténuer, voire de faire disparaítre, les cernes.</p>
    <p num="0009">Outre les cernes, un autre type d'irrégularité visuelle de la surface de la peau peut être un
aspect gras localisé.</p>
    <p num="0010">Or, l'obtention d'un effet mat de la peau est très recherché par les utilisatrices à peau mixte
ou grasse, ainsi que pour les compositions cosmétiques destinées à être utilisées sous les
climats chauds et humides. Les reflets provoqués par un excès de sébum à la surface de la
peau sont en effet généralement considérés comme inesthétiques. De même, il peut être
souhaitable, à des fins esthétiques, de conférer un effet mat aux lèvres. Certaines
utilisatrices ressentent en effet le besoin de disposer de rouges à lèvres à texture crémeuse
et lisse mais ayant un lustre ou brillant réduit.</p>
    <p num="0011">Les moyens utilisés jusqu'à présent pour réduire la brillance de la peau ou des lèvres ont
essentiellement consisté à utiliser des charges telles que le talc, l'amidon, le mica, la silice,
les poudres de nylon, les poudres de polyéthylène, les poudres de poly-beta-alanine et les 
poudres de poly[(méth)acrylate de méthyle]. Ces charges ont cependant pour inconvénient
de donner à la peau ou aux lèvres un aspect poudreux non naturel qui peut même accentuer
leurs défauts. De plus, ces compositions provoquent généralement un dessèchement de la
peau ou des lèvres à long terme, et sont difficiles à lisser sur ces substrats. Leur effet mat
est aussi de courte durée. Par ailleurs, il existe également des difficultés associées à
l'introduction de ces poudres ou charges dans des compositions telles que des bâtons de
rouge à lèvres comprenant une huile visqueuse telle que la lanoline, car la composition peut
devenir trop épaisse et piéger de l'air pendant le moulage.</p>
    <p num="0012">Or, la Demanderesse a également découvert que les copolymères de vinylpyrrolidone et de
certains alcènes à chaíne longue permettaient de matifier la peau et les lèvres sans
présenter les inconvénients de l'art antérieur.</p>
    <p num="0013">Ces copolymères ont déjà été décrits comme composés filmogènes capables de conférer
des propriétés de résistance à l'eau à des compositions solaires (WO 00/41672, WO
95/19161, WO 97/42933) ou à des crèmes pour bébé (WO 94/14413) ou des propriétés de
non-transfert à des compositions de maquillage (EP-0 997 139, WO 99/22710, WO
98/16196, WO 97/17057, EP-0 819 428). Ils ont également été décrits comme constituants
de mascaras (EP-0 792 636, US-5,389,363).</p>
    <p num="0014">Dans tous ces documents de l'art antérieur, ces copolymères sont utilisés pour améliorer les
propriétés physiques des compositions cosmétiques les contenant, en particulier la tenue, la
résistance au transfert et la résistance à l'eau de ces compositions. Les compositions
contenant ces copolymères sont plus particulièrement des rouges à lèvres, des fonds de
teint, des mascaras, des eye-liners, des autobronzants et des produits anti-solaires et anti-moustiques.</p>
    <p num="0015">En revanche, à la connaissance de la Demanderesse, il n'a encore jamais été suggéré
d'utiliser des copolymères de vinylpyrrolidone et d'alcènes pour modifier l'aspect de la peau
et/ou des semi-muqueuses.</p>
    <p num="0016">Cette nouvelle application des copolymères de vinylpyrrolidone et d'alcènes à chaíne longue
a permis en outre à la Demanderesse d'envisager de les utiliser à des fins nouvelles,
notamment dans des compositions destinées au traitement des peaux grasses ou mixtes ou 
dans des compositions destinées à corriger les signes du vieillissement cutané et/ou les
signes cutanés de fatigue.</p>
    <p num="0017">La présente invention a donc pour objet l'utilisation cosmétique d'au moins un copolymère de
vinylpyrrolidone et d'un alcène en C<sub>10</sub>-C<sub>40</sub>, dans une composition cosmétique comprenant un
milieu physiologiquement acceptable, en tant qu'agent pour modifier l'aspect de la peau et/ou
des semi-muqueuses.</p>
    <p num="0018">Ce copolymère peut en particulier être utilisé selon l'invention : pour matifier la peau et/ou les
lèvres et/ou pour estomper les cernes et/ou pour camoufler les rides et ridules et/ou les pores
de la peau.</p>
    <p num="0019">L'invention a aussi pour objet l'utilisation, dans le traitement cosmétique des peaux grasses
ou mixtes, ou dans le traitement des signes cutanés du vieillissement et/ou de la fatigue,
d'une composition contenant, dans un milieu physiologiquement acceptable, au moins un
copolymère de vinylpyrrolidone et d'un alcène en C<sub>10</sub>-C<sub>40</sub>.</p>
    <p num="0020">Elle a également pour objet un procédé cosmétique pour matifier la peau et/ou matifier les
lèvres et/ou camoufler les cernes et/ou les rides et ridules et/ou les pores de la peau,
comprenant l'application topique sur la peau ou les lèvres d'une composition renfermant,
dans un milieu physiologiquement acceptable, au moins un copolymère de vinylpyrrolidone et
d'un alcène en C<sub>10</sub>-C<sub>40</sub>.</p>
    <p num="0021">Parmi les alcènes comprenant de 10 à 40 atomes de carbone, on peut citer le pentadécène,
l'hexadécène, l'heptadécène, l'octadécène, le nonadécène, l'eicosène, le docosène et le
triacontène.</p>
    <p num="0022">De préférence, la masse moléculaire moyenne en poids du copolymère selon l'invention est
comprise entre 5 000 et 30 000, en particulier entre 6 000 et 20 000.</p>
    <p num="0023">Parmi les polymères utilisables dans la présente invention, on peut citer le copolymère
PVP/hexadécène (nom CTFA), le copolymère PVP/eicosène (nom CTFA) et le copolymère
tricontanyl PVP (nom CTFA). </p>
    <p num="0024">Parmi les produits commerciaux, on peut citer les copolymères PVP/eicosène
commercialisés par la société ISP sous les dénominations commerciales Antaron V-220 (qui
est un copolymère PVP/eicosène qui comprend environ 20-28% en poids de motif
pyrrolidone et qui a un poids moléculaire en masse de 8600) et Ganex V-220 ou par la
société Induchem sous la dénomination commerciale Unimer U-15; les copolymères
PVP/hexadécène commercialisés par la société ISP sous les dénominations commerciales
Antaron V-216 et Ganex V-216 et par la société Induchem sous la dénomination commerciale
Unimer U-151 ; et les copolymères tricontanyl PVP commercialisés par la société ISP sous
les dénominations commerciales Antaron WP-660 et Ganex WP-660 et par la société
Induchem sous la dénomination commerciale Unimer U-6; sans que cette liste soit limitative.</p>
    <p num="0025">Le copolymère préféré selon l'invention est le tricontanyl PVP.</p>
    <p num="0026">Le copolymère selon l'invention sera présent, dans la composition cosmétique le contenant,
en une quantité efficace pour obtenir l'effet recherché. A titre d'exemple, pour une application
sur la peau, ce copolymère représente de préférence de 0,1 à 20%, mieux, de 0,5 à 10% et,
encore mieux, de 0,5 à 5% du poids total de la composition. Pour une application sur les
semi-muqueuses telles que les lèvres, ce copolymère représente de préférence moins de 3%
et, mieux, de 0,1 à 2% du poids total de la composition. Ces gammes de concentrations
permettent d'obtenir une composition pour les lèvres confortable (non desséchante) et de
bonne tenue pendant au moins quatre heures.</p>
    <p num="0027">La composition selon l'invention peut être plus ou moins fluide et avoir l'aspect d'une crème
blanche ou colorée, d'une pommade, d'un lait, d'une lotion, d'un sérum, d'une pâte, d'une
mousse. Elle peut éventuellement être appliquée sur la peau sous forme d'aérosol ou de
patch. Elle peut également se présenter sous forme solide, en particulier sous forme de stick
pour les lèvres ou de rouge à lèvres. Elle peut être utilisée comme produit de soin et/ou
comme produit de maquillage de la peau ou des lèvres.</p>
    <p num="0028">De façon connue, la composition selon l'invention peut contenir également les adjuvants
habituels dans le domaine cosmétique, tels que les gélifiants hydrophiles ou lipophiles, les
actifs hydrophiles ou lipophiles, les conservateurs, les antioxydants, les solvants, les
parfums, les charges, les filtres, les pigments, les absorbeurs d'odeur et les matières
colorantes. Les quantités de ces différents adjuvants sont celles classiquement utilisées dans 
le domaine considéré, et par exemple de 0,01 à 20% du poids total de la composition. Ces
adjuvants, selon leur nature, peuvent être introduits dans la phase grasse ou dans la phase
aqueuse. En tout état de cause, ces adjuvants, ainsi que leurs proportions, seront choisis de
manière à ne pas nuire aux propriétés recherchées du copolymère selon l'invention.</p>
    <p num="0029">La composition selon l'invention peut se présenter sous toutes les formes galéniques
normalement utilisées dans le domaine cosmétique, et elle peut être notamment sous forme
d'une solution huileuse éventuellement gélifiée, d'une émulsion obtenue par dispersion d'une
phase grasse dans une phase aqueuse (H/E) ou inversement (E/H), d'une émulsion triple
(E/H/E ou H/E/H), d'une dispersion vésiculaire de type ionique (liposomes ou oléosomes)
et/ou non ionique (niosomes) et/ou d'une dispersion de nanocapsules ou nanosphères.</p>
    <p num="0030">Pour une utilisation dans le traitement cosmétique des peaux grasses ou mixtes, la
composition selon l'invention sera de préférence sous la forme d'une émulsion H/E dont la
phase aqueuse externe apporte un effet de fraícheur. Pour une application sous forme de
bâton de rouge à lèvres, cette composition sera en revanche de préférence anhydre.</p>
    <p num="0031">Lorsque la composition de l'invention est une émulsion, la proportion de la phase grasse peut
aller de 5 à 80 % en poids, et de préférence de 5 à 50 % en poids par rapport au poids total
de la composition. Les huiles, les émulsionnants et les coémulsionnants utilisés dans la
composition sous forme d'émulsion sont choisis parmi ceux classiquement utilisés dans le
domaine considéré. L'émulsionnant et le co-émulsionnant sont généralement présents, dans
la composition, en une proportion allant de 0,3 à 30 % en poids, et de préférence de 0,5 à
20 % en poids par rapport au poids total de la composition. En variante, la compositon selon
l'invention sous forme d'émulsion peut ne pas contenir d'émulsionnant.</p>
    <p num="0032">Comme huiles utilisables dans la composition de l'invention, on peut citer par exemple :
<ul list-style="bullet"><li>les huiles hydrocarbonées d'origine animale, telles que le perhydrosqualène ;</li><li>les huiles hydrocarbonées d'origine végétale, telles que les triglycérides liquides d'acides
gras comportant de 4 à 10 atomes de carbone et la fraction liquide du beurre de karité ;</li><li>les esters et les éthers de synthèse, notamment d'acides gras, comme les huiles de
formules R<sup>1</sup>COOR<sup>2</sup> et F<sup>1</sup>OR<sup>2</sup> dans laquelle R<sup>1</sup> représente le reste d'un acide gras comportant
de 8 à 29 atomes de carbone, et R<sup>2</sup> représente une chaíne hydrocarbonée, ramifiée ou non, 
contenant de 3 à 30 atomes de carbone, comme par exemple l'huile de Purcellin,
l'isononanoate d'isononyle, le myristate d'isopropyle, le palmitate d'éthyl-2-hexyle, le stéarate
d'octyl-2-dodécyle, l'érucate d'octyl-2-dodécyle, l'isostéarate d'isostéaryle ; les esters
hydroxylés comme l'isostéaryl lactate, l'octylhydroxystéarate, l'hydroxystéarate
d'octyldodécyle, le diisostéaryl-malate, le citrate de triisocétyle, les heptanoates, octanoates,
décanoates d'alcools gras ; les esters de polyol, comme le dioctanoate de propylène glycol,
le diheptanoate de néopentylglycol et le diisononanoate de diéthylèneglycol ; et les esters du
pentaérythritol comme le tétraisostéarate de pentaérythrityle ;</li><li>les hydrocarbures linéaires ou ramifiés, d'origine minérale ou synthétique, tels que les
huiles de paraffine, volatiles ou non, et leurs dérivés, la vaseline, les polydécènes, le
polyisobutène hydrogéné tel que l'huile de parléam ;</li><li>les alcools gras ayant de 8 à 26 atomes de carbone, comme l'alcool cétylique, l'alcool
stéarylique et leur mélange (alcool cétylstéarylique), l'octyldodécanol, le 2-butyloctanol, le 2-hexyldécanol,
le 2-undécylpentadécanol, l'alcool oléique ou l'alcool linoléique ;</li><li>les huiles fluorées partiellement hydrocarbonées et/ou siliconées comme celles décrites
dans le document JP-A-2-295912 ;</li><li>les huiles de silicone comme les polyméthylsiloxanes (PDMS) volatiles ou non à chaíne
siliconée linéaire ou cyclique, liquides ou pâteux à température ambiante, notamment les
cyclopolydiméthylsiloxanes (cyclométhicones) telles que la cyclohexasiloxane ; les
polydiméthylsiloxanes comportant des groupements alkyle, alcoxy ou phényle, pendant ou en
bout de chaíne siliconée, groupements ayant de 2 à 24 atomes de carbone ; les silicones
phénylées comme les phényltriméthicones, les phényldiméthicones, les
phényltriméthylsiloxydiphényl-siloxanes, les diphényl-diméthicones, les
diphénylméthyldiphényl trisiloxanes, les 2-phényléthyltriméthyl-siloxysilicates, et les
polyméthylphénylsiloxanes ;</li><li>leurs mélanges.</li></ul></p>
    <p num="0033">Comme émulsionnants et coémulsionnants utilisables dans l'invention, on peut citer par
exemple les émulsionnants H/E tels que les esters d'acide gras et de polyéthylène glycol,
notamment le stéarate de PEG-100, et les esters d'acide gras et de glycérine tels que le
stéarate de glycéryle, ainsi que les émulsionnants E/H tels que le
poly(méthylcétyl)(diméthyl)méthylsiloxane oxyéthyléné disponible sous la dénomination
commerciale ABIL WE09 auprès de la société Degussa Goldschmidt ou le mélange de 
stéarate d'éthylène glycol acétyle et de tristéarate de glycéryle commercialisé par la société
Guardian sous la dénomination commerciale UNITWIX.</p>
    <p num="0034">Comme gélifiants hydrophiles, on peut citer en particulier les polymères carboxyvinyliques
(carbomer), les copolymères acryliques tels que les copolymères d'acrylates/alkylacrylates,
les polyacrylamides, les polysaccharides, les gommes naturelles et les argiles, et, comme
gélifiants lipophiles, on peut citer les argiles modifiées comme les bentones, les sels
métalliques d'acides gras, la silice hydrophobe et les polyéthylènes.</p>
    <p num="0035">Comme charges qui peuvent être utilisées dans la composition de l'invention, on peut citer
par exemple, outre les pigments, la poudre de silice ; le talc ; l'amidon réticulé par l'anhydride
octénylsuccinique commercialisé par la société National Starch sous la dénomination DRY
FLO PLUS (28-1160) ; les particules de polyamide et notamment celles vendues sous la
dénomination ORGASOL par la société Atochem ; les poudres de polyéthylène ; les microsphères
à base de copolymères acryliques, telles que celles en copolymère diméthacrylate
d'éthylène glycol/ methacrylate de lauryle vendues par la société Dow Corning sous la
dénomination de POLYTRAP ; les poudres expansées telles que les microsphères creuses et
notamment, les microsphères commercialisées sous la dénomination EXPANCEL par la
société Kemanord Plast ou sous la dénomination MICROPEARL F 80 ED par la société
Matsumoto ; les microbilles de résine de silicone telles que celles commercialisées sous la
dénomination TOSPEARL par la société Toshiba Silicone ; et leurs mélanges. Ces charges
peuvent être présentes dans des quantités allant de 0 à 20 % en poids et de préférence de 1
à 10 % en poids par rapport au poids total de la composition ou de la préparation selon
l'invention.</p>
    <p num="0036">Des charges préférées pour une utilisation dans la présente invention sont la silice, le mica et
le dioxyde de titane.</p>
    <p num="0037">En outre, pour une utilisation dans le traitement cosmétique des signes cutanés du
vieillissement et/ou de la fatigue, la composition selon l'invention renfermera de préférence
au moins un composé choisi parmi : les extraits de plantes veinotoniques tels que les extraits
de petit houx et/ou de marron d'Inde ; les vitamines telles que les vitamines A, K, E, B5 et/ou
C ; les bases xanthiques telles que la caféine ; les charges ; et les agents dépigmentants tels
que les extraits de scutellaire, de mûrier, de réglisse et/ou de camomille. </p>
    <p num="0038">Pour une utilisation dans le traitement cosmétique des peaux grasses ou mixtes, la
composition selon l'invention contiendra de préférence au moins un actif choisi parmi : les
vitamines B3 et B5 ; les sels de zinc, et en particulier l'oxyde de zinc et le gluconate de zinc ;
l'acide salicylique et ses dérivés tels que l'acide n-octanoyl-5-salicylique ; le triclosan ; la
capryloylglycine ; un extrait de clou de girofle ; l'octopirox ; l'hexamidine ; et l'acide azélaïque
et ses dérivés.</p>
    <p num="0039">En cas d'incompatibilité ou pour les stabiliser, certains au moins des actifs mentionnés ci-dessus
peuvent être incorporés dans des sphérules, notamment des vésicules ioniques ou
non-ioniques et/ou des nanoparticules (nanocapsules et/ou nanosphères).</p>
    <p num="0040">On peut également introduire dans la composition selon l'invention des filtres UVA et/ou UVB,
choisis parmi les filtres organiques et les filtres minéraux éventuellement enrobés pour les
rendre hydrophobes.</p>
    <p num="0041">L'invention sera mieux comprise, et ses avantages ressortiront mieux, à la lumière des
exemples suivants qui sont donnés à titre illustratif, et sans limitation.</p>
    <heading>
      <b>EXEMPLES</b>
    </heading>
    <heading>
      <b>Exemple 1 : Emulsion huile-dans-eau anti-cernes</b>
    </heading>
    <p num="0042">
      <tables>
        <table>
          <tgroup cols="2">
            <tbody>
              <row>
                <entry nameend="2" align="left" namest="1">
                  <i>Phase A</i>
                </entry>
              </row>
              <row>
                <entry align="left">Glycols</entry>
                <entry align="left">7 %</entry>
              </row>
              <row>
                <entry align="left">Conservateurs</entry>
                <entry align="left">0,5 %</entry>
              </row>
              <row>
                <entry align="left">Caféine</entry>
                <entry align="left">0,2 %</entry>
              </row>
              <row>
                <entry align="left">Chlorure de sodium</entry>
                <entry align="left">0,27%</entry>
              </row>
              <row>
                <entry align="left">Eau</entry>
                <entry align="left">qsp   100 %</entry>
              </row>
              <row>
                <entry nameend="2" align="left" namest="1">
                  <i>Phase B</i>
                </entry>
              </row>
              <row>
                <entry align="left">Cyclopentasiloxane</entry>
                <entry align="left">5,85%</entry>
              </row>
              <row>
                <entry align="left">Polyisobutène hydrogéné</entry>
                <entry align="left">2 %</entry>
              </row>
              <row>
                <entry align="left">Carbomer</entry>
                <entry align="left">0,3 % </entry>
              </row>
              <row>
                <entry align="left">Diméthiconol (gomme)</entry>
                <entry align="left">0,15%</entry>
              </row>
              <row>
                <entry align="left">Stearyl heptanoate et stearyl caprylate</entry>
                <entry align="left">4 %</entry>
              </row>
              <row>
                <entry nameend="2" align="left" namest="1">
                  <i>Phase B2</i>
                </entry>
              </row>
              <row>
                <entry align="left">Copolymère tricontanyl PVP (Unimer U-6 d'Induchem)</entry>
                <entry align="left">3 %</entry>
              </row>
              <row>
                <entry nameend="2" align="left" namest="1">
                  <i>Phase C</i>
                </entry>
              </row>
              <row>
                <entry align="left">Poly(acide 2-acrylamido 2-méthylpropane sulfonique) réticulé et neutralisé par l'ammoniaque</entry>
                <entry align="left">1,2 %</entry>
              </row>
              <row>
                <entry nameend="2" align="left" namest="1">
                  <i>Phase D</i>
                </entry>
              </row>
              <row>
                <entry align="left">Triéthanolamine</entry>
                <entry align="left">0,4 %</entry>
              </row>
              <row>
                <entry align="left">Eau</entry>
                <entry align="left">3 %</entry>
              </row>
              <row>
                <entry nameend="2" align="left" namest="1">
                  <i>Phase E</i>
                </entry>
              </row>
              <row>
                <entry align="left">Hyaluronate de sodium</entry>
                <entry align="left">1 %</entry>
              </row>
            </tbody>
          </tgroup>
        </table>
      </tables>
    </p>
    <heading>
      <b>
        <u style="single">Mode opératoire</u>
      </b>
    </heading>
    <p num="0043">La phase A est chauffée sous agitation à 80°C jusqu'à parfaite solubilisation puis refroidie à
65°C. La phase B1 est chauffée à 65°C. La phase B2 est alors solubilisée dans la phase B1
sous agitation puis la phase B ainsi obtenue est ajoutée à la phase A pour émulsification
sous Moritz. La phase C est saupoudrée sur le mélange A+B et dispersée sous Moritz. La
phase D est ensuite ajoutée sous agitation au mélange A+B+C et le tout est refroidi à
température ambiante. La phase E est ensuite ajoutée sous agitation après solubilisation
préalable de ses constituants.</p>
    <heading>
      <b>Exemple 2 : mise en évidence de l'effet anti-cernes</b>
    </heading>
    <p num="0044">Trois formules ont été comparées :
<sl><li>La formule 1 correspondait à la composition de l'Exemple 1 dans laquelle le tricontanyl PVP a
été remplacé, dans la phase B2, par 3% en poids de silice. </li><li>La formule 2 correspondait à la composition de l'Exemple 1 dans laquelle le tricontanyl PVP a
été remplacé, dans la phase B2, par 8% en poids d'un mélange de silice et d'oxyde de zinc
contenant entre 40 et 60% en poids de silice et entre 60 et 40% en poids d'oxyde de zinc.</li><li>La formule 3 correspondait à la composition de l'Exemple 1.</li></sl></p>
    <p num="0045">Ces trois formules ont été appliquées sur des sujets ayant différents types de cernes : bleus,
rouges et marrons. L'écart de réflectance entre la zone cernée et la peau nue non cernée
adjacente a été mesuré grâce à un spectroradiomètre et la courbe de l'écart de réflectance
en fonction de la longueur d'onde a été tracée sur l'ensemble du spectre visible.</p>
    <p num="0046">Les courbes obtenues avec les trois formules ci-dessus sont respectivement illustrées sur les
Figures 1 à 3 ci-jointes, sur lesquelles :
<sl><li>T<sub>o</sub> correspond à l'instant précédant immédiatement l'application de la formule concernée, et</li><li>T<sub>imm</sub> correspond à l'instant suivant immédiatement l'application de la formule concernée.</li></sl></p>
    <p num="0047">La réflectance correspond au comportement de l'objet irradié vis-à-vis des différentes
longueurs d'onde. Si l'écart se rapproche de zéro après traitement de la zone cernée, le
comportement de la zone cernée se rapproche de celui de la peau nue non cernée
adjacente, ce qui montre l'efficacité de la formule.</p>
    <p num="0048">Comme le montre la Figure 1, pour la formule 1, on observe une augmentation de l'écart
entre la zone cernée et la peau nue non cernée adjacente après traitement de la zone cernée
pour les sujets à cernes rouges et marrons, ce qui met en évidence une accentuation du
cerne. Pour le cerne bleu, aucune évolution de cet écart entre avant et après traitement n'a
été observée, ce qui permet de conclure à l'absence d'efficacité de la formule 1 sur les
cernes bleus.</p>
    <p num="0049">Pour la formule 2, on n'observe aucune évolution de l'écart de réflectance entre la zone
cernée et la peau nue non cernée après traitement des 3 types de cernes, ce qui montre
l'inefficacité de la formule (voir Figure 2). </p>
    <p num="0050">Pour la formule 3, on observe une diminution de l'écart de réflectance après traitement pour
les sujets à cernes rouges et bleus, ce qui démontre l'efficacité de la formule contenant le
copolymère vinylpyrrolidone/1-triacontène sur les cernes rouges et bleus (voir Figure 3).</p>
    <heading>
      <b>Exemple 3 : Emulsion huile-dans-eau</b>
    </heading>
    <p num="0051">On prépare, de manière classique pour l'homme du métier, la composition suivante :
<tables><table><tgroup cols="2"><tbody><row><entry align="left"><b>Phase huileuse</b></entry></row><row><entry align="left">Alcool stéarylique</entry><entry align="center">1%</entry></row><row><entry align="left">Mélange tartrate de dimyristyle / alcool cétearylique/C12-C15-Pareth-7/PPG-25 laureth-25 (COSMACOL PSE vendu par la société Enichem)</entry><entry align="center">1,5%</entry></row><row><entry align="left">Cyclohexadiméthylsiloxane</entry><entry align="center">10%</entry></row><row><entry align="left">Tricontanyl-PVP</entry><entry align="center">3%</entry></row><row><entry align="left"><b>Phase aqueuse</b></entry></row><row><entry align="left">Glycérine</entry><entry align="center">5%</entry></row><row><entry align="left">Ammonium polyacryldimethyltauramide (HOSTACERIN AMPS de la société Hoechst)</entry><entry align="center">0,4%</entry></row><row><entry align="left">Aluminium starch octenylsuccinate (DRY-FLO de la société National Starch)</entry><entry align="center">3%</entry></row><row><entry align="left">Gomme de xanthane</entry><entry align="center">0,2%</entry></row><row><entry align="left">Hydroxyde de sodium</entry><entry align="center">0,01%</entry></row><row><entry align="left">Conservateurs</entry><entry align="center">0,7%</entry></row><row><entry align="left">Eau</entry><entry align="center">qsq 100%</entry></row></tbody></tgroup></table></tables></p>
    <p num="0052">L'émulsion est préparée en ajoutant, sous agitation, la phase huileuse chauffée à 65°C à la
phase aqueuse chaude.

On obtient une composition matifiante qui élimine la brillance de la peau. </p>
    <heading>
      <b>Exemple 4 : mise en évidence de l'effet matifiant</b>
    </heading>
    <p num="0053">On a mesuré la matité obtenue pour la composition de l'exemple 3 selon l'invention,
comprenant 3% de tricontanyl PVP, et d'une composition donnée à titre d'exemple
comparatif comprenant 3 % de silice dans la phase aqueuse au lieu des 3% de tricontanyl
PVP dans la phase grasse. La mesure a été réalisée de la manière suivante : sur un support
en caoutchouc, on a étalé la composition à raison de 2 g/cm<sup>2</sup>, on a laissé sécher, puis on a
mesuré la réflexion à l'aide d'un gonioréflectomètre, le résultat obtenu étant le rapport R entre
la réflexion spéculaire et la réflexion diffuse. La valeur de R est d'autant plus faible que l'effet
matifiant est important.
<tables><table><tgroup cols="3"><tbody><row><entry align="center">Composition</entry><entry align="center">Exemple 3</entry><entry align="center">Exemple comparatif</entry></row><row><entry align="center">R</entry><entry align="center">1,58 ± 0,03</entry><entry align="center">1,92 ± 0,03</entry></row></tbody></tgroup></table></tables></p>
    <p num="0054">Ces résultats, in vitro, montrent qu'avec une concentration à 3% (matière active) de
tricontanyl PVP, on obtient un résultat de matité bien supérieur à celui obtenu avec 3 %
(matière active) de silice.</p>
    <heading>
      <b>Exemple 5 : Bâton de rouge à lèvres anhydre</b>
    </heading>
    <p num="0055">On prépare, de manière classique pour l'homme du métier, la composition de bâton de rouge
à lèvres anhydre suivante.
<tables><table><tgroup cols="2"><tbody><row><entry align="left"><u style="single">Ingrédient</u></entry><entry align="center"><u style="single">Quantité (% en poids)</u></entry></row><row><entry align="left">Phase huileuse <!--footnotes removed--></entry><entry align="center">65,53%</entry></row><row><entry align="left">Vitamines (y compris antioxydants)</entry><entry align="center">0,50%</entry></row><row><entry align="left">Cires</entry><entry align="center">12,90%</entry></row><row><entry align="left">Tricontanyl-PVP</entry><entry align="center">0,50%</entry></row><row><entry align="left">Cholestérol</entry><entry align="center">0,10%</entry></row><row><entry align="left">Diméthylsilylate de silice</entry><entry align="center">2,00%</entry></row><row><entry align="left">Pigments et charges</entry><entry align="center">18,24%</entry></row><row><entry align="left">2-Oléamido-1,3-octadécanediol</entry><entry align="center">0,05%</entry></row><row><entry align="left">Parfum</entry><entry align="center">0,18%<!--footnotes removed--></entry></row></tbody></tgroup></table></tables><tables><table><tgroup cols="2"><tbody><row><entry align="left"><u style="single">Ingrédient</u></entry><entry align="center"><u style="single">Quantité (% en poids)</u></entry></row><row><entry align="left">Tricapryline</entry><entry align="center">22,84%</entry></row><row><entry align="left">Ethylhexanoate de cétyle</entry><entry align="center">22,92%</entry></row><row><entry align="left">Acétate de cétyle (et) alcool de lanoline acétylé</entry><entry align="center">3,05%</entry></row><row><entry align="left">Isononanoate d'isononyle</entry><entry align="center">22,84%</entry></row><row><entry align="left">Huile de graines de ricinus communis (ricin)</entry><entry align="center">29,96%</entry></row><row><entry align="left">Hectorite de stéaralkonium</entry><entry align="center">1,07%</entry></row><row><entry align="left">Carbonate de propylène</entry><entry align="center">0,32%</entry></row></tbody></tgroup></table></tables></p>
    <heading>
      <b>Exemple 6: Mise en évidence de l'effet matifiant</b>
    </heading>
    <p num="0056">On formule trois compositions de bâton de rouge à lèvres en suivant généralement la liste
des ingrédients donnée à l'Exemple 5. Plus précisément, la composition A contient 0,5% de
tricontanyl-PVP, la composition B ne contient pas de tricontanyl-PVP et la composition C
contient 0,5% de polybutène. Les bâtons de rouge à lèvres sont appliqués sur une carte
d'essai stratifiée et les propriétés de brillant du film résultant sont mesurées à l'aide d'un
brillancemètre (BYK Gardener, micro-PRI-gloss, modèle 4525). Les résultats présentés ci-dessous
sont exprimés en % de réflectance. Plus le pourcentage est faible, plus le film est
mat (moins brillant). On effectue sept à neuf mesures sur chaque composition et on calcule la
moyenne. Les résultats sont donnés dans le Tableau ci-dessous :
<tables><table><tgroup cols="3"><tbody><row><entry align="center"><u style="single">Composition A</u></entry><entry align="center"><u style="single">Composition B</u></entry><entry align="center"><u style="single">Composition C</u></entry></row><row><entry align="center">3,2</entry><entry align="center">7,0</entry><entry align="center">6,7</entry></row><row><entry align="center">3,8</entry><entry align="center">11,5</entry><entry align="center">10,2</entry></row><row><entry align="center">6,5</entry><entry align="center">11,6</entry><entry align="center">12,5</entry></row><row><entry align="center">4,9</entry><entry align="center">9,5</entry><entry align="center">13,4</entry></row><row><entry align="center">3,1</entry><entry align="center">7,4</entry><entry align="center">16,1</entry></row><row><entry align="center">5,2</entry><entry align="center">8,8</entry><entry align="center">17,1</entry></row><row><entry align="center">5,1</entry><entry align="center">8,5</entry><entry align="center">14,2</entry></row><row><entry align="center">---</entry><entry align="center">9,6</entry><entry align="center">---</entry></row><row><entry align="center">---</entry><entry align="center">9,5</entry><entry align="center">---</entry></row><row><entry align="center">Moyenne: 4,54</entry><entry align="center">Moyenne: 9,26</entry><entry align="center">Moyenne: 12,89</entry></row></tbody></tgroup></table></tables></p>
    <p num="0057">Comme le montre clairement ce tableau, le brillant est bien plus faible pour la composition A
de l'invention, qui contient 0,5% de tricontanyl-PVP, que pour les deux compositions données
à titre d'exemple comparatif, ce qui met en évidence l'effet mat obtenu pour ce bâton de
rouge à lèvres.</p>
  </description>
  <claims load-source="ep" status="new" lang="FR">
    <claim num="1">
      <claim-text>Utilisation cosmétique d'un copolymère de vinylpyrrolidone et d'un alcène en C10-C40, dans
une composition cosmétique comprenant un milieu physiologiquement acceptable, en tant
qu'agent pour modifier l'aspect de la peau et/ou des semi-muqueuses.</claim-text>
    </claim>
    <claim num="2">
      <claim-text>Utilisation cosmétique du copolymère selon la revendication 1 pour matifier la peau.</claim-text>
    </claim>
    <claim num="3">
      <claim-text>Utilisation cosmétique du copolymère selon la revendication 1 pour matifier les lèvres.</claim-text>
    </claim>
    <claim num="4">
      <claim-text>Utilisation cosmétique du copolymère selon la revendication 1 pour estomper les cernes.</claim-text>
    </claim>
    <claim num="5">
      <claim-text>Utilisation cosmétique du copolymère selon la revendication 1 pour camoufler les rides et
ridules et/ou les pores de la peau.</claim-text>
    </claim>
    <claim num="6">
      <claim-text>Utilisation selon l'une quelconque des revendications 1 à 5, caractérisée en ce que ledit
copolymère est choisi parmi les copolymères de vinylpyrrolidone et d'un alcène choisi parmi
le pentadécène, l'hexadécène, l'heptadécène, l'octadécène, le nonadécène, l'eicosène, le
docosène et le triacontène.</claim-text>
    </claim>
    <claim num="7">
      <claim-text>Utilisation selon la revendication 6, caractérisée en ce que la masse moléculaire moyenne
en poids dudit copolymère est comprise entre 6 000 et 20 000.</claim-text>
    </claim>
    <claim num="8">
      <claim-text>Utilisation selon la revendication 6 ou 7, caractérisée en ce que ledit copolymère est choisi
parmi le copolymère PVP/hexadécène, le copolymère PVP/eicosène et le tricontanyl PVP.</claim-text>
    </claim>
    <claim num="9">
      <claim-text>Utilisation selon la revendication 8, caractérisée en ce que ledit copolymère est le
tricontanyl PVP.</claim-text>
    </claim>
    <claim num="10">
      <claim-text>Utilisation selon l'une quelconque des revendications 1, 2, 4 ou 5, caractérisée en ce que
ledit copolymère représente de 0,5 à 5% du poids total de la composition.</claim-text>
    </claim>
    <claim num="11">
      <claim-text>Utilisation selon la revendication 3, caractérisée en ce que ledit copolymère représente
de 0,1 à 2% du poids total de la composition.</claim-text>
    </claim>
    <claim num="12">
      <claim-text>Utilisation, dans le traitement cosmétique des peaux grasses ou mixtes, d'une
composition comprenant, dans un milieu physiologiquement acceptable, au moins un
copolymère de vinylpyrrolidone et d'un alcène en C10-C40</claim-text>
    </claim>
    <claim num="13">
      <claim-text>Utilisation selon la revendication 12, caractérisée en ce que la composition renferme en
outre au moins un actif choisi parmi : les vitamines B3 et B5 ; les sels de zinc, et en
particulier l'oxyde de zinc et le gluconate de zinc ; l'acide salicylique et ses dérivés tels que
l'acide n-octanoyl-5-salicylique; le triclosan; la capryloylglycine; un extrait de clou de
girofle ; l'octopirox ; l'hexamidine ; et l'acide azélaïque et ses dérivés.</claim-text>
    </claim>
    <claim num="14">
      <claim-text>Utilisation selon la revendication 13, caractérisée en ce que ladite composition est sous la
forme d'une émulsion huile-dans-eau.</claim-text>
    </claim>
    <claim num="15">
      <claim-text>Utilisation, dans le traitement cosmétique des signes cutanés du vieillissement et/ou de la
fatigue, d'une composition comprenant, dans un milieu physiologiquement acceptable, au
moins un copolymère tel que défini à la revendication 9.</claim-text>
    </claim>
    <claim num="16">
      <claim-text>Utilisation selon la revendication 15, caractérisée en ce que ladite composition renferme
en outre au moins un composé choisi parmi : les extraits de plantes veinotoniques ; les
vitamines ; les bases xanthiques ; les charges ; et les agents dépigmentants.</claim-text>
    </claim>
    <claim num="17">
      <claim-text>Utilisation selon la revendication 16, caractérisé en ce que les extraits de plantes
veinotoniques sont choisis parmi les extraits de petit houx et/ou de marron d'Inde.</claim-text>
    </claim>
    <claim num="18">
      <claim-text>Utilisation selon la revendication 16, caractérisé en ce que les vitamines sont choisies
parmi les vitamines A, K, E, B5 et/ou C.</claim-text>
    </claim>
    <claim num="19">
      <claim-text>Utilisation selon la revendication 16, caractérisé en ce que la base xanthique est la
caféine.</claim-text>
    </claim>
    <claim num="20">
      <claim-text>Utilisation selon la revendication 16, caractérisé en ce que les charges sont choisies
parmi la silice, le mica, et le dioxyde de titane.</claim-text>
    </claim>
    <claim num="21">
      <claim-text>Utilisation selon la revendication 16, caractérisé en ce que les agents dépigmentants sont
choisis parmi les extraits de scutellaire, de mûrier, de réglisse et/ou de camomille.</claim-text>
    </claim>
    <claim num="22">
      <claim-text>Procédé cosmétique pour matifier la peau et/ou matifier les lèvres et/ou camoufler les
cernes et/ou les rides et ridules et/ou les pores de la peau, comprenant l'application topique
sur la peau ou les lèvres d'une composition renfermant, dans un milieu physiologiquement
acceptable, au moins un copolymère de vinylpyrrolidone et d'un alcène en C10-C40.</claim-text>
    </claim>
  </claims>
  <copyright>User acknowledges that the Information Retrieval Facility (IRF) and its third party providers retain all right, title and interest in and to this xml under applicable copyright laws. User acquires no ownership rights to this xml including but not limited to its format. User hereby accepts the terms and conditions of the Licence Agreement set forth at http://www.ir-facility.org/legal/marec/data_licence</copyright>
</patent-document>
