<?xml version="1.0" encoding="utf-8"?>
<!DOCTYPE patent-document PUBLIC "-//MXW//DTD patent-document XML//EN" "http://www.ir-facility.org/dtds/patents/v1.4/patent-document.dtd">
<patent-document ucid="EP-1239296-A2" country="EP" doc-number="1239296" kind="A2" lang="DE" family-id="7677064" status="new" date-produced="20090516" date="20020911">
  <bibliographic-data>
    <publication-reference ucid="EP-1239296-A2" status="new" fvid="23536050">
      <document-id status="new" format="original">
        <country>EP</country>
        <doc-number>1239296</doc-number>
        <kind>A2</kind>
        <date>20020911</date>
      </document-id>
    </publication-reference>
    <application-reference ucid="EP-02004170-A" status="new" is-representative="NO">
      <document-id status="new" format="epo">
        <country>EP</country>
        <doc-number>02004170</doc-number>
        <kind>A</kind>
        <date>20020226</date>
      </document-id>
    </application-reference>
    <priority-claims status="new">
      <priority-claim ucid="DE-10111672-A" status="new">
        <document-id status="new" format="epo">
          <country>DE</country>
          <doc-number>10111672</doc-number>
          <kind>A</kind>
          <date>20010309</date>
        </document-id>
      </priority-claim>
    </priority-claims>
    <technical-data status="new">
      <classifications-ipcr>
        <classification-ipcr status="new">G01R  33/30        20060101A I20051008RMEP        </classification-ipcr>
        <classification-ipcr status="new">G01R  33/30        20060101C I20051008RMEP        </classification-ipcr>
      </classifications-ipcr>
      <classification-ecla status="new">
        <classification-symbol scheme="EC">G01R  33/30</classification-symbol>
      </classification-ecla>
      <invention-title load-source="ep" status="new" lang="DE">Vorrichtung zur genauen Zentrierung eines NMR-Probengläschens</invention-title>
      <invention-title load-source="ep" status="new" lang="EN">Device for accurately centering an NMR sample tube</invention-title>
      <invention-title load-source="ep" status="new" lang="FR">Dispositif pour le centrage précis d'un tube à échantillon pour la RMN</invention-title>
    </technical-data>
    <parties>
      <applicants>
        <applicant status="new" format="epo">
          <addressbook>
            <last-name>BRUKER BIOSPIN AG</last-name>
            <address>
              <country>CH</country>
            </address>
          </addressbook>
        </applicant>
        <applicant status="new" format="intermediate">
          <addressbook>
            <last-name>BRUKER BIOSPIN AG</last-name>
          </addressbook>
        </applicant>
        <applicant status="new" format="original">
          <addressbook>
            <last-name>Bruker BioSpin AG</last-name>
            <address>
              <street>Industriestrasse 26</street>
              <city>8117 Fällanden</city>
              <country>CH</country>
            </address>
          </addressbook>
        </applicant>
      </applicants>
      <inventors>
        <inventor status="new" format="epo">
          <addressbook>
            <last-name>MAREK DANIEL</last-name>
            <address>
              <country>CH</country>
            </address>
          </addressbook>
        </inventor>
        <inventor status="new" format="epo">
          <addressbook>
            <last-name>SEYDOUX ROBERTO</last-name>
            <address>
              <country>CH</country>
            </address>
          </addressbook>
        </inventor>
        <inventor status="new" format="epo">
          <addressbook>
            <last-name>WARDEN MICHAEL</last-name>
            <address>
              <country>CH</country>
            </address>
          </addressbook>
        </inventor>
        <inventor status="new" format="intermediate">
          <addressbook>
            <last-name>MAREK, DANIEL</last-name>
          </addressbook>
        </inventor>
        <inventor status="new" format="intermediate">
          <addressbook>
            <last-name>SEYDOUX, ROBERTO</last-name>
          </addressbook>
        </inventor>
        <inventor status="new" format="intermediate">
          <addressbook>
            <last-name>WARDEN, MICHAEL</last-name>
          </addressbook>
        </inventor>
        <inventor status="new" format="original">
          <addressbook>
            <last-name>MAREK, DANIEL</last-name>
            <address>
              <street>Marchsteinweg 2</street>
              <city>5103 Möriken</city>
              <country>CH</country>
            </address>
          </addressbook>
        </inventor>
        <inventor status="new" format="original">
          <addressbook>
            <last-name>SEYDOUX, ROBERTO</last-name>
            <address>
              <street>Grindelstrasse 7</street>
              <city>8604 Volketswill</city>
              <country>CH</country>
            </address>
          </addressbook>
        </inventor>
        <inventor status="new" format="original">
          <addressbook>
            <last-name>WARDEN, MICHAEL</last-name>
            <address>
              <street>Geerenstrasse 1a</street>
              <city>8118 Pfaffhausen</city>
              <country>CH</country>
            </address>
          </addressbook>
        </inventor>
      </inventors>
      <agents>
        <agent status="new" format="original">
          <addressbook>
            <last-name>KOHLER SCHMID + PARTNER</last-name>
            <address>
              <street>Patentanwälte GbR, Ruppmannstrasse 27</street>
              <city>70565 Stuttgart</city>
              <country>DE</country>
            </address>
          </addressbook>
        </agent>
      </agents>
    </parties>
    <international-convention-data>
      <designated-states>
        <ep-contracting-states>
          <country>CH</country>
          <country>DE</country>
          <country>FR</country>
          <country>GB</country>
          <country>LI</country>
        </ep-contracting-states>
      </designated-states>
    </international-convention-data>
  </bibliographic-data>
  <abstract load-source="ep" status="new" lang="DE">
    <p>Eine Vorrichtung zur Zentrierung eines mit einer Messsubstanz gefüllten
länglichen Probenröhrchens (8) relativ zur Vertikalachse eines NMR-Empfangspulensystems
(9), das in einer Trägervorrichtung starr
befestigt ist, zeichnet sich dadurch aus, dass mindestens zwei in axialer
Richtung der Empfangsspulenachse voneinander beabstandete,
ausschließlich in radialer Richtung auf das Probenröhrchen wirkende
Zentrierungseinrichtungen (13, 14) vorgesehen sind, von denen eine
oberhalb und die andere unterhalb des NMR-Empfangsspulensystems
angeordnet ist, sowie mindestens eine ausschließlich in axialer Richtung
auf Probenröhrchen wirkende Positionierungseinrichtung (16; 17), die
sich entweder unterhalb oder oberhalb des NMR-Empfangsspulensystems
befinden kann, wobei die ausschließlich radial wirkenden
Zentrierungseinrichtungen mit der Trägervorrichtung zur Befestigung
des NMR-Empfangsspulensystems starr verbunden sind. Auf diese
Weise kann mit einfachen technischen Mitteln die Zentrierungsgenauigkeit
gegenüber bekannten Vorrichtungen erheblich gesteigert
werden, um dadurch auch für Probengläschen in Form von Messkapillaren,
bei denen die Anforderung an die Güte der Zentrierung am
größten ist, optimale Resultate zu erreichen.
<img id="img-00000001" orientation="unknown" wi="77" img-format="tif" img-content="ad" file="00000001.tif" inline="no" he="122"/></p>
  </abstract>
  <abstract load-source="docdb" source="EPO" status="new" lang="EN">
    <p>Device for centering a sample tube (8) relative to the vertical axis of a NMR coil receiver system (9) that is itself rigidly mounted in a carrier device. Device comprises two centering device (13, 14) arranged above and below the NMR coil system. At least one positioning device (16), mounted either above or below the coil system, is used to axially fix the positioning device.</p>
  </abstract>
  <description load-source="ep" status="new" lang="DE">
    <p num="0001">Die Erfindung betrifft eine Vorrichtung zur Zentrierung eines mit einer
Messsubstanz gefüllten länglichen Probenröhrchens relativ zur Vertikalachse
eines Kernspinresonanz (=NMR)-Empfangspulensystems, das in einer
Trägervorrichtung starr befestigt ist. </p>
    <p num="0002">Eine solche Vorrichtung ist bekannt aus der Firmenbroschüre "High Resolution
NMR, Probeheads" der Bruker-Gruppe aus dem Jahr 1995.</p>
    <p num="0003">In der NMR-Spektroskopie ist die exakte Zentrierung eines Probenröhrchens in
Bezug auf die Sende- und Empfangsspule eine wichtige Voraussetzung, um eine
möglichst hohe Empfindlichkeit des Spektrometers zu erreichen. Insbesondere
muss die radiale Zentrierung besonders exakt erfolgen, da zur Erreichung eines
möglichst hohen Füllfaktors, der Abstand zwischen der Empfangsspule und dem
Probenröhrchen so klein wie möglich sein sollte. Bei immer kleiner werdenden
Probenröhrchen muss der Abstand zwischen Empfangsspule und
Probenröhrchen linear kleiner werden, um denselben Füllfaktor beizubehalten,
und die Anforderungen an die radiale Positionierungsgenauigkeit steigen deshalb
ebenfalls linear an. Im Grenzfall, wenn das Probenröhrchen aus einer
sogenannten Messkapillare besteht, sind deshalb die Anforderungen an die
Genauigkeit der radialen Zentrierung ganz besonders hoch. Solche
Messkapillaren werden vorwiegend dann verwendet, wenn die zur Verfügung
stehende Menge an Messsubstanz sehr gering ist.</p>
    <p num="0004">Bekannt sind Zentriervorrichtungen, die je nach Auslegung in verschiedene
Genauigkeitsstufen eingeteilt werden können:</p>
    <p num="0005">Die Genauigkeitsstufe 1 stellt die niedrigste Stufe bezüglich Genauigkeit der
Zentrierung dar. Bekannt beispielsweise durch die eingangs zitierte
Firmenbroschüre der Bruker AG ist eine Anordnung, wie sie in Fig. 1 dargestellt
ist, wo das Probenröhrchen 8 in den Rotor 7a einer Luftturbine (= Spinner)
gesteckt wird, und dieser Spinner auf der konischen Führungsfläche des Stators
2a der Luftturbine, die sich oberhalb der Empfangsspule 9 befindet, axial und
radial zentriert wird. Der Stator mit seiner konischen Führungsfläche steht nicht
in direkter mechanischer Verbindung mit der Empfangsspule, sondern ist über
den unteren Trägerteil 3, anschließend über den unteren Teil des Probenkopfes 
4 und schließlich über den oberen Teil 5 des Probenkopfes mit der oberen und
unteren Befestigung 11, 12 des Trägerröhrchens 10 der Empfangsspule 9
verbunden. Die Position des Probenröhrchens in Bezug zur Empfangsspule ist
somit von sehr vielen Einzelteilen mit verschiedenen mechanischen Toleranzen
abhängig, die sich im schlimmsten Fall addieren können und dadurch die
Genauigkeit und Reproduzierbarkeit der Zentrierung verschlechtern.</p>
    <p num="0006">Insbesondere muss erwähnt werden, dass die Distanz zwischen der konischen
Führungsfläche und der Empfangsspule relativ groß ist. Dies hat zur Folge, dass
kleinste Winkelfehler in der Ausrichtung der Achse der konischen Führungsfläche
einen großen Einfluss auf die Position des Probenröhrchens am Ort der
Empfangspule haben. Dieser Einfluss ist umso größer, je größer die Distanz
zwischen konischer Führungsfläche und Empfangsspule ist.</p>
    <p num="0007">Eine Vorrichtung mit der nächsthöheren Genauigkeitsstufe 2 ist in Fig. 2
dargestellt. Sie erlaubt eine gegenüber der Vorrichtung nach Fig. 1 genauere
Zentrierung des Probenröhrchens. Das Probenröhrchen steckt auch hier in
einem Spinner 7a, der durch die konische Führungsfläche des Stators 2b einer
Luftturbine, die sich oberhalb der Empfangsspule 9 befindet, in axialer und
radialer Richtung positioniert wird. Im Gegensatz zur Anordnung von Fig. 1 ist
jedoch hier der Stator mit seiner konischen Führungsfläche direkt am oberen Teil
5 des Probenkopfes befestigt. Dadurch ist die konische Führungsfläche über
weniger Zwischenteile mit der Empfangsspule verbunden, und damit sind
weniger mechanische Toleranzen vorhanden, die sich addieren können. Die
Distanz zwischen der konischen Führungsfläche und der Empfangsspule ist
jedoch wie in Fig. 1 immer noch groß, so dass Winkelfehler in der Ausrichtung
der konischen Führungsfläche auch in diesem Fall zu großen
Positionierungsfehlern führen können.</p>
    <p num="0008">Eine Vorrichtung mit der noch höheren Genauigkeitsstufe 3 ist in der noch
unveröffentlichten deutschen Patentanmeldung mit dem amtlichen Aktenzeichen 
100 06 324.1-33 beschrieben. Das Probenröhrchen steckt auch hier in einem
Spinner, der durch die konische Führungsfläche des Stators einer Luftturbine, die
sich oberhalb der Empfangsspule befindet, in axialer und radialer Richtung
positioniert wird. Die konische Führungsfläche ist ähnlich wie in Fig. 1 nicht
direkt mit dem oberen Teil des Probenkopfes verbunden, sondern über diverse
Trägerteile. Als wichtiges zusätzliches Merkmal besitzt die Vorrichtung jedoch
eine zweite radiale Zentrierung, die unmittelbar unterhalb der Empfangsspule
angebracht ist. Dadurch lässt sich der Einfluss des Winkelfehlers der konischen
Führungsfläche praktisch vollständig beheben, trotz der Tatsache, dass die
Distanz zwischen konischer Führungsfläche und Empfangsspule ähnlich groß ist
wie in den Anordnungen von Fig.1 und Fig. 2.</p>
    <p num="0009">Aufgabe der vorliegenden Erfindung ist es demgegenüber, mit möglichst
einfachen technischen Mitteln die Zentrierungsgenauigkeit gegenüber den oben
beschriebenen bekannten Vorrichtungen noch weiter zu steigern, um dadurch
auch für Probengläschen in Form von Messkapillaren, bei denen die Anforderung
an die Güte der Zentrierung am größten ist, optimale Resultate zu erreichen.</p>
    <p num="0010">Erfindungsgemäß wird diese Aufgabe auf ebenso überraschend einfache wie
wirkungsvolle Weise dadurch gelöst, dass mindestens zwei in axialer Richtung
der Empfangsspulenachse voneinander beabstandete, ausschließlich in radialer
Richtung auf das Probenröhrchen wirkende Zentrierungseinrichtungen
vorgesehen sind, von denen eine oberhalb und die andere unterhalb der
Empfangsspule angeordnet ist, sowie mindestens eine ausschließlich in axialer
Richtung auf Probenröhrchen wirkende Positionierungseinrichtung, die sich
entweder unterhalb oder oberhalb der NMR-Empfangsspule befinden kann,
wobei die ausschließlich radial wirkenden Zentrierungseinrichtungen mit der
Trägervorrichtung zur Befestigung der Empfangsspule starr verbunden sind.</p>
    <p num="0011">Durch die beiden axial voneinander beabstandeten und ausschließlich radial
wirkenden Zentrierungseinrichtungen kann eine optimale radiale Zentrierung des 
Probenröhrchens auch dann sichergestellt werden, wenn dieses einen sehr
geringen Durchmesser aufweist, wie das bei üblichen Messkapillaren der Fall ist,
die bei sehr geringen zu untersuchenden Substanzmengen eingesetzt werden.
Die erfindungsgemäß vorgesehene starre mechanische Verbindung zwischen
den beiden radial wirkenden Zentrierungseinrichtungen und einer
Trägervorrichtung, mit der das NMR-Empfangsspulensystem seinerseits starr
verbunden ist, stellt sicher, dass die radiale Zentrierung des Probenröhrchens
zwangsläufig relativ zum NMR-Empfangsspulensystem erfolgt. Zusätzlich und
unabhängig davon ist dann auch noch eine axiale Zentrierung vorgesehen.
Damit kann insgesamt eine sehr hohe Genauigkeit der Zentrierung gewährleistet
werden. Andererseits ist durch die Trennung der einzelnen Zentrierfunktionen ein
besonders hoher Freiheitsgrad für die geometrische Ausgestaltung der gesamten
Zentriervorrichtung vorhanden, so dass die Zentrierung geometrisch so nah wie
möglich am Empfangsspulensystem bewirkt werden kann.</p>
    <p num="0012">Eine besonders einfache Ausführungsform der erfindungsgemäßen Vorrichtung
zeichnet sich dadurch aus, dass die ausschließlich in axialer Richtung auf
Probenröhrchen wirkende Positionierungseinrichtung unterhalb des NMR-Empfangsspulensystems
angeordnet ist und ein Anschlagteil umfasst, auf
welchem das Probenröhrchen in Betriebsposition aufsitzt. Dadurch kann die
axiale Zentrierung des Probenröhrchens technisch besonders unaufwändig, aber
dennoch präzise gestaltet werden.</p>
    <p num="0013">Alternativ dazu sieht eine weitere bevorzugte Ausführungsform der
erfindungsgemäßen Vorrichtung vor, dass die ausschließlich in axialer Richtung
auf Probenröhrchen wirkende Positionierungseinrichtung oberhalb des NMR-Empfangsspulensystems
angeordnet ist und eine manschettenartig und
verrutschsicher radial um das Probenröhrchen herum angebrachte
Befestigungshülse umfasst, die in Betriebsposition des Probenröhrchens mit
einer horizontalen Abschlussfläche auf einer oberhalb des NMR-Empfangsspulensystems
angeordneten horizontalen Anschlagfläche eben 
aufliegt. Diese Ausführungsform ist zwar technisch etwas aufwändiger als die
zuvor beschriebene, dafür ermöglicht sie aber eine wesentlich einfachere
Handhabung des Systems im Betrieb.</p>
    <p num="0014">Bei einer besonders vorteilhaften Weiterbildung dieser Ausführungsform ist die
Anschlagfläche für die Befestigungshülse im Bodenbereich auf der Innenseite
eines Rotors vorgesehen, der Teil einer Luftturbine zur Positionierung und
wahlweise zur Rotation des Probenröhrchens ist und eine zentrische axiale
Innenbohrung mit einem größeren Durchmesser als dem Außendurchmesser der
Befestigungshülse aufweist. Die Außenmaße der Luftturbine können ohne
weiteres mit denen von konventionell nach dem Stand der Technik eingesetzten
Spinnern übereinstimmen, so dass das System an bereits vorhandene
Pneumatikeinrichtungen automatisch angepasst ist und keine Änderungen
dieses Teils der Apparatur erforderlich werden.</p>
    <p num="0015">Die Befestigungshülse bei diesen Ausführungsformen kann durch erhöhten
Reibungskontakt verrutschsicher am Probenröhrchen angebracht sein. Es kann
aber auch eine feste Verbindung mit dem Probenröhrchen, insbesondere eine
Verklebung oder Verschweißung vorgesehen sein, so dass ein Verrutschen der
Befestigungshülse beim Auftreffen mit ihrer horizontalen Abschlussfläche auf die
entsprechende Anschlagfläche absolut ausgeschlossen werden kann.</p>
    <p num="0016">Besonders bevorzugt ist eine Ausführungsform der erfindungsgemäßen
Vorrichtung, bei der die beiden ausschließlich in radialer Richtung auf das
Probenröhrchen wirkenden Zentrierungseinrichtungen mittels in Umfangsrichtung
um das Probenröhrchen in dessen Betriebsposition angeordneten, axial
ausgedehnten Trägerstangen starr miteinander verbunden sind. Auf diese Weise
lässt sich mit technisch extrem einfachen Mitteln und minimalem
Materialaufwand eine starre Verbindung zwischen den beiden radial wirkenden 
Zentrierungseinrichtungen sicherstellen, die die Genauigkeit der Zentrierung des
Probenröhrchens noch weiter erhöht.</p>
    <p num="0017">Vorzugsweise sind die Trägerstangen symmetrisch um das Probenröhrchen
herum angeordnet, was ebenfalls der Genauigkeit der Zentrierung zugute
kommt.</p>
    <p num="0018">Besonders bevorzugt sind genau drei Trägerstangen vorgesehen, was einerseits
für die mechanische Stabilität der starren Verbindung zwischen den beiden
radialen Zentrierungseinrichtungen gerade ausreicht, andererseits viel Spielraum
für die Montage des NMR-Empfangsspulensystems schafft.</p>
    <p num="0019">Die Trägerstangen sollten in jedem Falle aus einem Material gefertigt sein, das
keinen Einfluss auf die NMR-Messungen ausübt. Vorteilhafterweise kann für die
Trägerstangen Keramik-, Glas- oder Quarzmaterial verwendet werden.</p>
    <p num="0020">Ganz besonders bevorzugt ist eine Weiterbildung der oben beschriebenen
Ausführungsformen, bei der das NMR-Empfangspulensystem ebenfalls starr an
den Trägerstangen befestigt ist. Auf diese Weise kann mit den einfachsten
technischen Mitteln und geringstmöglichem Materialeinsatz die erfindungsgemäß
geforderte starre Verbindung zwischen dem NMR-Empfangsspulensystem und
den beiden radial wirkenden Zentrierungseinrichtungen einerseits und die
bevorzugte starre Verbindung zwischen den beiden radialen
Zentrierungseinrichtungen untereinander andererseits durch eine einzige
Befestigungsvorrichtung, nämlich die oben beschriebenen Trägerstangen bewirkt
werden, was für die Genauigkeit der Zentrierung optimal ist. </p>
    <p num="0021">Um einen möglichst großen Füllfaktor erreichen zu können, ist bei einer
Weiterbildung der oben beschriebenen Ausführungsformen vorgesehen, dass die
Trägerstangen radial um das NMR-Empfangspulensystem herum angeordnet
sind und das NMR-Empfangsspulensystem auf der Innenseite dieser
Trägerstangen befestigt werden kann.</p>
    <p num="0022">Weitere Vorteile der Erfindung ergeben sich aus der Beschreibung und der
Zeichnung. Ebenso können die vorstehend genannten und die noch weiter
ausgeführten Merkmale erfindungsgemäß jeweils einzeln für sich oder zu
mehreren in beliebigen Kombinationen Verwendung finden. Die gezeigten und
beschriebenen Ausführungsformen sind nicht als abschließende Aufzählung zu
verstehen, sondern haben vielmehr beispielhaften Charakter für die Schilderung
der Erfindung.</p>
    <p num="0023">Die Erfindung ist in der Zeichnung dargestellt und wird anhand von
Ausführungsbeispielen näher erläutert. Es zeigen:
<dl tsize="7"><dt>Fig. 1</dt><dd>einen schematischen Vertikalschnitt durch einen NMR-Probenkopf nach
dem Stand der Technik mit Genauigkeitsstufe 1 der Zentrierung des
Probenröhrchens;</dd><dt>Fig. 2</dt><dd>einen schematischen Vertikalschnitt durch einen NMR-Probenkopf nach
dem Stand der Technik mit Genauigkeitsstufe 2 der Zentrierung des
Probenröhrchens;</dd><dt>Fig. 3</dt><dd>einen schematischen Vertikalschnitt durch einen NMR-Probenkopf mit
erfindungsgemäßer Zentriervorrichtung ohne Spinner und mit unterem
axialen Anschlag des Probenröhrchens; </dd><dt>Fig. 4</dt><dd>einen schematischen Vertikalschnitt durch einen NMR-Probenkopf mit
erfindungsgemäßer Zentriervorrichtung mit erfindungsgemäß
modifiziertem Spinner und Befestigungshülse zur axialen Positionierung
des Probenröhrchens;</dd><dt>Fig. 5a</dt><dd>den Bereich um die NMR-Empfangsspule einer Vorrichtung nach Fig. 3
oder Fig. 4 in größerem Detail; und</dd><dt>Fig. 5b</dt><dd>eine Horizontalschnitt längs der Linie A - A in Fig. 5a.</dd></dl></p>
    <p num="0024">In der erfindungsgemäßen Vorrichtung wird das Probenröhrchen unmittelbar
oberhalb und unterhalb der Empfangsspule mit Hilfe der beiden
Zentriervorrichtungen 13 und 14 rein radial zentriert (Fig. 3). Da diese
Zentrierung so nahe wie möglich bei der Empfangsspule 9 und mit möglichst
wenig Zwischenteilen erfolgt, ist eine hohe Genauigkeit der Zentrierung
gewährleistet. Wie nahe diese Zentrierung bei der Empfangsspule angebracht
werden kann, hängt vom Einfluss der Suszeptibilät der verwendeten Materialien
auf die NMR-Auflösung ab, was experimentell bestimmt werden muss.</p>
    <p num="0025">Die axiale Positionierung erfolgt getrennt, entweder unterhalb der
Empfangsspule 9 mit Hilfe eines Anschlagteils 16, wie in dem
Ausführungsbeispiel nach Fig. 3 gezeigt ist, oder oberhalb der Empfangsspule 9,
vorzugsweise innerhalb eines modifizierten Spinners 7b, mit Hilfe einer
Befestigungshülse 17, wie in Fig. 4 dargestellt.</p>
    <p num="0026">Da mit der erfindungsgemäßen Vorrichtung eine hohe radiale Zentriergenauigkeit
erreicht wird, kann zudem die Empfangsspule 9 im Innern ihrer Trägervorrichtung
befestigt werden, d.h. unmittelbar um das Probenröhrchen 8 herum mit einem
sehr geringen Abstand zueinander, wodurch der erreichbare Füllfaktor sehr hoch 
wird. Dies ist in den Figuren 5a und 5b näher gezeigt. Voraussetzung für eine
solche Anordnung ist jedoch die hohe radiale Zentriergenauigkeit, die eine
Beschädigung der Empfangsspule 9 beim Einführen des Probenröhrchens 8
verhindert.</p>
    <p num="0027">Die Figuren 5a und 5b zeigen, wie die Empfangsspule 9 innen an den drei
Trägerstangen 15a, 15b und 15c befestigt ist, wie die Trägerstangen durch die
beiden radial wirkenden Zentriervorrichtungen 13 und 14 gehalten sind, und wie
die beiden Zentriervorrichtungen 13 und 14 das Probenröhrchen 8 leicht
berühren und dadurch eine radiale Zentrierung unmittelbar oberhalb und
unterhalb der Empfangsspule 9 erzeugen.</p>
    <p num="0028">Fig. 3 zeigt eine Variante der erfindungsgemäßen Vorrichtung, bei der die axiale
Positionierung des Probenröhrchens unterhalb der Empfangsspule 9 erfolgt, und
zwar mit Hilfe des Anschlagteils 16. Diese Variante besitzt den Vorteil, sehr
einfach zu sein, hat jedoch den Nachteil, dass die Einführung des
Probenröhrchens 8 nicht einfach ist. Von oben ist die Einführung nur mit einer
Hilfsvorrichtung möglich, da das Führungsrohr 1b des Spinners relativ lang ist.
Es besteht aber auch die Möglichkeit, dass der Probenkopf 4, 5 zuerst durch
lösen der Schrauben 6a, 6b entfernt, das Probenröhrchen 8 anschließend in den
Probenkopf gesteckt, und zum Schluss der Probenkopf wieder mit den
Schrauben 6a, 6b montiert wird.</p>
    <p num="0029">Fig. 4 zeigt eine axiale Positionierung des Probenröhrchens 8 mit Hilfe eines
leicht modifizierten Spinners, der sich oberhalb der Empfangsspule 9 befindet.
Es ist eine etwas aufwändigere Lösung, die aber sehr wichtige Vorteile besitzt,
wie unten näher erläutert wird. Das Probenröhrchen 8 wird zuerst straff in eine
Befestigungshülse 17 gesteckt, die sogar permanent mit dem Probenröhrchen 8
verklebt oder verschweißt sein darf. </p>
    <p num="0030">Der Spinner 7b enthält im oberen Bereich eine vergrößerte Bohrung, in der die
Befestigungshülse 17 lose, d.h. mit genügend Spielraum in radialer Richtung,
Platz hat. Die Verengung im unteren Bereich des Spinners, auf deren
Anschlagfläche 18 die Befestigungshülse 17 zum Aufliegen kommt, erzeugt die
axiale Zentrierung.</p>
    <p num="0031">Der Spinner 7b, dessen Außenmaße mit denen der konventionellen Spinner
übereinstimmen, ist an eine bestehende Pneumatik angepasst, mit der er, auf
einem Luftpolster liegend, von oben durch das Führungsrohr 1b nach unten, und
umgekehrt von unten wieder nach oben befördert werden kann. Da sich die
Befestigungshülse 17 innerhalb des Spinners 7b frei nach oben und in einem
beschränkteren Maß auch seitlich bewegen kann, besteht keine Gefahr mehr,
dass beim Hinunterfahren des Spinners die leicht zerbrechliche Messkapillare
auf den konischen Teil der oberen Zentriervorrichtung 13 aufprallt und dort,
durch das relativ große Gewicht des Spinners, zusätzliche Kräfte erfährt, die zu
ihrem Bruch führen können. Dadurch, dass keine feste Verbindung zwischen der
Befestigungshülse 17 und dem Spinner 7b besteht, kann die Messkapillare auf
den konischen Teil der Zentriervorrichtung 13 aufprallen und sich dort problemlos
zentrieren, während sich der Spinner 7b an ihr vorbei weiter nach unten bewegt,
ohne jedoch die Befestigungshülse 17 samt Messkapillare mitzureißen und
dadurch zusätzliche Kräfte auf die Messkapillare auszuüben.</p>
    <p num="0032">Es muss an dieser Stelle betont werden, dass früher sehr häufig Glasbrüche
entstanden, wenn die pneumatische Einrichtung benutzt wurde, um den Spinner
samt Messkapillare hinunterzufahren. Mit der erfindungsgemäßen Ausgestaltung
des Spinners 7b ist dieses Problem schlagartig verschwunden. </p>
    <heading>
      <b>Bezugszeichenliste</b>
    </heading>
    <p num="0033">
      <dl tsize="7">
        <dt>1a</dt>
        <dd>Oberer Trägerteil (Außenmantel)</dd>
        <dt>1 b</dt>
        <dd>Oberer Trägerteil (Führungsrohr für den Spinner)</dd>
        <dt>1 c</dt>
        <dd>Oberer Trägerteil (unterer Abschlussflansch)</dd>
        <dt>2a</dt>
        <dd>Stator der Luftturbine von Fig. 1, Fig. 3 und Fig. 4</dd>
        <dt>2b</dt>
        <dd>Stator der Luftturbine von Fig. 2</dd>
        <dt>3</dt>
        <dd>Unterer Trägerteil</dd>
        <dt>4</dt>
        <dd>Unterer Teil des Probenkopfes</dd>
        <dt>5</dt>
        <dd>Oberer Teil des Probenkopfes</dd>
        <dt>6a, b</dt>
        <dd>Befestigungsschrauben. Diese sind von Hand abschraubbar, damit der
Probenkopf leicht entfernt werden kann.</dd>
        <dt>7a</dt>
        <dd>Rotor (= Spinner) der Luftturbine von Fig. 1 und Fig. 2</dd>
        <dt>7b</dt>
        <dd>Rotor (= Spinner) der Luftturbine von Fig. 4. Diese erlaubt zugleich eine
reine axiale Positionierung des Probenröhrchens 8</dd>
        <dt>8</dt>
        <dd>Probenröhrchen</dd>
        <dt>9</dt>
        <dd>Empfangsspule (sattelförmig)</dd>
        <dt>10</dt>
        <dd>Trägerröhrchen der Empfangsspule</dd>
        <dt>11</dt>
        <dd>Oberer Befestigungsteil des Trägerröhrchens 10</dd>
        <dt>12</dt>
        <dd>Unterer Befestigungsteil des Trägerröhrchens 10</dd>
        <dt>13</dt>
        <dd>Obere radiale Zentriereinrichtung für das Probenröhrchen 8. Dient
zugleich auch als obere Befestigung der drei Trägerstangen,
15a, 15b und 15c der Empfangsspule 9.</dd>
        <dt>14</dt>
        <dd>Untere radiale Zentriereinrichtung für das Probenröhrchen 8. Dient
zugleich auch als untere Befestigung der drei Trägerstangen,
15a, 15b und 15c der Empfangsspule 9. </dd>
        <dt>15a,b,c</dt>
        <dd>Trägerstangen zur Befestigung der Empfangsspule 9</dd>
        <dt>16</dt>
        <dd>Anschlagteil zur axialen Positionierung des Probenröhrchens 8</dd>
        <dt>17</dt>
        <dd>Befestigungshülse des Probenröhrchens. Sie erlaubt eine axiale
Positionierung des Probenröhrchens im Spinner.</dd>
        <dt>18</dt>
        <dd>Anschlagfläche</dd>
      </dl>
    </p>
  </description>
  <claims load-source="ep" status="new" lang="DE">
    <claim num="1">
      <claim-text>Vorrichtung zur Zentrierung eines mit einer Messsubstanz gefüllten
länglichen Probenröhrchens (8) relativ zur Vertikalachse eines
Kernspinresonanz (=NMR)-Empfangspulensystems (9), das in einer
Trägervorrichtung starr befestigt ist,dadurch gekennzeichnet,
dass mindestens zwei in axialer Richtung der Empfangsspulenachse
voneinander beabstandete, ausschließlich in radialer Richtung auf
das Probenröhrchen (8) wirkende Zentrierungseinrichtungen (13, 14)
vorgesehen sind, von denen eine oberhalb und die andere unterhalb
des NMR-Empfangsspulensystems (9) angeordnet ist, sowie
mindestens eine ausschließlich in axialer Richtung auf Probenröhrchen
(8) wirkende Positionierungseinrichtung (16; 17), die sich
entweder unterhalb oder oberhalb des NMR-Empfangsspulensystems
(9) befinden kann, wobei die ausschließlich radial wirkenden
Zentrierungseinrichtungen (13, 14) mit der Trägervorrichtung zur
Befestigung des NMR-Empfangsspulensystems (9) starr verbunden
sind.</claim-text>
    </claim>
    <claim num="2">
      <claim-text>Vorrichtung nach Anspruch 1, dadurch gekennzeichnet, dass die
ausschließlich in axialer Richtung auf Probenröhrchen (8) wirkende
Positionierungseinrichtung unterhalb des NMR-Empfangsspulensystems
(9) angeordnet ist und ein Anschlagteil (16) umfasst, auf
welchem das Probenröhrchen (8) in Betriebsposition aufsitzt.</claim-text>
    </claim>
    <claim num="3">
      <claim-text>Vorrichtung nach Anspruch 1, dadurch gekennzeichnet, dass die
ausschließlich in axialer Richtung auf Probenröhrchen (8) wirkende
Positionierungseinrichtung oberhalb des NMR-Empfangsspulensystems
(9) angeordnet ist und eine manschettenartig und
verrrutschsicher radial um das Probenröhrchen (8) herum
angebrachte Befestigungshülse (17) umfasst, die in Betriebsposition
des Probenröhrchens (8) mit einer horizontalen Abschlussfläche auf
einer oberhalb des NMR-Empfangsspulensystems (9) angeordneten
horizontalen Anschlagfläche (18) eben aufliegt.</claim-text>
    </claim>
    <claim num="4">
      <claim-text>Vorrichtung nach Anspruch 3, dadurch gekennzeichnet, dass die
Anschlagfläche (18) für die Befestigungshülse (17) im Bodenbereich
auf der Innenseite eines Rotors (7b) vorgesehen ist, der Teil einer
Luftturbine zur Positionierung und wahlweise zur Rotation des
Probenröhrchens (8) ist und eine zentrische axiale Innenbohrung mit
einem größeren Durchmesser als dem Außendurchmesser der
Befestigungshülse (17) aufweist.</claim-text>
    </claim>
    <claim num="5">
      <claim-text>Vorrichtung nach einem der Ansprüche 3 oder 4, dadurch
gekennzeichnet, dass die Befestigungshülse (17) fest mit dem
Probenröhrchen (8) verbunden, insbesondere verklebt oder
verschweißt ist.</claim-text>
    </claim>
    <claim num="6">
      <claim-text>Vorrichtung nach einem der vorhergehenden Ansprüche, dadurch
gekennzeichnet, dass die beiden ausschließlich in radialer Richtung
auf das Probenröhrchen (8) wirkenden Zentrierungseinrichtungen
(13, 14) mittels in Umfangsrichtung um das Probenröhrchen (8) in
dessen Betriebsposition angeordneten, axial ausgedehnten
Trägerstangen (15a, 15b, 15c) starr miteinander verbunden sind.</claim-text>
    </claim>
    <claim num="7">
      <claim-text>Vorrichtung nach Anspruch 6, dadurch gekennzeichnet, dass die
Trägerstangen (15a, 15b, 15c) symmetrisch um das Probenröhrchen
(8) herum angeordnet sind.</claim-text>
    </claim>
    <claim num="8">
      <claim-text>Vorrichtung nach Anspruch 7, dadurch gekennzeichnet, dass drei
Trägerstangen (15a, 15b, 15c) vorgesehen sind.</claim-text>
    </claim>
    <claim num="9">
      <claim-text>Vorrichtung nach einem der Ansprüche 6 bis 8, dadurch
gekennzeichnet, dass die Trägerstangen (15a, 15b, 15c) aus
Keramik-, Glas- oder Quarzmaterial aufgebaut sind.</claim-text>
    </claim>
    <claim num="10">
      <claim-text>Vorrichtung nach einem der Ansprüche 6 bis 9, dadurch
gekennzeichnet, dass das NMR-Empfangspulensystem (9) ebenfalls
starr an den Trägerstangen (15a, 15b, 15c) befestigt ist.</claim-text>
    </claim>
    <claim num="11">
      <claim-text>Vorrichtung nach einem der Ansprüche 6 bis 10, dadurch
gekennzeichnet, dass die Trägerstangen (15a, 15b, 15c) radial um
das NMR-Empfangspulensystem (9) herum angeordnet sind.</claim-text>
    </claim>
  </claims>
  <copyright>User acknowledges that the Information Retrieval Facility (IRF) and its third party providers retain all right, title and interest in and to this xml under applicable copyright laws. User acquires no ownership rights to this xml including but not limited to its format. User hereby accepts the terms and conditions of the Licence Agreement set forth at http://www.ir-facility.org/legal/marec/data_licence</copyright>
</patent-document>
