<?xml version="1.0" encoding="utf-8"?>
<!DOCTYPE patent-document PUBLIC "-//MXW//DTD patent-document XML//EN" "http://www.ir-facility.org/dtds/patents/v1.4/patent-document.dtd">
<patent-document ucid="EP-1252813-A1" country="EP" doc-number="1252813" kind="A1" lang="DE" date="20021030" family-id="7682584" date-produced="20090516" status="new">
  <bibliographic-data>
    <publication-reference fvid="23588411" ucid="EP-1252813-A1" status="new">
      <document-id status="new" format="original">
        <country>EP</country>
        <doc-number>1252813</doc-number>
        <kind>A1</kind>
        <date>20021030</date>
      </document-id>
    </publication-reference>
    <application-reference ucid="EP-02007970-A" status="new" is-representative="NO">
      <document-id format="epo" status="new">
        <country>EP</country>
        <doc-number>02007970</doc-number>
        <kind>A</kind>
        <date>20020410</date>
      </document-id>
    </application-reference>
    <priority-claims status="new">
      <priority-claim ucid="DE-10120124-A" status="new">
        <document-id format="epo" status="new">
          <country>DE</country>
          <doc-number>10120124</doc-number>
          <kind>A</kind>
          <date>20010425</date>
        </document-id>
      </priority-claim>
    </priority-claims>
    <technical-data status="new">
      <classifications-ipcr>
        <classification-ipcr status="new">A01D  89/00        20060101A I20051008RMEP        </classification-ipcr>
        <classification-ipcr status="new">A01D  89/00        20060101C I20051008RMEP        </classification-ipcr>
        <classification-ipcr status="new">A01F  15/00        20060101C I20051008RMEP        </classification-ipcr>
        <classification-ipcr status="new">A01F  15/10        20060101A I20051008RMEP        </classification-ipcr>
      </classifications-ipcr>
      <classification-ecla status="new">
        <classification-symbol scheme="EC">A01D  89/00E2</classification-symbol>
        <classification-symbol scheme="EC">A01F  15/10C</classification-symbol>
      </classification-ecla>
      <invention-title lang="DE" load-source="ep" status="new">Landwirtschaftliche Erntemaschine</invention-title>
      <invention-title lang="EN" load-source="ep" status="new">Agricultural harvesting machine</invention-title>
      <invention-title lang="FR" load-source="ep" status="new">Machine de récolte agricole</invention-title>
    </technical-data>
    <parties>
      <applicants>
        <applicant format="epo" status="new">
          <addressbook>
            <name>KRONE BERNHARD GMBH MASCHF</name>
            <address>
              <country>DE</country>
            </address>
          </addressbook>
        </applicant>
        <applicant format="intermediate" status="new">
          <addressbook>
            <name>MASCHINENFABRIK BERNARD KRONE GMBH</name>
          </addressbook>
        </applicant>
        <applicant format="original" status="new">
          <addressbook>
            <last-name>Maschinenfabrik Bernard Krone GmbH</last-name>
            <address>
              <street>Heinrich-Krone-Strasse 10</street>
              <city>48480 Spelle</city>
              <country>DE</country>
            </address>
          </addressbook>
        </applicant>
      </applicants>
      <inventors>
        <inventor format="epo" status="new">
          <addressbook>
            <name>HORSTMANN JOSEF DR-ING</name>
            <address>
              <country>DE</country>
            </address>
          </addressbook>
        </inventor>
        <inventor format="epo" status="new">
          <addressbook>
            <name>KRONE BERNARD DR-ING E H</name>
            <address>
              <country>DE</country>
            </address>
          </addressbook>
        </inventor>
        <inventor format="intermediate" status="new">
          <addressbook>
            <name>HORSTMANN, JOSEF, DR.-ING.</name>
          </addressbook>
        </inventor>
        <inventor format="intermediate" status="new">
          <addressbook>
            <name>KRONE, BERNARD, DR.-ING. E.H.</name>
          </addressbook>
        </inventor>
        <inventor format="original" status="new">
          <addressbook>
            <last-name>HORSTMANN, JOSEF, DR.-ING.</last-name>
            <address>
              <street>Up de Gadde 72</street>
              <city>49479 Ibbenbüren</city>
              <country>DE</country>
            </address>
          </addressbook>
        </inventor>
        <inventor format="original" status="new">
          <addressbook>
            <last-name>KRONE, BERNARD, DR.-ING. E.H.</last-name>
            <address>
              <street>Bernard Krone Strasse 11</street>
              <city>48480 Spelle</city>
              <country>DE</country>
            </address>
          </addressbook>
        </inventor>
      </inventors>
    </parties>
    <international-convention-data>
      <designated-states>
        <ep-contracting-states>
          <country>AT</country>
          <country>BE</country>
          <country>CH</country>
          <country>CY</country>
          <country>DE</country>
          <country>DK</country>
          <country>ES</country>
          <country>FI</country>
          <country>FR</country>
          <country>GB</country>
          <country>GR</country>
          <country>IE</country>
          <country>IT</country>
          <country>LI</country>
          <country>LU</country>
          <country>MC</country>
          <country>NL</country>
          <country>PT</country>
          <country>SE</country>
          <country>TR</country>
        </ep-contracting-states>
      </designated-states>
    </international-convention-data>
  </bibliographic-data>
  <abstract lang="DE" load-source="ep" status="new">
    <p>Landwirtschaftliche Erntemaschine mit einer Aufnahmeeinrichtung (5) zur Aufnahme von auf
einer Feld- und Wiesenfläche liegendem Emtegut, mit einer mit Förderzinken (11) besetzten
Aufnahmetrommel (9) und einer sich in Flußrichtung des Erntegutes daran anschließenden
Förder- und/oder Schneideinrichtung sowie einem vor und/oder über der Aufnahmetrommel
(9) angebrachten, walzenförmig ausgebildeten Niederhalter (10) für das Erntegut, wobei zwischen
dem Niederhalter (10) und der Förder- und/oder Schneideinrichtung ein den Erntegutstrom
nach oben begrenzendes Leitorgan (18) vorgesehen ist, welches relativ zum Niederhalter
(10) bewegbar angelenkt ist.
<img file="00000001.tif" id="img-00000001" he="110" wi="163" img-format="tif" img-content="ad" orientation="unknown" inline="no"/></p>
  </abstract>
  <abstract lang="EN" source="EPO" load-source="docdb" status="new">
    <p>The harvesting machine, e.g. a forage harvester, has a pick-up with a spiked pick-up drum (9) and a support roller (10) mounted above it. A guide plate (18) is mounted between the support roller and later conveying or chopping sections of the machine.</p>
  </abstract>
  <description lang="DE" load-source="ep" status="new">
    <p num="0001">Die Erfindung bezieht sich auf eine landwirtschaftliche Erntemaschine mit einer Aufnahmeeinrichtung
zur Aufnahme von auf einer Feld- und Wiesenfläche liegendem Erntegut. Aufnahmeeinrichtungen
dieser Art sind in vielfältigen Ausführungsformen bekannt und werden
beispielsweise an Feldhäckslern, Ballenpressen, Ladewagen oder dgl. landwirtschaftlichen
Erntemaschinen eingesetzt. Derartige Aufnahmeeinrichtungen bestehen aus einer mit Förderzinken
besetzten Aufnahmetrommel, der zur Begrenzung der aufwärts gerichteten Bewegung
des Erntegutes bei der Aufnahme von der Feld- und Wiesenfläche und zur sicheren Weiterleitung
des Erntegutes zu nachfolgenden Förder- und/oder Schneideinrichtungen eine Niederhaltereinrichtung
zugeordnet ist.</p>
    <p num="0002">Aus der US 4 015 410 A ist eine Niederhaltereinrichtung bekannt geworden, welche aus einer
drehbaren Walze gebildet ist, die an um eine horizontale und quer zur Fahrtrichtung ausgerichteten
Achse schwenkbaren Tragarmen gelagert ist. Die Walze der Niederhaltereinrichtung
ist in Bezug zur Aufnahmetrommel so angeordnet, daß sie vor der Aufnahmetrommel auf das
aufzunehmende Schwad drückt und ein flaches Schwad formt, welches dann von der Aufnahmetrommel
aufgenommen werden kann. In dem Bereich zwischen der Walze und den
nachfolgenden Förder- und/oder Schneideinrichtungen kann sich das Schwad jedoch wieder
ausdehnen, so daß es dort zu Verstopfungen im Erntegutfluß kommt und eine störungsfreie
Zuführung des Erntegutes zu den nachfolgenden Förder- und/oder Schneideinrichtungen nicht
sichergestellt ist.</p>
    <p num="0003">Aufgabe der Erfindung ist es daher, eine landwirtschaftliche Erntemaschine mit einer mit einer
Niederhaltereinrichtung versehenen Aufnahmeeinrichtung derart weiterzubilden, daß sowohl
bei der Aufnahme von Erntegutschwaden von der Feld- und Wiesenfläche als auch bei
der Zuführung des Erntegutes zu nachfolgenden Förder- und/oder Schneideinrichtungen Störungen
im Erntegutfluß sicher vermieden werden und somit eine optimale Leistungsfähigkeit
der landwirtschaftlichen Erntemaschine gewährleistet ist. </p>
    <p num="0004">Zur Lösung der gestellten Aufgabe zeichnet sich die landwirtschaftliche Erntemaschine der
vorstehend genannten Art durch die im Anspruch 1 angegebenen Merkmale aus. Hinsichtlich
der weiteren Ausgestaltung der Erfindung wird auf die Ansprüche 2 bis 9 verwiesen.</p>
    <p num="0005">Durch die Verwendung der erfindungsgemäßen Merkmale wird eine landwirtschaftliche Erntemaschine
geschaffen, deren Aufnahmeeinrichtung sich in optimaler Weise zur Aufnahme
von auf einer Feld- und Wiesenfläche liegenden Erntegutschwaden eignet. Eine als Aufnahmetrommel
ausgebildete und mit Förderzinken versehene Aufnahmeeinrichtung ist dazu mit
einem walzenförmig ausgebildeten Niederhalter versehen, an dem sich in Flußrichtung des
Erntegutes ein den Gutstrom nach oben begrenzendes Leitorgan anschließt, welches relativ
zum Niederhalter bewegbar angelenkt ist. Gemäß der Erfindung ist es dabei vorgesehen, daß
der als Walze ausgeführte Niederhalter an um eine in etwa horizontal und quer zur Fahrt- und
Arbeitsrichtung der landwirtschaftlichen Erntemaschine ausgerichtete Achse schwenkbar an
Seitenteilen der Aufnahmetrommel angelenkten Tragarmen gelagert und in einem Bereich vor
und/oder oberhalb von der Aufnahmetrommel angeordnet ist. In dem Bereich zwischen dem
walzenförmigen Niederhalter und nachfolgenden Förder- und/oder Schneideinrichtungen ist
ein den Erntegutstrom nach oben begrenzendes Leitorgan vorgesehen, welches um eine in
etwa horizontale und quer zur Fahrt- und Arbeitsrichtung ausgerichtete Achse schwenkbar an
den Tragarmen des Niederhalters gehaltert ist. Daraus ergibt sich, daß das Leitorgan bei der
Anpassung an unterschiedliche Schwadhöhen bzw. Schwadstärken relativ zum Niederhalter
verschwenkbar ist und somit eine stetige und störungsfreie Zuführung des aufgenommenen
Erntegutschwades an die folgenden Förder- und/oder Schneideinrichtungen erreichbar ist.</p>
    <p num="0006">Nach der Erfindung kann zwischen zwei verschiedenen Ausführungsformen unterschieden
werden. Bei einer ersten Ausführungsform ist es vorgesehen, daß das Leitorgan in einem vorgegebenen
Schwenkbereich um die in etwa horizontal und quer zur Fahrt- und Arbeitsrichtung
ausgerichtete Achse in Bezug zum Niederhalter frei verschwenkbar ist. Das bedeutet,
daß unabhängig von der durch das Erntegutschwad vor der Aufnahmetrommel vorgegebenen
Höhe des Niederhalters eine Schwenkbewegung des Leitorganes und somit eine exakte Anpassung
beispielsweise an unregelmäßig geformte Erntegutschwaden möglich ist. Der vorgegebene
Schwenkbereich des Leitorganes kann beispielsweise durch eine Lasche begrenzt sein,
die einen unteren und einen oberen Endanschlag aufweist und mit einem Kopfelement einer
Schraubverbindung zusammenwirkt. Bei einer zweiten Ausführungsform kann es vorgesehen
sein, daß in Abhängigkeit von der durch das Erntegutschwad vor der Aufnahmetrommel vorgegebenen 
Höhe des Niederhalters die Schwenkbewegung des Leitorganes steuerbar ist. Hierzu
kann eine Lenkeranordnung dienen, welche sich beispielsweise zwischen dem Leitorgan
und Seitenteilen der Aufnahmetrommel erstreckt.</p>
    <p num="0007">In einer konstruktiv einfachen und kostengünstig herstellbaren Ausführungsform kann das
sich in Flußrichtung des Erntegutes an einen als frei drehbare oder angetriebene Walze ausgebildeten
Niederhalter anschließende Leitorgan als ein aus Zinken gebildetes Stabgitter ausgeführt
sein, bei dem die Zinken einenends in einem Querträger gehaltert sind. Zur Verbesserung
der Führungseigenschaften des Leitorganes bei kurzstengeligem Erntegut kann in einem
vorderen, an den Querträger angrenzenden Bereich ein geschlossenes Prallblech vorgesehen
sein.</p>
    <p num="0008">Eine detaillierte Beschreibung des Gegenstandes der Erfindung erfolgt nun anhand von Ausführungsbeispielen.
In der Zeichnung stellt im einzelnen dar:
<dl tsize="6"><dt>Fig.1:</dt><dd>eine Seitenansicht einer landwirtschaftlichen Erntemaschine mit einer erfindungsgemäßen
Aufnahmeeinrichtung;</dd><dt>Fig.2:</dt><dd>eine vergrößerte Seitenansicht der Aufnahmeeinrichtung gemäß Einzelheit X in Fig.1,
wobei sich der Niederhalter in einer unteren Stellung befindet;</dd><dt>Fig.3:</dt><dd>eine Ansicht ähnlich Fig.2, wobei sich der Niederhalter in einer durch ein Erntegutschwad
angehobenen Stellung befindet;</dd><dt>Fig.4:</dt><dd>eine Seitenansicht einer Aufnahmeeinrichtung ähnlich Fig.2 in einer zweiten Ausführungsform,
wobei sich der Niederhalter in einer unteren Stellung befindet;</dd><dt>Fig.5:</dt><dd>eine Ansicht ähnlich Fig.4, wobei sich der Niederhalter in einer durch ein Erntegutschwad
angehobenen Stellung befindet;</dd><dt>Fig.6:</dt><dd>eine Ansicht von einer Längsseite der Erntemaschine auf ein erfindungsgemäßes Leitorgan
der Aufnahmeeinrichtung nach Fig. 1 bis 3;</dd><dt>Fig.7:</dt><dd>eine Draufsicht auf das in Fig.6 dargestellte Leitorgan;</dd></dl></p>
    <p num="0009">Eine Ausführungsform einer landwirtschaftlichen Erntemaschine 1 ist in Fig. 1 in der Form
einer landwirtschaftlichen Rundballenpresse zum Aufnehmen und Pressen von Heu, Stroh,
angewelktem Gras oder dgl. landwirtschaftlichen Erntegut zu zylindrischen Ballen wiedergegeben.
Die Rundballenpresse stützt sich über Laufräder 2,3 gegenüber dem Erdboden ab und
kann mittels einer Deichsel 4 an einen nicht dargestellten, landwirtschaftlichen Ackerschlepper
oder dgl. Zugmaschine angehängt werden. Der Antrieb der Rundballenpresse erfolgt über
eine ebenfalls nicht dargestellte Gelenkwellenverbindung, die antriebsmäßig mit dem Ackerschlepper
zu koppeln ist. Die Rundballenpresse beinhaltet im wesentlichen eine Aufnahmeeinrichtung
5 sowie eine dieser nachgeschalteten Förder- und/oder Schneideinrichtung 6 und
einen eine Gutzuführöffnung 7 beinhaltenden und von Wickelelementen umfangseitig begrenzten
Wickelraum 8 zur Formung von zylindrischen Ballen mit unterschiedlichen Ballendurchmessern.
Der Erfindung können aber ebenso landwirtschaftliche Erntemaschinen in
Form von Ballenpressen zur Herstellung von Rechteckballen, Ladewagen oder Feldhäcksler
zugrunde gelegt werden.</p>
    <p num="0010">Wie weiterhin aus der Fig.1 zu entnehmen ist, umfaßt die Aufnahmeeinrichtung 5 eine Aufnahmetrommel
9, der ein Niederhalter 10 zugeordnet ist. Zur Aufnahme des Erntegutes von
der Feld- und Wiesenfläche ist die Aufnahmetrommel mit Förderzinken 11 bestückt, welche
um eine Drehachse 12 der Aufnahmetrommel 9 rotierend antreibbar sind. In einem Bereich
vor und/oder über der Aufnahmetrommel 10 befindet sich ein als Walze 13 ausgebildeter und
frei drehbar an Tragarmen 14,15 gelagerter Niederhalter 10, dessen Tragarme 14,15
schwenkbeweglich an Seitenteilen 16,17 der Aufnahmetrommel 9 gehaltert sind. In dem Bereich
zwischen dem Niederhalter 10 und der in Flußrichtung des Erntegutes nachfolgenden
Förder- und/oder Schneideinrichtung 6 ist ein den Erntegutstrom nach oben begrenzendes
Leitorgan 18 vorgesehen, welches in den Fig. 2 bis 5 in einer vergrößerten Darstellung näher
veranschaulicht ist.</p>
    <p num="0011">In Fig. 2 und 3 wird eine erste Ausführungsform einer Aufnahmeeinrichtung 5 gezeigt, bei
der das Leitorgan 18 in einem vorgegebenen Schwenkbereich um eine in etwa horizontal und
quer zur Fahrt- und Arbeitsrichtung F ausgerichtete Achse 19 in Bezug zum Niederhalter 10
frei verschwenkbar in Bohrungen der Tragarme 14,15 gelagert ist. Zur Begrenzung des
Schwenkbereiches des Leitorganes 18 ist diesem eine Lasche 20 zugeordnet, zwischen dessen
Endanschlägen 21,22 eine Freiraum 23 ausgebildet ist. Wie in den Fig. 2 und 3 veranschaulicht, 
befindet sich in diesem Freiraum 23 der Lasche 20 ein Kopfelement einer Befestigungsschraube
24, so daß nach einer Schwenkbewegung des Leitorganes 18 bei Anlage der Endanschläge
21,22 an dem Kopfelement der Befestigungsschraube 24 die Grenzen des Schwenkbereiches
des Leitorganes 18 erreicht sind. Zur Höheneinstellung des Niederhalters 10 und
zur Begrenzung des Schwenkweges während des praktischen Einsatzes ist an den Seitenteilen
16,17 der Aufnahmetrommel 9 über Schraubverbindungen 25 in einem Abstand zu den Seitenteilen
16,17 eine Lasche 26 angebracht, so daß die Tragarme 14,15 zwischen den Seitenteilen
16,17 und der Lasche 26 geführt werden. Zur Veränderung der Höheneinstellung des
Niederhalters 10 kann die untere Schraubverbindung 25 in einer der Bohrungen 27 eingesetzt
sein. Wie weiterhin aus den Fig. 2 und 3 hervorgeht, ist die Anordnung des Leitorganes 18 in
Bezug zum Niederhalter 10 so ausgeführt, daß der vordere Bereich des Leitorganes 18 keine
Staukante für den Erntegutstrom darstellt. In der gezeigten Ausführungsform liegen beispielsweise
die Achse 19 des Leitorganes 18, die Drehachse der Walze 13 des Niederhalters
10 und die Schwenkachse der Tragarme 14,15 in einer gemeinsamen Ebene. Diese konstruktiven
Merkmale hängen jedoch stark von der Baugröße der Walze 13 und des Leitorganes 18
ab, so daß hierbei sich durchaus auch andere Ausführungsformen als vorteilhaft erweisen
können.</p>
    <p num="0012">In den Fig. 4 und 5 ist eine zweite Ausführungsform der Aufnahmeeinrichtung dargestellt, bei
der die Schwenkbewegung des Leitorganes 18 in Abhängigkeit von der durch das Erntegutschwad
vorgegebenen Höhe des Niederhalters 10 steuerbar ist. Zur Steuerung des Leitorganes
18 ist hierbei eine Lenkeranordnung 28 vorgesehen, welche die Form eines kinematischen
Gelenkvierecks aufweist und aus einem der Tragarme 14,15 der Walze 13, eine dem Leitorgan
18 zugeordnete Lasche 29 sowie aus einem Lenker 30 gebildet ist, der sich an einer der
Seitenteile 16,17 der Aufnahmetrommel 9 abstützt.</p>
    <p num="0013">In einer konstruktiv einfachen und kostengünstig herstellbaren Ausführungsform gemäß Fig.
6 und 7 kann das sich in Flußrichtung des Erntegutes an einen als frei drehbare oder angetriebene
Walze 13 ausgebildeten Niederhalter 10 anschließende Leitorgan 18 als ein aus Zinken
31 gebildetes Stabgitter 32 ausgeführt sein, bei dem die Zinken 31 einenends in einem Querträger
33 gehaltert sind. Die Zinken 31 des Stabgitters 32 können sich dabei über die gesamte
Breite der Aufnahmetrommel 9 erstrecken oder wie in den Fig. 2 bis 5 wiedergegeben, über
einen Bereich erstrecken, welcher zwischen zwei die Breite eines Erntegutschwades verringernden
Einführschnecken 34,35 zur Zuführung des Erntegutes vorgesehen ist. </p>
    <p num="0014">Zur Verbesserung der Führungseigenschaften des Leitorganes bei kurzstengeligem Erntegut
kann in einem vorderen, an den Querträger 33 angrenzenden Bereich ein geschlossenes Prallblech
36 vorgesehen sein, das zur Befestigung an dem Stabgitter 32 des Leitorganes 18 beispielsweise
einenends mit Bohrungen versehen ist und auf die Zinken 31 aufgeschoben werden
kann, während anderenends zur Arretierung Klemmbügel 37 angebracht sind.</p>
    <p num="0015">Obwohl in der Beschreibung und in den dazugehörigen Zeichnungen bereits vorteilhafte Ausführungen
beschrieben wurden, so sind im Rahmen der Erfindung durchaus weitere Modifikationen
vorstellbar. So ist es beispielsweise vorstellbar, bei der Ausführungsform nach Fig. 2
und 3 die Andruck- bzw. Führungskraft des Leitorganes 18, die von oben auf das Erntegut
einwirkt, über geeignete Federelemente, wie Zug- oder Druckfedern veränderbar auszubilden.</p>
  </description>
  <claims lang="DE" load-source="ep" status="new">
    <claim num="1">
      <claim-text>Landwirtschaftliche Erntemaschine mit einer Aufnahmeeinrichtung (5) zur Aufnahme
von auf einer Feld- und Wiesenfläche liegendem Erntegut, mit einer mit Förderzinken
(11) besetzten Aufnahmetrommel (9) und einer sich in Flußrichtung des Erntegutes
daran anschließenden Förder- und/oder Schneideinrichtung sowie einem vor und/oder
über der Aufnahmetrommel (9) angebrachten, walzenförmig ausgebildeten Niederhalter
(10) für das Erntegut, dadurch gekennzeichnet, daß zwischen dem Niederhalter
(10) und der Förder- und/oder Schneideinrichtung ein den Erntegutstrom nach oben
begrenzendes Leitorgan (18) vorgesehen ist, welches relativ zum Niederhalter (10)
bewegbar angelenkt ist.</claim-text>
    </claim>
    <claim num="2">
      <claim-text>Landwirtschaftliche Erntemaschine nach Anspruch 1, dadurch gekennzeichnet, daß
das Leitorgan (18) um eine in etwa horizontale und quer zur Fahrt- und Arbeitsrichtung
(F) ausgerichtete Achse (19) relativ zum Niederhalter (10) bewegbar angebracht
ist.</claim-text>
    </claim>
    <claim num="3">
      <claim-text>Landwirtschaftliche Erntemaschine nach Anspruch 1 oder 2, dadurch gekennzeichnet,
daß das Leitorgan (18) um die in etwa horizontale und quer zur Fahrt- und Arbeitsrichtung
(F) ausgerichtete Achse (19) in einem vorgegebenen, begrenzten
Schwenkbereich frei bewegbar ist.</claim-text>
    </claim>
    <claim num="4">
      <claim-text>Landwirtschaftliche Erntemaschine nach Anspruch 3, dadurch gekennzeichnet, daß
der Schwenkbereich des Leitorganes (18) durch eine Lasche (20) mit Endanschlägen
(21,22) begrenzt ist, welche sich an einem Kopfelement einer Befestigungsschraube
(24) abstützt.</claim-text>
    </claim>
    <claim num="5">
      <claim-text>Landwirtschaftliche Erntemaschine nach Anspruch 1 oder 2, dadurch gekennzeichnet,
daß das Leitorgan (18) in Abhängigkeit von der Schwenkbewegung des Niederhalters
(10) gegenüber der Aufnahmetrommel (9) verschwenkbar ist.</claim-text>
    </claim>
    <claim num="6">
      <claim-text>Landwirtschaftliche Erntemaschine nach Anspruch 5, dadurch gekennzeichnet, daß
die Schwenkbewegung des Leitorganes (18) durch eine an Seitenteilen (16,17) der
Aufnahmetrommel (9) sich abstützende Lenkeranordnung (28) steuerbar ist.</claim-text>
    </claim>
    <claim num="7">
      <claim-text>Landwirtschaftliche Erntemaschine nach einem der Ansprüche 1 bis 6, dadurch gekennzeichnet,
daß der Niederhalter (10) als eine frei drehbare oder angetriebene Walze
(13) ausgebildet ist.</claim-text>
    </claim>
    <claim num="8">
      <claim-text>Landwirtschaftliche Erntemaschine nach einem der Ansprüche 1 bis 7, dadurch gekennzeichnet,
daß das Leitorgan (18) aus einem aus Zinken (31) gebildeten Stabgitter
(32) besteht, wobei die Zinken (31) einenends an einem Querträger (33) befestigt sind.</claim-text>
    </claim>
    <claim num="9">
      <claim-text>Landwirtschaftliche Erntemaschine nach einem der Ansprüche 1 bis 8, dadurch gekennzeichnet,
daß das als Stabgitter (32) ausgeführte Leitorgan (18) in seinem vorderen,
an den Querträger (33) angrenzenden Bereich mit einem geschlossenen Prallblech
(36) versehen ist.</claim-text>
    </claim>
  </claims>
  <copyright>User acknowledges that the Information Retrieval Facility (IRF) and its third party providers retain all right, title and interest in and to this xml under applicable copyright laws. User acquires no ownership rights to this xml including but not limited to its format. User hereby accepts the terms and conditions of the Licence Agreement set forth at http://www.ir-facility.org/legal/marec/data_licence</copyright>
</patent-document>
