<?xml version="1.0" encoding="utf-8"?>
<!DOCTYPE patent-document PUBLIC "-//MXW//DTD patent-document XML//EN" "http://www.ir-facility.org/dtds/patents/v1.4/patent-document.dtd">
<patent-document ucid="EP-1223325-A1" country="EP" doc-number="1223325" kind="A1" lang="FR" family-id="8858849" status="new" date-produced="20090516" date="20020717">
  <bibliographic-data>
    <publication-reference ucid="EP-1223325-A1" status="new" fvid="23490488">
      <document-id status="new" format="original">
        <country>EP</country>
        <doc-number>1223325</doc-number>
        <kind>A1</kind>
        <date>20020717</date>
      </document-id>
    </publication-reference>
    <application-reference ucid="EP-02290067-A" status="new" is-representative="NO">
      <document-id status="new" format="epo">
        <country>EP</country>
        <doc-number>02290067</doc-number>
        <kind>A</kind>
        <date>20020111</date>
      </document-id>
    </application-reference>
    <priority-claims status="new">
      <priority-claim ucid="FR-0100510-A" status="new">
        <document-id status="new" format="epo">
          <country>FR</country>
          <doc-number>0100510</doc-number>
          <kind>A</kind>
          <date>20010116</date>
        </document-id>
      </priority-claim>
    </priority-claims>
    <technical-data status="new">
      <classifications-ipcr>
        <classification-ipcr status="new">B60W  10/06        20060101A I20080531RMEP        </classification-ipcr>
        <classification-ipcr status="new">B60W  10/06        20060101C I20080531RMEP        </classification-ipcr>
        <classification-ipcr status="new">B60W  10/10        20060101A I20080531RMEP        </classification-ipcr>
        <classification-ipcr status="new">B60W  10/10        20060101C I20080531RMEP        </classification-ipcr>
        <classification-ipcr status="new">B60W  30/18        20060101A I20080531RMEP        </classification-ipcr>
        <classification-ipcr status="new">B60W  30/18        20060101C I20080531RMEP        </classification-ipcr>
        <classification-ipcr status="new">F02D  35/00        20060101A I20070602RMEP        </classification-ipcr>
        <classification-ipcr status="new">F02D  35/00        20060101C I20070602RMEP        </classification-ipcr>
        <classification-ipcr status="new">F02D  41/02        20060101A I20051008RMEP        </classification-ipcr>
        <classification-ipcr status="new">F02D  41/02        20060101C I20051008RMEP        </classification-ipcr>
      </classifications-ipcr>
      <classification-ecla status="new">
        <classification-symbol scheme="EC">B60W  10/06</classification-symbol>
        <classification-symbol scheme="EC">B60W  10/10D</classification-symbol>
        <classification-symbol scheme="EC">B60W  30/18K</classification-symbol>
        <classification-symbol scheme="EC">F02D  41/02C</classification-symbol>
        <classification-symbol scheme="EC">F02D  41/02C2</classification-symbol>
        <classification-symbol scheme="EC">F02D  41/02C2G</classification-symbol>
        <classification-symbol scheme="ICO">L60K741:04E</classification-symbol>
      </classification-ecla>
      <invention-title load-source="ep" status="new" lang="DE">Vorrichtung zum Steuern einer Antriebseinheit eines Kraftfahrzeuges</invention-title>
      <invention-title load-source="ep" status="new" lang="EN">System for controlling a motor vehicle power unit</invention-title>
      <invention-title load-source="ep" status="new" lang="FR">Système de commande d'un groupe motopropulseur de véhicule automobile</invention-title>
    </technical-data>
    <parties>
      <applicants>
        <applicant status="new" format="epo">
          <addressbook>
            <last-name>RENAULT</last-name>
            <address>
              <country>FR</country>
            </address>
          </addressbook>
        </applicant>
        <applicant status="new" format="intermediate">
          <addressbook>
            <last-name>RENAULT S.A.S.</last-name>
          </addressbook>
        </applicant>
        <applicant status="new" format="original">
          <addressbook>
            <last-name>Renault</last-name>
            <address>
              <street>13-15 quai Alphonse Le Gallo</street>
              <city>92100 Boulogne Billancourt</city>
              <country>FR</country>
            </address>
          </addressbook>
        </applicant>
      </applicants>
      <inventors>
        <inventor status="new" format="epo">
          <addressbook>
            <last-name>AUBERT OLIVIER</last-name>
            <address>
              <country>FR</country>
            </address>
          </addressbook>
        </inventor>
        <inventor status="new" format="intermediate">
          <addressbook>
            <last-name>AUBERT, OLIVIER</last-name>
          </addressbook>
        </inventor>
        <inventor status="new" format="original">
          <addressbook>
            <last-name>AUBERT, OLIVIER</last-name>
            <address>
              <street>12 avenue Sainte marie</street>
              <city>92370 Chaville</city>
              <country>FR</country>
            </address>
          </addressbook>
        </inventor>
      </inventors>
    </parties>
    <international-convention-data>
      <designated-states>
        <ep-contracting-states>
          <country>BE</country>
          <country>DE</country>
          <country>ES</country>
        </ep-contracting-states>
      </designated-states>
    </international-convention-data>
  </bibliographic-data>
  <abstract load-source="docdb" source="EPO" status="new" lang="EN">
    <p>The control circuit for a motor vehicle drive transmission group has a sensor for driver control movement (6) and a sensor (7) for the vehicle environment. The sensors are connected to a computer (5) to determine a preset engine power or torque as a function of the sensor values. The computer can have two processors (12).</p>
  </abstract>
  <abstract load-source="ep" status="new" lang="FR">
    <p>La présente invention concerne un système de commande
d'un groupe motopropulseur de véhicule automobile.</p>
    <p>Selon l'invention, le système de commande comporte un
moyen (6) pour détecter l'intention du conducteur et un moyen (7)
pour indiquer l'état du véhicule ou de l'environnement du véhicule
qui produisent des variables d'état produites en entrée d'un
moyen (5) pour calculer une valeur de consigne de puissance du
moteur qui est transmise comme variable de charge à un circuit
de pilotage électronique (3) des actionneurs (2) d'un moteur (1).
L'arbre (4) du moteur (1) est connecté à un dispositif de
transmission (8) dont l'état ou le changement d'état est contrôlé
ou peut être contrôlé par un dispositif de contrôle d'état (9) et
dont une variable de charge peut être constituée par la valeur de
consigne de puissance produite par le moyen (5) pour calculer
une valeur de consigne de puissance du moteur.
<img id="img-00000001" orientation="unknown" wi="112" img-format="tif" img-content="ad" file="00000001.tif" inline="no" he="112"/></p>
  </abstract>
  <description load-source="ep" status="new" lang="FR">
    <p num="0001">La présente invention concerne un système de commande
d'un groupe motopropulseur de véhicule automobile.</p>
    <p num="0002">Dans l'état de la technique, on a déjà décrit des systèmes
de commande qui permettent de régler le couple produit par le
moteur du groupe motopropulseur en fonction de la demande du
conducteur, demande exprimée par la manoeuvre d'un levier ou
plus classiquement par la pédale d'accélérateur. Dans un tel état
de la technique, un contrôleur comporte une mémoire dans
laquelle est enregistrée une fonction qui permet de déterminer
des paramètres de commande d'actibnneurs du moteur en
fonction de la commande reçue de la pédale d'accélérateur et du
régime du moteur exprimé par sa vitesse de rotation. Le
contrôleur produit en sortie un signal représentatif des
paramètres déterminés. Les actionneurs, ayant reçus leurs
paramètres de commande, agissent de façon à régler le point de
fonctionnement du moteur de sorte qu'il délivre le couple désiré.</p>
    <p num="0003">Cependant, pour une vitesse donnée du véhicule,
l'accélération produite en réponse à une action du conducteur sur
la pédale d'accélérateur dépend de l'état de la transmission, du
rapport de démultiplication notamment, qui intervient d'abord pour
la détermination du régime du moteur qui influe sur le couple
produit, et ensuite dans la transformation du couple moteur en
accélération du véhicule. En général, lors d'un changement d'état
de la transmission, comme un changement de rapport de
démultiplication, pour une position donnée de la pédale
d'accélérateur, on ne retrouve pas la même accélération
résultante du véhicule. Il en résulte une variation imprévue de
l'accélération du véhicule.</p>
    <p num="0004">Pour supprimer l'effet négatif de l'état de la transmission,
on a déjà proposé de corriger ce fonctionnement désavantageux
en tenant compte du changement d'état de la transmission. A 
cette fin, on détermine une première relation directe entre la
position de la pédale d'accélérateur et une valeur désirée de
couple à la roue du véhicule et non plus seulement en sortie du
moteur, et une seconde relation entre le couple à la roue et le
couple en sortie du moteur qui tient compte du rapport de
démultiplication.</p>
    <p num="0005">Malheureusement, les méthodes permettant d'établir la
première et la seconde relations sont difficiles à calibrer et leur
application sur un véhicule n'est pas satisfaisante.</p>
    <p num="0006">D'autre part, dans le cas d'une transmission à rapports
étagés, il se produit encore un à-coup lors de la détection du
changement d'état de la transmission.</p>
    <p num="0007">Enfin, dans le cas des transmissions automatiques, le
choix du rapport de démultiplication se fait en fonction du choix
du conducteur déterminé par la position de la pédale
d'accélérateur ou du papillon des gaz. Ces variables n'ayant pas
de signification physique directe du point de vue du conducteur,
elles ne permettent pas de calibrer par calcul le système de choix
le dispositif de choix du rapport de démultiplication.</p>
    <p num="0008">On a pensé utiliser directement la variable représentative
du couple moteur pour déterminer le changement de rapport.
Cette méthode ne permet pas de prendre en compte les actions
du conducteur dans les régimes de fonctionnement du moteur où
la pédale d'accélérateur n'a pas ou peu d'action sur le couple
moteur. C'est le cas quand le fonctionnement du moteur est à la
saturation au couple maximum ce qui se produit à partir d'un
enfoncement de la pédale d'accélérateur assez faible à bas
régime.</p>
    <p num="0009">C'est pour remédier à ces inconvénients de l'état de la
technique que la présente invention concerne un système de
commande d'un groupe motopropulseur de véhicule automobile du
type dans lequel le groupe motopropulseur comporte un moteur
dont la puissance ou le couple est réglée par des actionneurs 
sous le contrôle d'un dispositif de contrôle électronique et dont
l'arbre de sortie est connecté mécaniquement à au moins une
roue motrice par un dispositif de transmission à état variable,
continûment ou par étages, sous la commande d'un dispositif de
commande d'état de transmission.</p>
    <p num="0010">L'invention se caractérise notamment en ce que le système
de commande comporte un premier moyen pour détecter
l'environnement du véhicule, un second moyen pour déterminer
l'intention du conducteur et un moyen pour déterminer une
consigne de puissance ou de couple moteur qui est ensuite
convertie en signaux de commande pour les actionneurs du
moteur en fonction de l'environnement du véhicule et de
l'intention du conducteur.</p>
    <p num="0011">Selon un autre aspect de l'invention, le dispositif de
commande d'état de transmission est préférentiellement un dispositif
de changement d'état de transmission qui reçoit une valeur
de consigne de puissance moteur comme variable de charge.</p>
    <p num="0012">Selon un autre aspect de l'invention, le système de
commande comporte un premier processeur d'une consigne de
puissance en fonction du signal de commande issu d'organes de
commande qui exécutent une action du conducteur, et du signal
représentatif de l'état du véhicule issu d'organes de mesure de
l'état du véhicule.</p>
    <p num="0013">Selon un autre aspect de l'invention, le système de
commande comporte un second processeur d'arbitrage avec les
valeurs de consigne de puissance du moteur issues des systèmes
de contrôle de trajectoire et de la transmission automatique et
avec la valeur de consigne issue du premier processeur.</p>
    <p num="0014">Selon un autre aspect de l'invention, le système de
commande comporte un troisième processeur qui comporte un
moyen de prise en compte des puissances prélevées par
l'ensemble des dispositifs consommateurs de puissance et qui 
reçoit aussi sur une entrée la valeur de consigne de puissance
arbitrée issue du second processeur.</p>
    <p num="0015">Selon un autre aspect de l'invention, le système de
commande comporte un circuit de pilotage des actionneurs du
moteur qui produit des signaux de commande transmis aux
actionneurs.</p>
    <p num="0016">Selon un autre aspect de l'invention, les processeurs et le
circuit de pilotage comportent au moins l'un des moyens
suivants :
<ul list-style="bullet"><li>un moyen enregistrant une table de valeurs de consigne de
puissance du moteur adressée en fonction des signaux
d'entrée des processeurs et/ou du circuit de pilotage et un
moyen pour produire en réponse ladite valeur de consigne en
sortie dudit processeur ou circuit de pilotage ;</li><li>un moyen pour générer une fonction préprogrammé qui pour un
ensemble de variables descriptives reçues en entrée dudit
processeur et/ou dudit circuit de pilotage élabore à une date
donnée une valeur de consigne de puissance.</li></ul></p>
    <p num="0017">Selon un autre aspect de l'invention, le système de
commande comporte un organe de sélection commandé par un
moyen d'indication de l'état d'activation de systèmes d'aide à la
conduite et qui sélectionne selon un degré de priorité
prédéterminé l'une des valeurs de consigne produites par :
<ul list-style="bullet"><li>un processeur de puissance moteur demandée par le
conducteur qui reçoit en entrée une indication du régime
moteur et une indication de l'intention du conducteur ;</li><li>un Régulateur-limiteur de vitesse de véhicule qui reçoit en
entrée une mesure de vitesse mesurée et une indication de
vitesse de consigne (31) ;</li><li>un Régulateur-limiteur de distance du véhicule qui reçoit en
entrée une mesure de distance parcourue et une indication de
distance de consigne ; 
de sorte que soit produite en sortie de l'organe de sélection une
valeur instantanée de consigne de puissance destinée à satisfaire
la demande du conducteur ou des systèmes d'aide à la conduite.</li></ul></p>
    <p num="0018">Selon un autre aspect de l'invention, le système de
commande comporte :
<ul list-style="bullet"><li>un premier contrôleur dont une seconde entrée reçoit la valeur
instantanée de consigne d'augmentation de puissance produite
par un dispositif de calcul d'un système de contrôle de
trajectoire, une seconde entrée la valeur de consigne de
puissance issue de l'organe de sélection, et dont la sortie
réalise, par l'opération de prendre à chaque instant la plus
petite des valeurs présentées à ses deux entrées une première
valeur de consigne de puissance ;</li><li>un second contrôleur dont une première entrée reçoit le signal
de sortie du premier contrôleur et dont une seconde entrée
reçoit la valeur instantanée de consigne de réduction de
puissance produite par un dispositif de calcul du système de
contrôle de trajectoire et dont la sortie réalise, par l'opération
de prendre à chaque instant la plus grande des valeurs
présentées à ses deux entrées, une seconde valeur de
consigne de puissance ;</li><li>un organe de sélection dont une première entrée reçoit le
signal de sortie du second contrôleur et dont une seconde
entrée reçoit la valeur instantanée de consigne de puissance
moteur nécessaire pour effectuer de manière convenable le
changement d'état du dispositif de transmission, un dispositif
indicateur du changement d'état permettant de commander la
position de sélection de l'organe de sélection de sorte que sa
première entrée soit transmise à sa sortie quand le dispositif
de transmission ne change pas d'état, et que sa seconde
entrée soit transmise à sa sortie quand le dispositif de
transmission change d'état ; 
de sorte que soit produit en sortie une valeur de consigne de
puissance arbitrée.</li></ul></p>
    <p num="0019">Selon un autre aspect de l'invention, le système de
commande comporte aussi un troisième contrôleur qui reçoit sur
une première entrée la valeur de consigne arbitrée issue de
l'organe de sélection et qui reçoit sur une seconde entrée
l'ensemble des variables représentatives des puissances
consommées par les dispositifs auxiliaires et qui réalise la
pondération et préférentiellement la sommation des puissances
consommées et de la puissance demandée et produit en sortie un
signal de consigne de puissance moteur.</p>
    <p num="0020">Selon un autre aspect de l'invention, le système de
commande comporte aussi un moyen de conversion d'une valeur
de consigne de puissance en valeur de couple moteur qui
comporte un circuit pour réaliser le rapport
 <i>Consigne_de_puissance</i> / <i>Régime_moteur</i>=<i>Consigne_de_couple</i> de sorte qu'une valeur
convertie soit fournie comme variable de charge aux actionneurs
du moteur.</p>
    <p num="0021">D'autres avantages et caractéristiques de la présente
invention seront mieux compris à l'aide de la description et des
dessins dans lesquels :
<ul list-style="bullet"><li>la figure 1 est un schéma représentant le groupe
motopropulseur équipé du système de commande de l'invention ;</li><li>la figure 2 est un schéma bloc d'un mode de réalisation
du système de commande de la Figure 1 ;</li><li>la figure 3 est un schéma bloc d'une première partie d'un
autre mode de réalisation du système de commande de la Figure
1 ;</li><li>la figure 4 est un schéma bloc d'une seconde partie d'un
autre mode de réalisation du système de commande de la Figure
1 ; </li><li>la figure 5 est un schéma bloc d'une troisième partie d'un
autre mode de réalisation du système de commande de la Figure
1.</li></ul></p>
    <p num="0022">A la figure 1, on a représenté un schéma représentant le
groupe motopropulseur équipé du système de commande de
l'invention. Le moteur 1 comporte un arbre de sortie 4 qui produit
sous un régime moteur déterminé par sa vitesse de rotation un
couple moteur ou puissance moteur. L'arbre de sortie 4 du moteur
1 est connecté au primaire d'un dispositif de transmission à état
variable 8 dont le secondaire est connecté à un train de roues
motrices 10.</p>
    <p num="0023">Le moteur utilisé 1 dans le groupe motopropulseur peut
être de tout type : à essence, diesel, hybride ou électrique. Sa
charge ou couple délivré est pilotée par un système de contrôle
électronique comportant un calculateur électronique 3 et des
actionneurs 2 qui peuvent être de tous types comme ceux utilisés
pour l'allumage piloté ou l'injection pilotée.</p>
    <p num="0024">Le dispositif de transmission 8 utilisé dans le groupe
motopropulseur peut être de tout type à commande manuelle par
levier de changement de vitesses ou à commande automatique
par boíte de vitesses automatique ou par boíte de vitesses
robotisée ou autre. Le changement d'état du dispositif de
transmission 8 est assuré par l'action d'un dispositif de contrôle
du changement d'état 9, essentiellement dans le cas d'une
commande automatique.</p>
    <p num="0025">Le système de commande 5-7 de l'invention comporte
divers moyens qui concourent à élaborer un signal de consigne de
puissance du moteur 1 à partir des actions du conducteur sur
divers organes de commande ou définies à partir de la détection
de situations de conduite prédéterminées, et de l'observation de
l'état et de l'environnement du véhicule.</p>
    <p num="0026">A la figure 1, le système de commande comporte un moyen
6 pour détecter l'intention du conducteur et un moyen 7 pour 
détecter l'état de l'environnement du véhicule. Les signaux
produits par les moyens 6 pour détecter l'intention du conducteur
et 7 pour détecter l'état de l'environnement du véhicule sont
transmis à l'entrée d'un moyen 5 pour déterminer une consigne de
puissance ou de couple moteur qui est ensuite convertie en
signaux de commande pour les actionneurs 3 du moteur 1 en
fonction de l'environnement du véhicule et de l'intention du
conducteur.</p>
    <p num="0027">A cette fin, le moyen 5 pour déterminer une consigne de
puissance ou de couple moteur détermine les besoins de
puissance propres à satisfaire par priorités décroissantes :
l'intention du conducteur et l'environnement du véhicule. La
consigne de puissance est construite dans une gamme de
puissances allant jusqu'à la puissance maximale absolue du
moteur 1. Cette consigne est d'abord déterminée sans tenir
compte des limitations découlant de l'environnement du véhicule.
En pratique les limitations découlant de l'environnement du
véhicule concernent essentiellement la vitesse du véhicule et le
rapport de démultiplication du dispositif de transmission 8 qui
permettent de fixer le régime du moteur 1, par exemple exprimé
en vitesse de rotation, et donc de déterminer le couple moteur et
la puissance maximale disponibles.</p>
    <p num="0028">Ce signal de consigne peut, dans un mode particulier de
réalisation, être transmis au dispositif de contrôle 9 du
changement d'état du dispositif de transmission 8, dans le cas
d'une commande automatique de façon à déterminer, en fonction
des situations possibles déterminées a priori dans le dispositif de
contrôle 9, la valeur instantanée du rapport de démultiplication à
appliquer sur le dispositif de transmission 8. Une telle consigne
sert donc de variable de charge en entrée du dispositif de
changement d'état 9 du dispositif de transmission 8.</p>
    <p num="0029">Le moyen 7 pour détecter l'environnement du véhicule peut
aussi comporter des systèmes d'aide à la conduite et plus 
généralement des systèmes susceptibles de commander le
fonctionnement du moteur 1 comme des systèmes de contrôle de
trajectoires ou des systèmes de transmission automatique.</p>
    <p num="0030">Le moyen 7 pour détecter l'environnement du véhicule
comporte aussi les divers organes du véhicule qui sont
consommateurs de la puissance délivrée par le moteur 1 comme
l'alternateur, la climatisation de l'habitacle du véhicule, etc. Dans
un mode particulier de réalisation, le moyen 7 pour détecter l'état
de l'environnement du véhicule comporte aussi un calculateur qui
exécute un modèle des diverses pertes de puissance introduites
dans la chaíne consommatrice de la puissance moteur, et
notamment les pertes dans le dispositif de transmission, le
glissement sur la route, etc.</p>
    <p num="0031">Le moyen 5 pour déterminer une consigne de puissance ou
de couple moteur produit alors un signal de consigne qui sert de
référence au calculateur 3 qui réalise classiquement le pilotage
des actionneurs 2 du moteur 1 afin d'assurer la production du
couple ou de la puissance du moteur 1 nécessaires à l'objectif
déterminé à l'aide des moyens 6 et 7.</p>
    <p num="0032">A la figure 2, on a représenté un schéma bloc d'un mode
de réalisation du système de commande de la figure 1. A la
figure 1, un processeur 12 d'une première consigne de puissance
reçoit les variables descriptives reçues des organes de
commande 11 quand ils exécutent une action du conducteur, et
des capteurs 13 de l'état du véhicule qui permettent de connaítre
son environnement. Le processeur 12 comporte une mémoire
dans laquelle est enregistrée une table permettant de produire
une valeur de consigne de puissance destinée à satisfaire la
demande du conducteur et des systèmes d'aide à la conduite en
fonction des variables descriptives reçues des organes de
commande 11 et des capteurs 13. Au cours de l'utilisation du
véhicule, les signaux représentatifs de l'évolution de la valeur de
consigne produite par le processeur 12 sont transmises en sortie 
14 du processeur 12 vers une entrée convenable d'un second
processeur 18 qui implémente un arbitrage avec les autres
consignes de puissance du véhicule.</p>
    <p num="0033">Dans un autre mode de réalisation, le processeur 12 au
lieu de comporter une mémoire enregistrant une table de valeurs,
comporte un générateur de fonction préprogrammé qui, pour un
ensemble de variables descriptives reçues des organes de
commande 11 et des capteurs 13 reçu à une date donnée, élabore
une valeur de consigne de puissance destinée à satisfaire la
demande du conducteur et des systèmes d'aide à la conduite.</p>
    <p num="0034">Dans un autre mode de réalisation, le premier processeur
12 élabore aussi un signal de commande 15 à destination d'une
entrée de variable de charge 16 du dispositif de contrôle 9 du
changement d'état du dispositif de transmission 8 quand celui-ci
est de type automatique. De cette manière, le choix de la
puissance à produire sur le moteur permet d'optimiser le rapport
de démultiplication en fonction de la puissance disponible et de
l'état de saturation éventuel du moteur, de façon à réduire les à-coups
dans la conduite du véhicule.</p>
    <p num="0035">Le second processeur 18 reçoit sur une seconde entrée
appropriée l'ensemble des consignes en puissance moteur,
valeurs qui peuvent être exprimées en valeurs de couple moteur,
issues des systèmes de contrôle de trajectoire et de la
transmission automatique. Ils sont ensemble désignés par la
référence 17 au dessin.</p>
    <p num="0036">Le second processeur 18 réalise un arbitrage entre les
différentes consignes produites sur ses entrées de sorte que
selon les situations de conduite et la configuration du véhicule
soit la demande de puissance plutôt issue de l'intention du
conducteur (entrée 14) soit la demande de puissance issue des
dispositifs automatique ou programmé 17 soit prise en compte.</p>
    <p num="0037">La valeur instantanée de sortie du second processeur 18
qui représente une valeur de consigne de puissance arbitrée, est 
transmise à une première entrée 19 convenable d'un troisième
processeur 21 qui comporte un moyen de prise en compte des
puissances prélevées par l'ensemble des dispositifs consommateurs
de puissance dans le véhicule comme l'alternateur ou la
climatisation. L'indication instantanée des valeurs de puissance
consommée est produite par un ensemble de capteurs ou de
moyens indicateurs de cette puissance associés à chacun des
dispositifs consommateurs et provient d'un moyen indicateur 20.</p>
    <p num="0038">Le troisième processeur 21 produit à chaque instant une
valeur de consigne de la puissance finale sur une sortie
convenable 22 qui est transmise à un circuit de pilotage 23 des
actionneurs du moteur sous forme de signaux de commande 24
transmis aux actionneurs en fonction de leurs particularités ainsi
qu'il est connu de l'homme de métier.</p>
    <p num="0039">A la figure 3, on a représenté un schéma bloc d'une
première partie d'un autre mode de réalisation du système de
commande de la Figure 1.</p>
    <p num="0040">A la figure 3, un organe de sélection 43 permet de
déterminer le choix de la consigne de puissance élaborée à partir
du moyen 5 déterminant l'intention du conducteur ou des divers
systèmes d'aide à la conduite, en fonction de l'indication de l'état
d'activation 38 des divers boutons d'activation 37 des systèmes
d'aide à la conduite. En particulier, si aucun bouton d'activation
de système d'aide à la conduite, seule l'intention du conducteur
sera prise en compte par l'organe de sélection 43. A l'inverse, si
les boutons de sélection 41 des systèmes d'aide à la conduite
leur confère la plus haute priorité, seule la valeur de consigne
issue des régulateurs-limiteurs 33 et 39 sera prise en compte par
l'organe de sélection 43.</p>
    <p num="0041">A la figure 3, le degré d'enfoncement de la pédale
d'accélérateur ou de tout autre dispositif de demande manuelle de
puissance moteur 25 est transmise en entrée 26 d'un processeur
27 de puissance moteur demandée par le conducteur dont la 
sortie 23 est connectée à l'entrée convenable de l'organe de
sélection 43. Le processeur 27 fonctionne selon l'un ou l'autre
des principes décrits en relation avec le processeur 12 du mode
de réalisation de la figure 2.</p>
    <p num="0042">Dans un mode préféré de réalisation, la table de valeurs de
consigne de puissance demandée par le conducteur, ou le
générateur de fonction de consigne de puissance demandée par
le conducteur travaille avec deux variables d'entrée qui sont :
<ul list-style="bullet"><li>comme précédemment, la position de la pédale d'accélérateur
indiquée par lé capteur 25 ;</li><li>mais en plus, la mesure instantanée de la vitesse du véhicule.
Le processeur de consigne de puissance demandée élabore alors
une valeur de consigne en fonction de ces deux variables
d'entrée.</li></ul></p>
    <p num="0043">Le Régulateur-limiteur de vitesse 33 reçoit sur une
première entrée 30 un signal représentatif de la mesure
instantanée de la vitesse du véhicule mesurée par un capteur de
vitesse de véhicule 29. Il reçoit sur une seconde entrée 32 un
signal indicateur d'une vitesse de consigne déterminée par un
organe 31 de fixation d'une vitesse de consigne.</p>
    <p num="0044">Le Régulateur-limiteur 33 de vitesse du véhicule élabore
en fonction des valeurs de ses deux entrées 30 et 32 une valeur
de consigne de puissance calculée qui est transmise à l'entrée 26
convenable de l'organe de sélection 43. Le Régulateur-limiteur 33
de vitesse du véhicule comporte selon les variantes :
<ul list-style="bullet"><li>ou bien une table de valeurs de consigne de puissance
adressées par les valeurs de variables d'entrée 29 de vitesse
mesurée ou31 de consigne de vitesses ;</li><li>ou bien un générateur de fonction de consigne de puissance
dont les arguments sont les valeurs de variables d'entrée 29
de vitesse mesurée et 31 de consigne de vitesses.</li></ul></p>
    <p num="0045">Le Régulateur-limiteur de distance 39 reçoit sur une
première entrée 36 un signal représentatif de la mesure 
instantanée de la distance parcourue par le véhicule mesurée par
un capteur de distance parcourue 35. Il reçoit sur une seconde
entrée 38 un signal indicateur d'une distance de consigne déterminée
par un organe 37 de fixation d'une distance de consigne.</p>
    <p num="0046">Le Régulateur-limiteur 39 de distance du véhicule élabore
en fonction des valeurs de ses deux entrées 36 et 38 une valeur
de consigne de puissance calculée qui est transmise à l'entrée 40
convenable de l'organe de sélection 43. Le Régulateur-limiteur 39
de vitesse du véhicule comporte selon les variantes :
<ul list-style="bullet"><li>ou bien une table de valeurs de consigne de puissance
adressées par les valeurs de variables d'entrée 36 de distance
mesurée ou 38 de consigne de distance ;</li><li>ou bien un générateur de fonction de consigne de puissance
dont les arguments sont les valeurs de variables d'entrée 36
de distance mesurée et 38 de consigne de distance.</li></ul></p>
    <p num="0047">L'organe de sélection 43 produit en sortie une valeur
instantanée de consigne de puissance destinée à satisfaire la
demande du conducteur ou des systèmes d'aide à la conduite sur
sa sortie 44.</p>
    <p num="0048">A la figure 4, on a représenté un schéma bloc d'une
seconde partie d'un autre mode de réalisation du système de
commande de la Figure 1.</p>
    <p num="0049">Dans le système de commande selon l'invention tel que
représenté partiellement à la figure 4, la valeur de consigne de
puissance 44 issue de l'organe de sélection 43 de la première
partie représentée à la figure 3 est transmise en entrée d'un
premier contrôleur 46 dont une seconde entrée reçoit la valeur
instantanée de consigne d'augmentation de puissance produite
par un dispositif de calcul 45 d'un système de contrôle de
trajectoire (non représenté). Le contrôleur 46 réalise l'opération
de prendre à chaque instant la plus petite des valeurs présentées
à ses deux entrées et produit en sortie une valeur de consigne de
puissance qui est transmise à la première entrée 49 d'un second 
contrôleur 50 dont une seconde entrée reçoit la valeur
instantanée de consigne de réduction de puissance produite par
un dispositif de calcul 48 du système de contrôle de trajectoire
(non représenté). Le contrôleur 50 réalise l'opération de prendre à
chaque instant la plus grande des valeurs présentées à ses deux
entrées et produit en sortie une valeur de consigne de puissance
qui est transmise à la première entrée 51 d'un organe de
sélection 53 dont une seconde entrée reçoit la valeur instantanée
de consigne de puissance moteur nécessaire pour effectuer de
manière convenable le changement d'état du dispositif de
transmission. Cette valeur de consigne de puissance est élaborée
par un dispositif de calcul 52 interne au dispositif de changement
d'état 9 (figure 1). Le dispositif de calcul 52 permet de disposer
pendant le changement d'état de la puissance moteur nécessaire
pour éviter notamment les à-coups dans le fonctionnement du
véhicule. Le dispositif de changement d'état 9 (figure 1) comporte
aussi un dispositif 54 indicateur du changement d'état qui permet
de commander la position de sélection de l'organe de sélection 53
de sorte que sa première entrée 51 soit transmise à sa sortie 57
quand le dispositif de transmission ne change pas d'état, et que
sa seconde entrée 52 soit transmise à sa sortie 57 quand le
dispositif de transmission change d'état, c'est-à-dire lorsqu'un
changement de rapport de démultiplication est en cours. L'organe
de sélection 53 produit en sortie une valeur de consigne de
puissance arbitrée qui est transmise à la première entrée 57 d'un
troisième contrôleur 58 qui reçoit sur sa seconde entrée
l'ensemble des variables représentatives des puissances
consommées par les dispositifs auxiliaires 56 comme la
climatisation de l'habitacle, l'alternateur ou encore le
convertisseur de couple selon leur présence dans la configuration
du véhicule. Le troisième contrôleur 58 réalise la pondération et
préférentiellement la sommation des puissances consommées 56 
et de la puissance demandée 57 et produit en sortie un signal de
consigne de puissance moteur 59.</p>
    <p num="0050">A la figure 5, on a représenté un schéma bloc d'une
troisième partie d'un autre mode de réalisation du système de
commande de la figure 1.</p>
    <p num="0051">A la figure 5, on a représenté un moyen de conversion de
la consigne de puissance en couple moteur pour assurer la
compatibilité de la commande effectuée par le système de
l'invention avec le mode de travail des actionneurs 2 du moteur 1.
Le moyen de conversion dans le mode préféré de réalisation de la
Figure 5 comporte un opérateur 61 dont une première entrée
reçoit le signal représentatif de la consigne de puissance moteur
issue du troisième contrôleur 58 de la figure 4, et dont une
seconde entrée reçoit le signal représentatif du régime moteur
issu d'un moyen d'indication du régime moteur 60. Dans le mode
préféré de réalisation, le moyen 60 d'indication du régime moteur
est constitué par un capteur de vitesse de rotation en sortie de
l'arbre moteur 4 du moteur 1 (figure 1).</p>
    <p num="0052">L'opérateur 61 réalise la division de la valeur instantanée
sur sa première entrée par la valeur instantanée sur sa seconde
entrée selon l'opération :
<st32:df xmlns:st32="http://www.ir-facility.org/ns/st32/" align="center"><st32:frac align="centre"><st32:italic>Consigne_de_ puissance</st32:italic>(59) <st32:over><st32:italic>Régime _ moteur</st32:italic>(60)</st32:over></st32:frac><st32:italic>= Consigne_de_couple</st32:italic></st32:df>
et transmet à sa sortie une valeur de consigne de couple moteur
qui est directement entrée comme variable de charge sur le circuit
de pilotage 62 des actionneurs 2 du moteur 1, dont le signal de
pilotage 63 leur est fourni selon des modalités propres à chaque
actionneur selon les connaissances de l'home de métier.</p>
    <p num="0053">Dans le mode préféré de réalisation de l'invention, il est
ainsi possible de réaliser la construction d'une consigne de
puissance allant jusqu'à la puissance maximum absolue du
moteur 1 même si le régime du moteur (vitesse de rotation) ne
rend pas cette puissance disponible. </p>
    <p num="0054">Par ailleurs, une variable de charge du dispositif de
changement d'état de la transmission est disponible alors que la
consigne de puissance n'est jamais saturée.</p>
    <p num="0055">Enfin, la consigne de puissance élaborée est facilement
convertible en consigne de couple à destination des actionneurs 2
du moteur 1 qui travaillent plus facilement en fonction d'un couple
moteur.</p>
    <p num="0056">Le système de commande de l'invention permet d'obtenir
une accélération du véhicule indépendante de l'état de la
transmission tant que l'état du véhicule (son environnement) et de
sa transmission ne viennent pas empêcher de satisfaire la
consigne de puissance. Ceci serait le cas si le véhicule
fonctionnait à un régime moteur trop faible, pour lequel la
puissance demandée ne peut pas être fournie. Cette commande
du fonctionnement est rendue possible sans connaissance de
l'état de la transmission, sans calibration et quelque soit le genre
de transmission.</p>
    <p num="0057">En particulier, lors d'un changement d'état d'une
transmission automatique à rapports étagés, si le conducteur
n'agit pas sur les organes de commande (cas d'un pied stable sur
la pédale d'accélérateur électrique), le conducteur retrouve la
même valeur d'accélération du véhicule avant et après le
changement d'état de la transmission.</p>
    <p num="0058">Pour arriver à la conservation de la puissance moteur, le
couple moteur suit une évolution continue inverse à celle du
régime moteur (vitesse de rotation). La continuité de l'accélération
lors d'un changement d'état d'une transmission à rapports
étagés se fait donc sans à-coups, contrairement à ce qui se
produit avec les systèmes de commande prenant en compte de
façon discrète (discontinue, à des intervalles de temps prédéterminés)
l'état de la transmission dans la commande du couple
moteur. </p>
    <p num="0059">La consigne de puissance ne prenant pas en compte la
limitation de puissance du moteur, est une variable de charge
utilisable pour le choix du rapport de démultiplication par un
dispositif de changement 9 d'état de transmission car elle a une
signification physique dont la calibration est possible par le
dispositif de changement d'état 9. Cette variable de charge
permet de prendre en compte les actions du conducteur même
lorsqu'elles sont sans effet sur le couple moteur par exemple
quand la consigne de puissance est supérieure à la puissance
réellement disponible.</p>
    <p num="0060">Dans le cas d'une transmission à embrayage mécanique et
avec une pédale d'accélérateur, le système de commande de
l'invention facilite la gestion combinée des deux pédales de
commande du conducteur (accélérateur et embrayage) en phase
de décollage. En effet, la pédale d'accélérateur réglant la
puissance du moteur, lorsque le conducteur relâche la pédale
d'embrayage, la chute de régime moteur résultante provoque une
augmentation de couple moteur réduisant les risques de calage
du moteur.</p>
  </description>
  <claims load-source="ep" status="new" lang="FR">
    <claim num="1">
      <claim-text>Système de commande d'un groupe motopropulseur de
véhicule automobile du type dans lequel le groupe
motopropulseur comporte un moteur (1) dont la puissance ou le
couple est réglée par des actionneurs (2) sous le contrôle d'un
dispositif de contrôle électronique (3) et dont l'arbre de sortie (4)
est connecté mécaniquement à au moins une roue motrice (10)
par un dispositif de transmission (8) à état variable, continûment
ou par étages, sous la commande d'un dispositif de commande
d'état de transmission (9), caractérisé en ce que le système de
commande comporte un premier moyen (7) pour détecter
l'environnement du véhicule, un second moyen (6) pour
déterminer l'intention du conducteur et un moyen (5) pour
déterminer une consigne de puissance ou de couple moteur qui
est ensuite convertie en signaux de commande pour les
actionneurs (2) du moteur (1) en fonction de l'environnement du
véhicule et de l'intention du conducteur.</claim-text>
    </claim>
    <claim num="2">
      <claim-text>Système selon la revendication 1, caractérisé en ce que
le dispositif de commande d'état de transmission est
préférentiellement un dispositif de changement (9) d'état de
transmission qui reçoit une valeur de consigne de puissance
moteur (15) comme variable de charge (16).</claim-text>
    </claim>
    <claim num="3">
      <claim-text>Système selon la revendication 1 ou 2, caractérisé en ce
que il comporte un premier processeur (12) d'une consigne de
puissance en fonction du signal de commande issu d'organes de
commande (11) qui exécutent une action du conducteur, et du
signal représentatif de l'état du véhicule issu d'organes de
mesure (13) de l'état du véhicule.</claim-text>
    </claim>
    <claim num="4">
      <claim-text>Système selon la revendication 3, caractérisé en ce qu'il
comporte un second processeur (12) d'arbitrage avec les valeurs
de consigne de puissance du moteur issues des systèmes de
contrôle de trajectoire et de la transmission automatique (17) et
avec la valeur de consigne (14) issue du premier processeur (12).</claim-text>
    </claim>
    <claim num="5">
      <claim-text>Système selon la revendication 4, caractérisé en ce qu'il
comporte un troisième processeur (21) qui comporte un moyen de
prise en compte des puissances prélevées par l'ensemble des
dispositifs consommateurs de puissance (17) et qui reçoit aussi
sur une entrée (19) la valeur de consigne de puissance arbitrée
issue du second processeur (18).</claim-text>
    </claim>
    <claim num="6">
      <claim-text>Système selon la revendication 5, caractérisé en ce qu'il
comporte un circuit de pilotage (23) des actionneurs (2) du moteur
(1) qui produit des signaux de commande (24) transmis aux
actionneurs.</claim-text>
    </claim>
    <claim num="7">
      <claim-text>Système selon l'une des revendications 3, 4 ou 6,
caractérisé en ce que les processeurs (12, 18, 21) et le circuit de
pilotage (23) comportent au moins l'un des moyens suivants :
<claim-text><claim-text>un moyen enregistrant une table de valeurs de consigne de
puissance du moteur adressée en fonction des signaux
d'entrée des processeurs et/ou du circuit de pilotage et un
moyen pour produire en réponse ladite valeur de consigne en
sortie dudit processeur ou circuit de pilotage ;</claim-text><claim-text>un moyen pour générer une fonction préprogrammé qui pour un
ensemble de variables descriptives reçues en entrée dudit
processeur et/ou dudit circuit de pilotage élabore à une date
donnée une valeur de consigne de puissance.</claim-text></claim-text></claim-text>
    </claim>
    <claim num="8">
      <claim-text>Système selon la revendication 1, caractérisé en ce qu'il
comporte un organe de sélection (43) commandé par un moyen
d'indication (41) de l'état d'activation de systèmes d'aide à la
conduite et qui sélectionne selon un degré de priorité
prédéterminé l'une des valeurs de consigne produites par :
<claim-text><claim-text>un processeur (27) de puissance moteur demandée par le
conducteur qui reçoit en entrée une indication du régime
moteur et une indication de l'intention du conducteur ;</claim-text><claim-text>un Régulateur-limiteur (33) de vitesse de véhicule qui reçoit en
entrée une mesure de vitesse mesurée (29) et une indication
de vitesse de consigne (31) ;</claim-text><claim-text>un Régulateur-limiteur (39) de distance du véhicule qui reçoit
en entrée une mesure de distance parcourue (35) et une
indication de distance de consigne (37) ;</claim-text></claim-text>
de sorte que soit produite en sortie (44) de l'organe de sélection
(43) une valeur instantanée de consigne de puissance destinée à
satisfaire la demande du conducteur ou des systèmes d'aide à la
conduite.</claim-text>
    </claim>
    <claim num="9">
      <claim-text>Système selon la revendication 8, caractérisé en ce qu'il
comporte :
<claim-text><claim-text>un premier contrôleur (46) dont une seconde entrée reçoit la
valeur instantanée de consigne d'augmentation de puissance
produite par un dispositif de calcul (45) d'un système de
contrôle de trajectoire, une seconde entrée la valeur de
consigne de puissance (44) issue de l'organe de sélection (43),
et dont la sortie réalise, par l'opération de prendre à chaque
instant la plus petite des valeurs présentées à ses deux
entrées une première valeur de consigne de puissance ;</claim-text><claim-text>un second contrôleur (50) dont une première entrée 49 reçoit
le signal de sortie du premier contrôleur (46) et dont une
seconde entrée reçoit la valeur instantanée de consigne de
réduction de puissance produite par un dispositif de calcul (48)
du système de contrôle de trajectoire et dont la sortie réalise,
par l'opération de prendre à chaque instant la plus grande des
valeurs présentées à ses deux entrées, une seconde valeur de
consigne de puissance</claim-text><claim-text>un organe de sélection (53) dont une première entrée (51)
reçoit le signal de sortie du second contrôleur (50) et dont une
seconde entrée reçoit la valeur instantanée de consigne de
puissance moteur nécessaire pour effectuer de manière
convenable le changement d'état du dispositif de transmission,
un dispositif (54) indicateur du changement d'état permettant
de commander la position de sélection de l'organe de sélection
(53) de sorte que sa première entrée (51) soit transmise à sa
sortie (57) quand le dispositif de transmission ne change pas
d'état, et que sa seconde entrée (52) soit transmise à sa sortie
(57) quand le dispositif de transmission change d'état ;
de sorte que soit produit en sortie une valeur de consigne de
puissance arbitrée.</claim-text></claim-text></claim-text>
    </claim>
    <claim num="10">
      <claim-text>Système selon la revendication 9, caractérisé en ce
qu'il comporte aussi un troisième contrôleur (58) qui reçoit sur
une première entrée (57) la valeur de consigne arbitrée issue de
l'organe de sélection (53) et qui reçoit sur une seconde entrée
l'ensemble des variables représentatives des puissances
consommées par les dispositifs auxiliaires (56) et qui réalise la
pondération et préférentiellement la sommation des puissances
consommées (56) et de la puissance demandée (57) et produit en
sortie un signal de consigne de puissance moteur (59).</claim-text>
    </claim>
    <claim num="11">
      <claim-text>Système selon la revendication 9, caractérisé en ce
qu'il comporte aussi un moyen de conversion d'une valeur de
consigne de puissance en valeur de couple moteur qui comporte
un circuit (61) pour réaliser le rapport
Consigne_de_puissanceRégime _ moteur= Consigne_de_couple de sorte qu'une valeur
convertie soit fournie comme variable de charge aux actionneurs
(2) du moteur (1).</claim-text>
    </claim>
  </claims>
  <copyright>User acknowledges that the Information Retrieval Facility (IRF) and its third party providers retain all right, title and interest in and to this xml under applicable copyright laws. User acquires no ownership rights to this xml including but not limited to its format. User hereby accepts the terms and conditions of the Licence Agreement set forth at http://www.ir-facility.org/legal/marec/data_licence</copyright>
</patent-document>
