<?xml version="1.0" encoding="utf-8"?>
<!DOCTYPE patent-document PUBLIC "-//MXW//DTD patent-document XML//EN" "http://www.ir-facility.org/dtds/patents/v1.4/patent-document.dtd">
<patent-document ucid="EP-1239248-A2" country="EP" doc-number="1239248" kind="A2" lang="DE" family-id="7676799" status="new" date-produced="20090516" date="20020911">
  <bibliographic-data>
    <publication-reference ucid="EP-1239248-A2" status="new" fvid="23536112">
      <document-id status="new" format="original">
        <country>EP</country>
        <doc-number>1239248</doc-number>
        <kind>A2</kind>
        <date>20020911</date>
      </document-id>
    </publication-reference>
    <application-reference ucid="EP-02002219-A" status="new" is-representative="NO">
      <document-id status="new" format="epo">
        <country>EP</country>
        <doc-number>02002219</doc-number>
        <kind>A</kind>
        <date>20020130</date>
      </document-id>
    </application-reference>
    <priority-claims status="new">
      <priority-claim ucid="DE-10111273-A" status="new">
        <document-id status="new" format="epo">
          <country>DE</country>
          <doc-number>10111273</doc-number>
          <kind>A</kind>
          <date>20010309</date>
        </document-id>
      </priority-claim>
    </priority-claims>
    <technical-data status="new">
      <classifications-ipcr>
        <classification-ipcr status="new">F27B   3/08        20060101A N20051008RMEP        </classification-ipcr>
        <classification-ipcr status="new">F27B   3/08        20060101C N20051008RMEP        </classification-ipcr>
        <classification-ipcr status="new">F27B   3/10        20060101C N20051008RMEP        </classification-ipcr>
        <classification-ipcr status="new">F27B   3/19        20060101A N20051008RMEP        </classification-ipcr>
        <classification-ipcr status="new">F27D   3/00        20060101C I20051008RMEP        </classification-ipcr>
        <classification-ipcr status="new">F27D   3/15        20060101A I20051008RMEP        </classification-ipcr>
        <classification-ipcr status="new">F27D  23/00        20060101A N20051008RMEP        </classification-ipcr>
        <classification-ipcr status="new">F27D  23/00        20060101C N20051008RMEP        </classification-ipcr>
      </classifications-ipcr>
      <classification-ecla status="new">
        <classification-symbol scheme="EC">F27D   3/15A</classification-symbol>
        <classification-symbol scheme="EC">F27D   3/15A3</classification-symbol>
        <classification-symbol scheme="ICO">R27B3:08A</classification-symbol>
        <classification-symbol scheme="ICO">R27B3:19</classification-symbol>
        <classification-symbol scheme="ICO">R27D23:00K6</classification-symbol>
      </classification-ecla>
      <invention-title load-source="ep" status="new" lang="DE">Verfharen und Einrichtung zum Auswechseln einer Schieberbaugruppe an einem metallurgischen Gefäss, insbesondere an einem Elektroschmelzofen</invention-title>
      <invention-title load-source="ep" status="new" lang="EN">Method and device for changing a slide gate system of a metallurgical vessel, especially of an electric melting furnace</invention-title>
      <invention-title load-source="ep" status="new" lang="FR">Méthode et dispositif pour changer un tiroir linéaire d'un récipient métallurgique, notamment d'un four de fusion électrique</invention-title>
    </technical-data>
    <parties>
      <applicants>
        <applicant status="new" format="epo">
          <addressbook>
            <name>SMS DEMAG AG</name>
            <address>
              <country>DE</country>
            </address>
          </addressbook>
        </applicant>
        <applicant status="new" format="intermediate">
          <addressbook>
            <name>SMS DEMAG AG</name>
          </addressbook>
        </applicant>
        <applicant status="new" format="original">
          <addressbook>
            <last-name>SMS Demag AG</last-name>
            <address>
              <street>Eduard-Schloemann-Strasse 4</street>
              <city>40237 Düsseldorf</city>
              <country>DE</country>
            </address>
          </addressbook>
        </applicant>
      </applicants>
      <inventors>
        <inventor status="new" format="epo">
          <addressbook>
            <name>FIGGE DIETER</name>
            <address>
              <country>DE</country>
            </address>
          </addressbook>
        </inventor>
        <inventor status="new" format="intermediate">
          <addressbook>
            <name>FIGGE, DIETER</name>
          </addressbook>
        </inventor>
        <inventor status="new" format="original">
          <addressbook>
            <last-name>FIGGE, DIETER</last-name>
            <address>
              <street>Defreggerstrasse 22</street>
              <city>45147 Essen</city>
              <country>DE</country>
            </address>
          </addressbook>
        </inventor>
      </inventors>
      <agents>
        <agent status="new" format="original">
          <addressbook>
            <last-name>Valentin, Ekkehard, Dipl.-Ing.</last-name>
            <address>
              <street>Patentanwälte Hemmerich &amp;amp; Kollegen, Hammerstrasse 2</street>
              <city>57072 Siegen</city>
              <country>DE</country>
            </address>
          </addressbook>
        </agent>
      </agents>
    </parties>
    <international-convention-data>
      <designated-states>
        <ep-contracting-states>
          <country>AT</country>
          <country>BE</country>
          <country>CH</country>
          <country>CY</country>
          <country>DE</country>
          <country>DK</country>
          <country>ES</country>
          <country>FI</country>
          <country>FR</country>
          <country>GB</country>
          <country>GR</country>
          <country>IE</country>
          <country>IT</country>
          <country>LI</country>
          <country>LU</country>
          <country>MC</country>
          <country>NL</country>
          <country>PT</country>
          <country>SE</country>
          <country>TR</country>
        </ep-contracting-states>
      </designated-states>
    </international-convention-data>
  </bibliographic-data>
  <abstract load-source="ep" status="new" lang="DE">
    <p>Ein Verfahren und eine Einrichtung zum Auswechseln einer Schieberbaugruppe (1)
an einem metallurgischen Gefäß (2), insbesondere an einem Elektroschmelzofen
(2a), wobei das Gefäß (2) bis zu einem Restsumpf (3) entleert wird, kann bei stationären,
nichtkippbaren Öfen, dahingehend erzielt werden, dass gegen Ende der
Schieberstandzeit der Abstichkanal (8) durch einen in das Innere (9) des Gefäßes (2)
eingefahrenen Schließstopfen (11) verschlossen wird und dass nach Auslaufen der
Restschmelze aus dem geschlossenen Abstichkanal (8) der verschlissene Schieber
(1a) gegen einen neuen Schieber (1b) ausgewechselt und darnach der Schließstopfen
(11) aus dem Gefäß (2) heraus in eine Parkposition (5a) gefahren wird.
<img id="img-00000001" orientation="unknown" wi="164" img-format="tif" img-content="ad" file="00000001.tif" inline="no" he="103"/></p>
  </abstract>
  <abstract load-source="docdb" source="EPO" status="new" lang="EN">
    <p>To exchange a sliding component group (1) at the taphole of a metallurgical vessel (2), and especially at an electro smelting furnace (2a), the vessel is emptied leaving a residual sump (3). With a static vessel, which cannot be tilted, as the sliding unit nears the end of its life, the tapping channel (8) is closed by a plug (11) which is moved within the interior (9) of the vessel. When the remainder of the molten metal has flowed through the closed tapping channel, the worn slide is replaced and the plug is withdrawn into a parking position.</p>
  </abstract>
  <description load-source="ep" status="new" lang="DE">
    <p num="0001">Die Erfindung betrifft ein Verfahren und eine Einrichtung zum Auswechseln einer
Schieberbaugruppe an einem metallurgischen Gefäß, insbesondere an einem Elektroschmelzofen,
wobei das Gefäß bis zu einem Restsumpf entleert wird.</p>
    <p num="0002">Elektrolichtbogen-Öfen zum Schmelzen von Schrott, werden immer häufiger für die
Stahlherstellung eingesetzt, weil ein solches Verfahren wirtschaftlicher arbeitet als
der klassische Weg über den Hochofen und anschließendem Frischen des Roheisens
im Konverter. Es werden derzeit Elektrolichtbogen-Öfen mit einem kippbaren
Gefäß eingesetzt, das am Abstichende einen Erker aufweist, in dem ein exzentrischer
Bodenabstich angeordnet ist.</p>
    <p num="0003">In zurückgekippter Lage wird der Einfachschieber geschlossen, der Abstichkanal mit
Stopfmasse gefüllt und der nächste Schmelzvorgang gestartet. Der Schmelzvorgang
nimmt etwa 40 min in Anspruch. Nach Fertigstellen der Stahlschmelze, erfolgt der
Abstichvorgang durch Kippen des Gefäßes in Richtung des Erkers, wobei der Einfachschieber
geöffnet wird. Da auf der Stahlplatte des Einfachschiebers im Abstichkanal
Füllsand steht, kommt die Stahlschmelze nicht in Berührung mit der Stahlplatte
des Schiebers. </p>
    <p num="0004">Für den Fall aber, dass aus Gründen der Energiewirtschaft ein solcher Elektrolichtbogen-Ofen
mit Erker nicht eingesetzt werden soll, und die Kipplagerung und der
Kippantrieb bei Neukonstruktionen einen erheblichen Anteil der Investition einnimmt,
kann auch von einem nichtkippbaren, d.h. nicht schwenkbaren Ofen ohne Erker ausgegangen
werden, der zudem in seiner Bauform sehr einfach wird.</p>
    <p num="0005">Derartige metallurgische Gefäße werden mehr und mehr darauf abgestellt, die Produktion
weitgehend ohne Unterbrechung durchführen zu können. Dabei soll ein solcher
Ofen niemals ganz entleert werden. Vielmehr soll zum schnellen Einschmelzen
ein Restsumpf erhalten bleiben. Ein solcher Restsumpf wiederum bedingt, dass der
zum Abstechen notwendige Schieber nicht gewechselt werden kann. Es ist aber für
eine kontinuierliche Erschmelzung von Stahl unabdingbar, dass der Schieber nach
ca. 15 Schmelzen, die etwa einem Arbeitstag entsprechen, gewechselt werden
muss. Der Wechsel des Abstichsystems soll daher möglich sein, während der Ofen
weiterarbeitet.</p>
    <p num="0006">Der derzeitige Einfachschieber , der auch bei kippbaren Öfen angewendet wird, erfüllt
diese Voraussetzungen nicht. Beim stationären Ofen berührt der Flüssigstahl die
Stahlplatte. Ein Heranbringen von Füllmaterial ist nicht möglich.</p>
    <p num="0007">Der Erfindung liegt die Aufgabe zugrunde, den Wechsel einer Schiebereinrichtung
auch bei stationären, nichtkippbaren Öfen zu ermöglichen, wobei ein Restsumpf
nach dem Abstechen im Ofen erhalten bleibt, um den nächsten Einschmelzvorgang
zu unterstützen.</p>
    <p num="0008">Die gestellte Aufgabe wird erfindungsgemäß dadurch gelöst, dass gegen Ende der
Schieberstandzeit der Abstichkanal durch einen in das Innere des Gefäßes eingefahrenen
Schließstopfen verschlossen wird und dass nach Auslaufen der Restschmelze
aus dem geschlossenen Abstichkanal der verschlissene Schieber gegen einen neuen 
Schieber ausgewechselt und darnach der Schließstopfen aus dem Gefäß heraus
in eine Parkposition gefahren wird. Im Betrieb arbeitet der Ofen mit dem Schieber,
über dem Füllmaterial den Zutritt zur Stahlplatte verhindert. Für den Fall, dass nach
ca. 15 Schmelzen ein Wechsel des Schiebers ansteht, wird der Schließstopfen in
den Ofen auf die Abstichöffnung des Lochsteins gefahren und dichtet das Gefäß von
innen her ab. Nach dem Auslaufen der Restschmelze kann der Austausch des verschlissenen
Schiebers gegen einen neuen erfolgen. Dadurch wird erheblich Zeit gespart,
indem Nebenzeitanteile in die Hauptzeit der Schmelzencharge verlegt wird.
Die Kosten für den Schließstopfen und dessen Nebeneinrichtungen werden daher
durch eine höhere Produktionsmenge bei weitem wieder aufgewogen, sogar noch
ein Gewinn erzielt.</p>
    <p num="0009">Eine Vorgehensweise, den Schieber zu wechseln, besteht darin, dass nach dem
Anfahren des Schließstopfens in Schließposition und nach dem Auslaufen der Restschmelze
ein Schieberbaugruppen-Manipulator unter die Schieberbaugruppe gefahren,
der verschlissene Schieber gestützt, durch Rütteln gelöst wird und dass danach
per Kran der verschlissene Schieber ausgebracht und der neue Schieber eingebaut
wird.</p>
    <p num="0010">Weiterhin wird so vorgegangen, dass zusammen mit dem Schieber ein Füllmaterial-Behälter
mit Füllmaterial und Zuführeinrichtung gewechselt wird. Dadurch ist in jeder
Phase des Betriebsablaufs Füllmaterial vorhanden und kann jederzeit eingebracht
werden.</p>
    <p num="0011">Ein schnelles Einfahren des Schließstopfens wird ferner dadurch bewirkt, dass die
Schließstopfenbewegung senkrecht oder im Bogen und der Schieberausbau oder
der Schiebereinbau senkrecht oder unter einem 45°-Winkel ausgeführt werden. </p>
    <p num="0012">Die Einrichtung zum Auswechseln einer Schieberbaugruppe an einem metallurgischen
Gefäß, insbesondere an einem Elektroschmelzofen, der senkrecht oder unter
einem spitzen Winkel zur Horizontalen abstechbar ist, wobei das Gefäß bis auf einen
Restsumpf entleerbar ist, löst die gestellte Aufgabe erfindungsgemäß dadurch, dass
einer seitlichen Öffnung in der Gefäßwand ein Schließstopfen-Manipulator mit zumindest
zwei unabhängigen Bewegungsrichtungen zugeordnet ist und dass im Bereich
des Abstichkanals des Gefäßes ein Schieberbaugruppen-Manipulator zum
Ausbau oder Einbau einer Schieberbaugruppe vorgesehen ist. Dadurch wird der
Vorteil erzielt, in weniger als einer Minute einen Schieberwechsel durchführen zu
können, so dass in der Zwischenzeit der Schließstopfen eine ausreichende Standzeit
aufweist.</p>
    <p num="0013">Nach weiteren Merkmalen wird vorgeschlagen, dass der Schieber aus einem Drei-Stellungs-Schieber
besteht. Dadurch gibt es eine Stellung für das Abstoppen der
Stahlschmelze, eine Stellung für den Durchtritt des Füllmaterials und eine Stellung
für den Durchtritt von Flüssigstahl.</p>
    <p num="0014">In Ausgestaltung ist vorgesehen, dass an einem gemeinsamen Rahmen der Drei-Stellungs-Schieber
mit einem Antrieb und ein Füllmaterial-Behälter mit einer Füllmaterial-Zuführeinrichtung,
die ein Transportrohr aufweist, vorgesehen ist, das von dem
Füllmaterial-Behälter bis zur Durchgangsöffnung des sich in Mittelstellung befindlichen
Drei-Stellungs-Schiebers geführt ist. Dadurch kann eine sehr kompakte Baueinheit
aus dem Schieber und der Füllmaterial-Zuführeinrichtung erzielt werden.</p>
    <p num="0015">Zur Förderung des Füllmaterials ist ferner vorgesehen, dass in dem Füllmaterial-Behälter
ein an das Transportrohr angeschlossener Schubkolben angeordnet ist.
Dadurch wird erheblich an Raum gespart und das Füllmaterial gelangt ohne weiteres
vor den Schubkolben, der es in Richtung Transportrohr fördert. </p>
    <p num="0016">Nach weiteren Merkmalen ist vorgesehen, dass der Schließstopfen-Manipulator mit
einer Steuerung für quer und parallel zur Gefäßwandöffnung und parallel zur Abstichkanalachse
gerichteten Bewegungen ausgestattet ist. Die Bewegungen können
nach einem Programm ausgeführt werden und sind daher beliebig wiederholbar.</p>
    <p num="0017">Eine andere Ausgestaltung sieht vor, dass der Schließstopfen-Manipulator mit einer
ersten Führung, die parallel zur Abstichkanalachse, einer zweiten Führung, die parallel
zur Ebene der Gefäßwandöffnung und mit einer dritten Führung, die senkrecht
zur Ebene der Gefäßwandöffnung verläuft, versehen ist. Dementsprechend bestehen
für die Bewegung des Schließstopfens drei Freiheitsgrade.</p>
    <p num="0018">Eine Verbesserung sieht ferner vor, dass der Füllmaterial-Behälter mit dem Transportrohr
und dem Schubkolben zusammen mit der Schieberbaugruppe auf einem
gemeinsamen Tragrahmen angeordnet sind. Mit der Zusammenlegung des Füllmaterial-Behälters
und der Schieberbaugruppe wird eine kompakte Einheit geschaffen,
die leicht transportiert und montiert werden kann.</p>
    <p num="0019">Den Gegebenheiten der Metallurgie am Lochstein eines Gefäßes wird ferner dadurch
Rechnung getragen, dass der Tragrahmen in einer horizontalen Führungsbahn an
den Abstichkanal mittels eines horizontalen Antriebs anstellbar ist.</p>
    <p num="0020">In dieser Hinsicht besteht eine zusätzliche Verbesserung darin, dass die horizontale
Führungsbahn mittels eines weiteren Antriebs im Winkel zur Horizontalen verstellbar
ist.</p>
    <p num="0021">Eine weitere Bewegungsrichtung für diesen Tragrahmen wird dadurch geschaffen,
dass der gemeinsame Tragrahmen auf einem Tragholm der horizontalen Führungsbahn
mittels eines Hubantriebs in der Höhe verstellbar ist. Dadurch werden sämtliche 
möglichen Lageabweichungen am Lochstein des matallurgischen Gefäßes berücksichtigt,
so dass ein schneller Wechsel der Schieberbaugruppe stattfinden kann.</p>
    <p num="0022">Schließlich bestehen Merkmale darin, dass der Schließstopfen an einen Lochstein
mit im Raum oder zum Gefäßbodenbereich senkrechtem oder von der Senkrechten
in einem Bogen von 45° umlenkenden Abstichkanal anstellbar ist.</p>
    <p num="0023">In der Zeichnung sind Ausführungsbeispiele der Erfindung dargestellt und werden
nachfolgend näher erläutert.</p>
    <p num="0024">Es zeigen:
<dl compact="compact" tsize="6"><dt><i>Fig. 1</i></dt><dd>eine Ansicht einer Ofenbühne mit einem Elektroschmelzofen und
schrägem Abstichkanal,</dd><dt><i>Fig. 2</i></dt><dd>die Ansicht wie Fig. 1 mit senkrechtem Abstichkanal,</dd><dt><i>Fig</i>. <i>3</i></dt><dd>einen senkrechten Schnitt durch den schrägen Abstichkanal mit einer
Schieberbaugruppe und Füllmaterial-Behälter,</dd><dt><i>Fig</i>. <i>4</i></dt><dd>eine Ansicht des Schließstopfens in 45°-Ausführung mit dem Schließ-stopfen-Manipulator
im Teilschnitt,</dd><dt><i>Fig</i>. <i>5</i></dt><dd>einen Schnitt durch die Gesamt-Ofenanlage mit Elektroschmelzofen,
dem Schließstopfen-Manipulator und dem Schieber-Manipulator,</dd><dt><i>Fig</i>. <i>6</i></dt><dd>als Einzelheit den schrägen Schließstopfen mit einem speziellen Lochstein,</dd><dt><i>Fig</i>. <i>7</i></dt><dd>diese Einzelheit eines senkrechten Schließstopfens mit einem anderen
speziellen Lochstein und</dd><dt><i>Fig</i>. <i>8</i></dt><dd>in einem Teilschnitt mit Seitenansicht die Gesamtanlage für einen
schräg arbeitenden Schließstopfen-Manipulator und dem Schieber-Manipulator.</dd></dl></p>
    <p num="0025">Das Verfahren zum Auswechseln einer Schieberbaugruppe 1 an einem metallurgischen
Gefäß 2, das insbesondere aus einem Elektroschmelzofen 2a besteht, der
ohne Drehung und ohne Kippung arbeitet, geht von einem Entleeren des Gefäßes 2
bis auf einen Restsumpf 3 aus. Die Schlacke 4 wird über ein getrenntes Schiebersystem
5 in einen Schlackekübel 6 abgelassen. Der Elektroschmelzofen 2a wird in eine
Stahlpfanne 7 entleert.</p>
    <p num="0026">Das Abstichloch 8 verläuft mit seiner Achse unter einem 45°-Winkel (Fig. 1) oder
senkrecht (Fig. 2), wobei gegen Ende des Abstechens der Abstichkanal 8 durch einen
in das Innere 9 durch eine Öffnung 10 in der Seitenwand eingefahrenen
Schließstopfen 11 verschließt. Nach Auslaufen der Restschmelze aus dem Abstichkanal
8 wird der verschlissene Schieber 1a gegen einen neuen Schieber 1b ausgewechselt
und der Schließstopfen 11 wird aus dem Gefäß 2 heraus in eine Parkposition
12 gefahren (vgl. Fig. 5).</p>
    <p num="0027">Nach dem Anfahren des Schließstopfens 11 in die Schließposition (Fig. 1 und 2) und
nach dem Auslaufen der Restschmelze wird ein Schieberbaugruppen-Manipulator 13
unter die Schieberbaugruppe 1 gefahren, der verschlissene Schieber 1a wird gestützt,
durch Rütteln gelöst und danach per Kran der verschlissene Schieber 1a ausgebracht
und der neue Schieber 1b eingebaut.</p>
    <p num="0028">In der Schieberbaugruppe 1 wird zusammen mit dem neuen Schieber 1b ein
Füllmaterial-Behälter 14 mit Füllmaterial 15 und einer Zuführeinrichtung 16 gewechselt.</p>
    <p num="0029">Die Schließstopfenbewegung kann senkrecht (Fig. 2) oder im Bogen und der Schieberausbau
oder der Schiebereinbau können senkrecht (Fig. 2) oder unter einem 45°-Winkel
(Fig. 1) ausgeführt werden. </p>
    <p num="0030">Die Einrichtung zum Auswechseln der Schieberbaugruppe 1 sieht der seitlichen Öffnung
10 in der Gefäßwand 2b zugeordnet einen Schließstopfen-Manipulator 17 vor,
mit zumindest zwei unabhängigen Bewegungsrichtungen 18. Im Bereich des Abstichkanals
8 des Gefäßes 2 ist der Schieberbaugruppen-Manipulator 13 zum Ausbau
oder zum Einbau einer Schieberbaugruppe 1 vorgesehen.</p>
    <p num="0031">Der Schieber 1a, 1b besteht aus einem Drei-Stellungs-Schieber 1c (Fig.3). In der
gezeichneten Stellung 19 kann Füllmaterial 15 bis in den Abstichkanal 8 hindurchtreten.
In der Stellung 20 ist der Durchtritt von Stahlschmelze gesperrt. In der Stellung
21 kann Stahl durch ein Keramikrohr austreten.</p>
    <p num="0032">Gemäß Fig. 3 ist an einem gemeinsamen Rahmen 22 der Drei-Stellungs-Schieber 1c
mit einem Antrieb 23, der aus einem angelenkten Hydraulikzylinder mit Schubkolben
26 besteht, vorgesehen. Der Füllmaterial-Behälter 14, die Füllmaterial-Zuführeinrichtung
16 und ein Transportrohr 24 werden ebenfalls von dem Rahmen 22 getragen.
Das Transportrohr 24 führt das Füllmaterial 15 bis zur Durchgangsöffnung 25 des
sich in Mittelstellung 19 befindlichen Drei-Stellungs-Schiebers 1c.</p>
    <p num="0033">Der in dem Füllmaterial-Behälter 14 an das Transportrohr 24 angeschlossene
Schubkolben 26 drückt Füllmaterial 15 in den Abstichkanal 8 vor die Schieberplatte.
Der Antrieb 23 bewegt die Schieberplatte mit dem verbundenen Transportrohr 24 für
Füllmaterial 15.</p>
    <p num="0034">Der Schließstopfen-Manipulator 17 ist mit einer Steuerung für den Schließstopfen 11
(nach einem Joy-Stick geführten Steuerverfahren) ausgerüstet. Die Stellung des
Schließstopfens 11 kann von Hand nach einem Kamerabild einer geschützten Kamera
28 gesteuert werden. Die Steuerung führt den Schließstopfen-Manipulator 17 quer 
und parallel zur Gefäßwandöffnung 10 oder parallel zur Abstichkanalachse 8a mit
entsprechenden Bewegungsrichtungen 18.</p>
    <p num="0035">Der Schließstopfen-Manipulator 17 weist eine erste Führung 29 auf, die parallel zur
Abstichkanalachse 8a verläuft, eine zweite Führung 30, die parallel zur Ebene 31 der
Gefäßwandöffnung 10 verläuft, und eine dritte Führung 32, die senkrecht zur Ebene
31 der Gefäßwandöffnung 10 verläuft.</p>
    <p num="0036">Wie aus Fig. 5 ersichtlich ist, besteht der Schieberbaugruppen-Manipulator 13 aus
den Teilen 38, 39, 33, 35, 36 und 37. In den winklig muldenförmig ausgeformten
Tragrahmen 33 wird (was nachstehend anhand eines Wechselvorgangs noch beschrieben
wird), als Einheit der Schieber mit dem Keramikrohr, das Transportrohr
24 mit dem Füllmaterialbehälter 14 und dem Antrieb 26 per Kran ausgewechselt. Die
Einheit wird mit den nachstehend beschriebenen Klemmbacken zwischen Schieber
und Manipulator 13 vorübergehend verbunden. Der durch die Gefäßwandöffnung 10
eingefahrene Schließstopfen 11 arbeitet senkrecht im Abstand zu den Elektroden 34.</p>
    <p num="0037">Der Tragrahmen 33 als Teil des Schieberbaugruppen-Manipulators 13 ist in einer
horizontalen Führungsbahn 35 an den Abstichkanal 8 mittels eines horizontalen Antriebs
36 anstellbar. Der Antrieb 36 kann aus einem Kolben-Zylinder-Antrieb bestehen
(wie gezeichnet) und die Führungsbahn 35 kann aus einzelnen Rollenpaaren
bestehen, die am holmartigen Tragrahmen 33 anliegen.</p>
    <p num="0038">Um ein passgenaues Anfahren der Schieberbaugruppe 1 zu gewährleisten, ist die
horizontale Führungsbahn 36 mittels eines weiteren Antriebs 37 im Winkel zur Horizontalen
einstellbar, wodurch Ungenauigkeiten der Konstruktion ausgeglichen werden.
Der Tragrahmen 33 kann auch aus einem Tragholm 38 gebildet sein. </p>
    <p num="0039">Der gemeinsame Tragrahmen 22 bzw. 33 ist ferner auf dem Tragholm 38 mittels eines
Hubantriebes 39 in der Höhe verstellbar. Die Schieberbaugruppe 1 kann daher
in allen drei Raumachsen am Abstichkanal 8 justiert angestellt werden.</p>
    <p num="0040">Gemäß den Fig. 6 und 7 ist der Schließstopfen 11 an einem Lochstein 40 mit im
Raum oder zum Gefäßbodenbereich 2c senkrechten oder von der Senkrechten in
einem Bogen 41 von 45° verlaufenden Abstichkanal 8 anpassbar. Gemäß Fig. 8 ist
der Lochstein 40 mit einem geraden Verlauf 42 der Abstichkanalachse 8a ausgeführt.</p>
    <p num="0041">Die horizontale Führungsbahn 35 mit dem horizontalen Antrieb 36 ist an einem Gerüst
42 über eine Schwinge 43 an einem Zapfengelenk 44 drehgelagert, um die Winkelbewegungen
45 durch Schwenkbewegungen 46 des weiteren Antriebs 37 aufzufangen.
Ebenfalls werden Achsbewegungen 47 des Tragholms 38 berücksichtigt.</p>
    <p num="0042">Ein Schieberwechsel verläuft nunmehr wie folgt:</p>
    <p num="0043">Der Schließstopfen 11 wird zugefahren; der Schieberbaugruppen-Manipulator 13
fährt unter den verschlissenen Schieber 1a; der Hubantrieb 39 wird hochgefahren
und stützt den Schieber 1a; Klemmbacken zwischen Schieber und Manipulator 13
werden manuell befestigt und geklemmt; Klemmteile zwischen Schieber und Gefäß
werden manuell entfernt; der verschlissene Schieber 1a ist nunmehr frei; der Schieber
1 a wird losgerüttelt durch Betätigung des weiteren Antriebs 37; der Schieber 1a
wird seitlich weggefahren; die Klemmbacken zwischen Schieber und Manipulator 13
werden gelöst; der verschlissene Schieber 1 a wird von einem Kran nach oben abgehoben
vom Schieberbaugruppen-Manipulator 13; der neue Schieber 1b wird mit dem
Kran in den Schieberbaugruppen-Manipulator 13 eingelegt und mit Klemmbacken 
befestigt; der Schieberbaugruppen-Manipulator 13 fährt unter das Gefäß; der Hubantrieb
39 drückt den Schieber 1b in die Zentrierbolzen am Gefäß; Klemmteile zwischen
Schieber 1b und Gefäß 2 werden manuell eingelegt; die Klemmbacken zwischen
Schieber 1b und Manipulator 13 werden entfernt und der Schließstopfen 11
wird gehoben und aus dem Gefäß 2 gefahren. </p>
    <heading>
      <b>
        <u style="single">Bezugszeichenliste</u>
      </b>
    </heading>
    <p num="0044">
      <dl compact="compact" tsize="2">
        <dt>1</dt>
        <dd>Schieberbaugruppe</dd>
        <dt>1a</dt>
        <dd>verschlissener Schieber</dd>
        <dt>1b</dt>
        <dd>neuer Schieber</dd>
        <dt>1c</dt>
        <dd>Drei-Stellungs-Schieber</dd>
        <dt>2</dt>
        <dd>metallurgisches Gefäß</dd>
        <dt>2a</dt>
        <dd>Elektroschmelzofen</dd>
        <dt>2b</dt>
        <dd>Gefäßwand</dd>
        <dt>2c</dt>
        <dd>Gefäßbodenbereich</dd>
        <dt>3</dt>
        <dd>Restsumpf</dd>
        <dt>4</dt>
        <dd>Schlacke</dd>
        <dt>5</dt>
        <dd>getrenntes Schiebersystem</dd>
        <dt>6</dt>
        <dd>Schlackenkübel</dd>
        <dt>7</dt>
        <dd>Stahlpfanne</dd>
        <dt>8</dt>
        <dd>Abstichkanal</dd>
        <dt>8a</dt>
        <dd>Abstichkanalachse</dd>
        <dt>9</dt>
        <dd>Gefäß-Inneres</dd>
        <dt>10</dt>
        <dd>Gefäßwandöffnung</dd>
        <dt>11</dt>
        <dd>Schließstopfen</dd>
        <dt>12</dt>
        <dd>Parkposition</dd>
        <dt>13</dt>
        <dd>Schieberbaugruppen-Manipulator</dd>
        <dt>14</dt>
        <dd>Füllmaterial-Behälter</dd>
        <dt>15</dt>
        <dd>Füllmaterial</dd>
        <dt>16</dt>
        <dd>Zuführeinrichtung</dd>
        <dt>17</dt>
        <dd>Schließstopfen-Manipulator</dd>
        <dt>18</dt>
        <dd>Bewegungsrichtungen</dd>
        <dt>19</dt>
        <dd>Mittelstellung des Schiebers</dd>
      </dl>
    </p>
    <heading>
      <b>Fortsetzung Bezugszeichenliste</b>
    </heading>
    <p num="0045">
      <dl compact="compact" tsize="2">
        <dt>20</dt>
        <dd>Stellung des Schiebers</dd>
        <dt>21</dt>
        <dd>Stellung des Schiebers</dd>
        <dt>22</dt>
        <dd>gemeinsamer Tragrahmen</dd>
        <dt>23</dt>
        <dd>Antrieb</dd>
        <dt>24</dt>
        <dd>Transportrohr (beweglich gemeinsam mit Schieberplatten)</dd>
        <dt>25</dt>
        <dd>Durchgangsöffnung</dd>
        <dt>26</dt>
        <dd>Schubkolben</dd>
        <dt>27</dt>
        <dd>Führung für Transportrohr</dd>
        <dt>28</dt>
        <dd>Kamera</dd>
        <dt>29</dt>
        <dd>erste Führung</dd>
        <dt>30</dt>
        <dd>zweite Führung</dd>
        <dt>31</dt>
        <dd>Ebene der Öffnung</dd>
        <dt>32</dt>
        <dd>dritte Führung</dd>
        <dt>33</dt>
        <dd>Tragrahmen</dd>
        <dt>34</dt>
        <dd>Elektroden</dd>
        <dt>35</dt>
        <dd>horizontale Führungsbahn</dd>
        <dt>36</dt>
        <dd>horizontaler Antrieb</dd>
        <dt>37</dt>
        <dd>weiterer Antrieb</dd>
        <dt>38</dt>
        <dd>Tragholm</dd>
        <dt>39</dt>
        <dd>Hubantrieb</dd>
        <dt>40</dt>
        <dd>Lochstein</dd>
        <dt>41</dt>
        <dd>Bogen</dd>
        <dt>42</dt>
        <dd>Gerüst</dd>
        <dt>43</dt>
        <dd>Schwinge</dd>
        <dt>44</dt>
        <dd>Zapfengelenk</dd>
        <dt>45</dt>
        <dd>Winkelbewegungen</dd>
        <dt>46</dt>
        <dd>Schwenkbewegungen</dd>
      </dl>
    </p>
  </description>
  <claims load-source="ep" status="new" lang="DE">
    <claim num="1">
      <claim-text>Verfahren zum Auswechseln einer Schieberbaugruppe an einem metallurgischen
Gefäß, insbesondere an einem Elektroschmelzofen, wobei das Gefäß
bis zu einem Restsumpf entleert wird,dadurch gekennzeichnet,
dass gegen Ende der Standzeit des Schiebers der Abstichkanal durch einen in
das Innere des Gefäßes eingefahrenen Schließstopfen verschlossen wird und
dass nach Auslaufen der Restschmelze aus dem geschlossenen Abstichkanal,
der verschlissene Schieber gegen einen neuen Schieber ausgewechselt
und darnach der Schließstopfen aus dem Gefäß heraus in eine Parkposition
gefahren wird.</claim-text>
    </claim>
    <claim num="2">
      <claim-text>Verfahren nach Anspruch 1,dadurch gekennzeichnet,
dass nach dem Anfahren des Schließstopfens in Schließposition und nach
dem Auslaufen der Restschmelze ein Schieberbaugruppen-Manipulator unter
die Schieberbaugruppe gefahren, der verschlissene Schieber gestützt, durch
Rütteln gelöst wird und dass danach per Kran der verschlissene Schieber
ausgebracht und der neue Schieber eingebaut wird.</claim-text>
    </claim>
    <claim num="3">
      <claim-text>Verfahren nach einem der Ansprüche 1 oder 2,dadurch gekennzeichnet,
dass zusammen mit dem Schieber ein Füllmaterial-Behälter mit Füllmaterial
und Zuführeinrichtung gewechselt wird.</claim-text>
    </claim>
    <claim num="4">
      <claim-text>Verfahren nach einem der Ansprüche 1 bis 3,dadurch gekennzeichnet,
dass die Schließstopfenbewegung senkrecht oder im Bogen und der Schieberausbau
oder der Schiebereinbau senkrecht oder unter einem 45°-Winkel
ausgeführt werden.</claim-text>
    </claim>
    <claim num="5">
      <claim-text>Einrichtung zum Auswechseln einer Schieberbaugruppe an einem metallurgischen
Gefäß, insbesondere an einem Elektroschmelzofen, der senkrecht oder
unter einem spitzen Winkel zur Horizontalen abstechbar ist, wobei das Gefäß
bis auf einen Restsumpf entleerbar ist,dadurch gekennzeichnet,
dass einer seitlichen Öffnung (10) in der Gefäßwand (2b) ein Schließstopfen-Manipulator
(17) mit zumindest zwei unabhängigen Bewegungsrichtungen
(18) zugeordnet ist und dass im Bereich des Abstichkanals (8) des Gefäßes
(2) ein Schieberbaugruppen-Manipulator (13) zum Ausbau oder Einbau einer
Schieberbaugruppe (1) vorgesehen ist.</claim-text>
    </claim>
    <claim num="6">
      <claim-text>Einrichtung nach Anspruch 5,dadurch gekennzeichnet,
dass der Schieber (1a; 1b) aus einem Drei-Stellungs-Schieber (1c) besteht.</claim-text>
    </claim>
    <claim num="7">
      <claim-text>Einrichtung nach den Ansprüchen 5 und 6,dadurch gekennzeichnet,
dass an einem gemeinsamen Rahmen (22) der Drei-Stellungs-Schieber (1c)
mit einem Antrieb (23) und ein Füllmaterial-Behälter (14) mit einer Füllmaterial-Zuführeinrichtung
(16), die ein Transportrohr (24) aufweist, das von dem
Füllmaterial-Behälter (14) bis zur Durchgangsöffnung (25) des sich in Mittelstellung
(19) befindlichen Drei-Stellungs-Schiebers (1c) geführt ist.</claim-text>
    </claim>
    <claim num="8">
      <claim-text>Einrichtung nach einem der Ansprüche 5 bis 7,dadurch gekennzeichnet,
dass in dem Füllmaterial-Behälter (14) ein an das Transportrohr (24) angeschlossener
Schubkolben (26) angeordnet ist.</claim-text>
    </claim>
    <claim num="9">
      <claim-text>Einrichtung nach Anspruch 5,dadurch gekennzeichnet,
dass der Schließstopfen-Manipulator (17) mit einer Steuerung für quer und
parallel zur Gefäßwandöffnung (10) und parallel zur Abstichkanalachse (8a)
gerichteten Bewegungen (18) ausgestattet ist.</claim-text>
    </claim>
    <claim num="10">
      <claim-text>Einrichtung nach einem der Ansprüche 5 bis 9,dadurch gekennzeichnet,
dass der Schließstopfen-Manipulator (17) mit einer ersten Führung (29), die
parallel zur Abstichkanalachse (8a), einer zweiten Führung (30), die parallel
zur Ebene (31) der Gefäßwandöffnung (10) und mit einer dritten Führung (32),
die senkrecht zur Ebene (31) der Gefäßwandöffnung (10) verläuft, versehen
ist.</claim-text>
    </claim>
    <claim num="11">
      <claim-text>Einrichtung nach Anspruch 5,dadurch gekennzeichnet,
dass der Füllmaterialbehälter (14) mit dem Transportrohr (24) und dem
Schubkolben (26) zusammen mit der Schieberbaugruppe (1) auf einem gemeinsamen
Tragrahmen (22; 33) angeordnet sind.</claim-text>
    </claim>
    <claim num="12">
      <claim-text>Einrichtung nach Anspruch 11,dadurch gekennzeichnet,
dass der Tragrahmen (22; 33) in einer horizontalen Führungsbahn (35) an den
Abstichkanal (8) mittels eines horizontalen Antriebs (26) anstellbar ist.</claim-text>
    </claim>
    <claim num="13">
      <claim-text>Einrichtung nach einem der Ansprüche 11 oder 12,dadurch gekennzeichnet,
dass die horizontale Führungsbahn (35) mittels eines weiteren Antriebs (37)
im Winkel zur Horizontalen verstellbar ist.</claim-text>
    </claim>
    <claim num="14">
      <claim-text>Einrichtung nach einem der Ansprüche 11 bis 13,dadurch gekennzeichnet,
dass der gemeinsame Tragrahmen (22; 33) auf einem Tragholm (38) der horizontalen
Führungsbahn (35) mittels eines Hubantriebs (39) in der Höhe verstellbar
ist.</claim-text>
    </claim>
    <claim num="15">
      <claim-text>Einrichtung nach einem der Ansprüche 5 bis 11,dadurch gekennzeichnet,
dass der Schließstopfen (11) an einen Lochstein (40) mit im Raum oder zum
Gefäßbodenbereich (2c) senkrechtem oder von der Senkrechten in einem Bogen
(41) von 45° umlenkenden Abstichkanal (8) anstellbar ist.</claim-text>
    </claim>
  </claims>
  <copyright>User acknowledges that the Information Retrieval Facility (IRF) and its third party providers retain all right, title and interest in and to this xml under applicable copyright laws. User acquires no ownership rights to this xml including but not limited to its format. User hereby accepts the terms and conditions of the Licence Agreement set forth at http://www.ir-facility.org/legal/marec/data_licence</copyright>
</patent-document>
