<?xml version="1.0" encoding="utf-8"?>
<!DOCTYPE patent-document PUBLIC "-//MXW//DTD patent-document XML//EN" "http://www.ir-facility.org/dtds/patents/v1.4/patent-document.dtd">
<patent-document ucid="EP-1226835-A1" country="EP" doc-number="1226835" kind="A1" lang="FR" family-id="8859284" status="new" date-produced="20090516" date="20020731">
  <bibliographic-data>
    <publication-reference ucid="EP-1226835-A1" status="new" fvid="23521546">
      <document-id status="new" format="original">
        <country>EP</country>
        <doc-number>1226835</doc-number>
        <kind>A1</kind>
        <date>20020731</date>
      </document-id>
    </publication-reference>
    <application-reference ucid="EP-02290150-A" status="new" is-representative="NO">
      <document-id status="new" format="epo">
        <country>EP</country>
        <doc-number>02290150</doc-number>
        <kind>A</kind>
        <date>20020121</date>
      </document-id>
    </application-reference>
    <priority-claims status="new">
      <priority-claim ucid="FR-0101086-A" status="new">
        <document-id status="new" format="epo">
          <country>FR</country>
          <doc-number>0101086</doc-number>
          <kind>A</kind>
          <date>20010126</date>
        </document-id>
      </priority-claim>
    </priority-claims>
    <technical-data status="new">
      <classifications-ipcr>
        <classification-ipcr status="new">A01N  37/16        20060101A I20051008RMEP        </classification-ipcr>
        <classification-ipcr status="new">A01N  37/16        20060101C I20051008RMEP        </classification-ipcr>
        <classification-ipcr status="new">A61L   2/18        20060101A I20051008RMEP        </classification-ipcr>
        <classification-ipcr status="new">A61L   2/18        20060101C I20051008RMEP        </classification-ipcr>
        <classification-ipcr status="new">A61L   9/14        20060101A I20051008RMEP        </classification-ipcr>
        <classification-ipcr status="new">A61L   9/14        20060101C I20051008RMEP        </classification-ipcr>
      </classifications-ipcr>
      <classification-ecla status="new">
        <classification-symbol scheme="EC">A01N  37/16+M</classification-symbol>
        <classification-symbol scheme="EC">A61L   2/18</classification-symbol>
        <classification-symbol scheme="EC">A61L   9/14</classification-symbol>
      </classification-ecla>
      <invention-title load-source="ep" status="new" lang="DE">Desinfektionsverfahren für Räume mittels Thermo-Vernebelung einer wässrigen Pressigsäurelösung und Lösung zur Anwendung im Verfahren</invention-title>
      <invention-title load-source="ep" status="new" lang="EN">Method of disinfecting premises by thermospraying an aqueous solution of peracetic acid and solution for carrying out said method</invention-title>
      <invention-title load-source="ep" status="new" lang="FR">Procédé de désinfection de locaux par thermonébulisation d'une solution aqueuse 'acide peracétique et solution mise en oeuvre dans le procédé</invention-title>
    </technical-data>
    <parties>
      <applicants>
        <applicant status="new" format="epo">
          <addressbook>
            <name>BIOXAL</name>
            <address>
              <country>FR</country>
            </address>
          </addressbook>
        </applicant>
        <applicant status="new" format="epo">
          <addressbook>
            <name>S E P P I C SOC D EXPL DE PROD</name>
            <address>
              <country>FR</country>
            </address>
          </addressbook>
        </applicant>
        <applicant status="new" format="intermediate">
          <addressbook>
            <name>BIOXAL</name>
          </addressbook>
        </applicant>
        <applicant status="new" format="intermediate">
          <addressbook>
            <name>S.E.P.P.I.C., SOCIETE D'EXPLOITATION DE PRODUITS POUR LES INDUSTRIES CHIMIQUES</name>
          </addressbook>
        </applicant>
        <applicant status="new" format="original">
          <addressbook>
            <last-name>Bioxal</last-name>
            <address>
              <street>75 Quai d'Orsay</street>
              <city>75007 Paris</city>
              <country>FR</country>
            </address>
          </addressbook>
        </applicant>
        <applicant status="new" format="original">
          <addressbook>
            <last-name>S.E.P.P.I.C., SOCIETE D'EXPLOITATION DE PRODUITS POUR LES INDUSTRIES CHIMIQUES</last-name>
            <address>
              <street>75, Quai d'Orsay</street>
              <city>F-75007 Paris</city>
              <country>FR</country>
            </address>
          </addressbook>
        </applicant>
      </applicants>
      <inventors>
        <inventor status="new" format="epo">
          <addressbook>
            <name>GAMET JEAN-CLAUDE</name>
            <address>
              <country>FR</country>
            </address>
          </addressbook>
        </inventor>
        <inventor status="new" format="epo">
          <addressbook>
            <name>LE ROUZIC DANIEL</name>
            <address>
              <country>FR</country>
            </address>
          </addressbook>
        </inventor>
        <inventor status="new" format="intermediate">
          <addressbook>
            <name>GAMET, JEAN-CLAUDE</name>
          </addressbook>
        </inventor>
        <inventor status="new" format="intermediate">
          <addressbook>
            <name>LE ROUZIC, DANIEL</name>
          </addressbook>
        </inventor>
        <inventor status="new" format="original">
          <addressbook>
            <last-name>GAMET, JEAN-CLAUDE</last-name>
            <address>
              <street>Saint Martin du Tatre, F Maizeray</street>
              <city>71460 Saint Martin du Tartre</city>
              <country>FR</country>
            </address>
          </addressbook>
        </inventor>
        <inventor status="new" format="original">
          <addressbook>
            <last-name>LE ROUZIC, DANIEL</last-name>
            <address>
              <street>23 Avenue des Lilas</street>
              <city>95120 Ermont</city>
              <country>FR</country>
            </address>
          </addressbook>
        </inventor>
      </inventors>
      <agents>
        <agent status="new" format="original">
          <addressbook>
            <last-name>Conan, Philippe Claude</last-name>
            <address>
              <street>L'Air Liquide SA, 75 Quai d'Orsay</street>
              <city>75321 Paris Cedex 01</city>
              <country>FR</country>
            </address>
          </addressbook>
        </agent>
      </agents>
    </parties>
    <international-convention-data>
      <designated-states>
        <ep-contracting-states>
          <country>DE</country>
          <country>ES</country>
          <country>FR</country>
          <country>GB</country>
          <country>IT</country>
          <country>PT</country>
        </ep-contracting-states>
      </designated-states>
    </international-convention-data>
  </bibliographic-data>
  <abstract load-source="docdb" source="EPO" status="new" lang="EN">
    <p>Procedure for disinfection of premises comprises at least one stage in which the disinfection is carried out by thermonebulization of an aqueous solution of peracetic acid.</p>
  </abstract>
  <abstract load-source="ep" status="new" lang="FR">
    <p>Procédé de désinfection d'un local, caractérisé en ce qu'il comprend au moins une
étape de désinfection réalisée par thermonébulisation d'une solution aqueuse
d'acide peracétique à dose comprise entre 50 ppm et 300 ppm / m<sup>3</sup>. Solution
aqueuse d'acide peracétique mise en oeuvre.</p>
  </abstract>
  <description load-source="ep" status="new" lang="FR">
    <p num="0001">L'invention se rapporte à un nouveau procédé de désinfection de locaux et
à la composition mise en oeuvre.

La bio-sécurité des produits alimentaires exigée par les consommateurs, implique
une prise de responsabilité plus importante de la filière alimentaire et plus particulièrement
des éleveurs, à la qualité et à l'innocuité des viandes mises à la
consommation humaine. Il en découle l'obligation impérieuse d'élever les animaux
et de produire la viande dans d'excellentes conditions sanitaires et aussi d'être
capable d'en apporter la preuve. Les conditions d'hygiène dans lesquelles opère la
filière viande sont donc essentielles pour atteindre cet objectif.</p>
    <p num="0002">C'est pourquoi, les procédures de nettoyage et de désinfection des locaux
d'élevage s'inscrivent dans la stratégie globale de l'hygiène de la filière. Ces procédures
comprennent notamment les étapes suivantes :
<sl><li>(a) - La préparation des bâtiments comme le dégagement de tous
leurs accès ou la vidange des pré-fosses,</li><li>(b) - le nettoyage des surfaces à l'eau chaude avec un nettoyant -
dégraissant,</li><li>(c) - la désinfection primaire des surfaces avec un désinfectant à
large spectre,</li><li>(d) - la désinfection secondaire ou terminale des surfaces par sublimation
de formol ou aérolisation d'un désinfectant et</li><li>(e) - le contrôle bactériologique.</li></sl></p>
    <p num="0003">Ces procédures permettent ainsi d'assainir les surfaces tout en quantifiant
les résultats obtenus à l'issue de chaque étape. Généralement, le nettoyage diminue
10 fois la population bactérienne, la désinfection primaire réduit de 10<sup>3</sup> fois, le
nombre de germes restant après le nettoyage et la désinfection secondaire réduit
de 10 fois le nombre de germes survivants.</p>
    <p num="0004">Actuellement, trois techniques sont retenues pour la désinfection secondaire
:
<sl><li>(a) - La sublimation du formol qui est un désinfectant très actif mais
d'un emploi très délicat. Les locaux doivent être totalement hermétiques et le traitement
doit durer 12 heures. De plus le délai de récupération est trop long car il
faut aérer longtemps les locaux pour atteindre la valeur limite d'exposition aux vapeurs
(VLE) ; </li><li>(b) - L' aérolisation d'un désinfectant qui consiste en la production
d'un brouillard de fines particules de désinfectant de taille de l'ordre de 10 à 30
microns. Cette méthode est difficile à mettre en oeuvre pour obtenir un brouillard
stable et homogène dans tout le local. Les produits désinfectants nécessitent trois
à quatre heures de contacts ;</li><li>(c) - La thermonébulisation d'un désinfectant consistant en la production
d'un brouillard de très fines particules de désinfectant de taille de l'ordre de
0,5 à 1 micron. On obtient par cette méthode une dispersion rapide et homogène
du désinfectant. Cette dernière méthode est devenue le procédé de référence en
matière de désinfection secondaire.</li></sl></p>
    <p num="0005">Cependant, lorsque cette méthode est mise en oeuvre avec des désinfectants
aldéhydiques tels que le glutaraldéhyde, le temps de contact nécessaire est
toujours supérieur à deux heures et il se produit une polymérisation du composé,
qui conduit peu à peu à l'encrassement du thermonébulisateur. D'autre part
comme, pour les méthodes précédentes, les locaux doivent rester inoccupés pendant
12 heures pour atteindre la valeur limite d'exposition aux vapeurs (VLE).</p>
    <p num="0006">La demanderesse a donc cherché à mettre au point un nouveau procédé
de désinfection par thermonébulisation, qui n'ait pas les inconvénients exposés ci-dessus
tant en termes d'encrassage du thermonébulisateur que de VLE.</p>
    <p num="0007">C'est pourquoi l'invention a pour objet, un procédé de désinfection d'un local,
caractérisé en ce qu'il comprend au moins une étape de désinfection réalisée
par thermonébulisation d'une solution aqueuse d'acide peracétique.</p>
    <p num="0008">L'invention a principalement pour objet, un procédé de nettoyage et de désinfection
d'un local, comprenant au moins une étape de lavage, suivie d'au moins
une étape de désinfection, caractérisé en ce que l'étape de désinfection est réalisée
par thermonébulisation d'une solution aqueuse d'acide peracétique.</p>
    <p num="0009">L'invention a plus particulièrement pour objet, un procédé de nettoyage et
de désinfection d'un local tel que défini ci-dessus, comprenant au moins une étape
de lavage, suivie d'au moins une étape de désinfection primaire elle-même suivie
d'au moins une étape de désinfection secondaire, caractérisé en ce que l'étape de
désinfection secondaire est réalisée par thermonébulisation d'une solution
aqueuse d'acide peracétique, et tout particulièrement un procédé de nettoyage et
de désinfection d'un local tel que défini ci-dessus, comprenant une étape de lavage, 
suivie d'une étape de désinfection primaire, elle-même suivie d'une étape de
désinfection secondaire, caractérisé en ce que l'étape de désinfection secondaire
est réalisée par thermonébulisation d'une solution aqueuse d'acide peracétique.</p>
    <p num="0010">Par étape de lavage, on entend dans le cadre de la présente invention,
étape de lavage à l'eau chaude ou avec une solution aqueuse d'un ou plusieurs
détergents, suivie si désiré ou si nécessaire, d'une ou plusieurs étapes de rinçage
à l'eau chaude ou à l'eau froide.</p>
    <p num="0011">Le procédé est mis en oeuvre de façon à thermonébuliser une quantité
d'acide peracétique comprise entre 50 ppm et 300 ppm par mètre cube de local à
désinfecter et de préférence entre 50 ppm et 100 ppm par mètre cube de local à
désinfecter.</p>
    <p num="0012">La température de thermonébulisation est généralement comprise entre
0°C et 45°C et est de préférence comprise entre 25°C et 35°C.</p>
    <p num="0013">La solution est utilisée soit sans être préalablement diluée soit à un taux dilution
généralement compris entre 1 et 1/10. La dilution est effectuée manuellement
avant mise en oeuvre de l'appareil à thermonébuliser. On utilise des solutions
plus ou moins concentrées en acide peracétique.</p>
    <p num="0014">Généralement la concentration en acide peracétique n'excède pas 20 % en
poids et sera supérieure ou égale à 1 % en poids ; la concentration en acide acétique
est comprise entre 2 % et 45 %, et la concentration en peroxyde d'hydrogène
est comprise entre 2 % et 35 % en poids.</p>
    <p num="0015">Selon une première variante particulière du procédé tel que défini ci-dessus,
on utilise une solution aqueuse d'acide peracétique comprenant entre 1 %
et 10 % en poids d'acide peracétique, entre 5 % et 30 % et plus particulièrement
entre 5 % et 25 % en poids, de peroxyde d'hydrogène et entre 5 % et 25 % et plus
particulièrement entre 5% et 15% en poids, d'acide acétique , que l'on dilue dans
l'eau à un taux compris entre 1 / 2 et 1 / 5.</p>
    <p num="0016">La solution aqueuse d'acide peracétique mise en oeuvre dans le procédé
objet de la présente invention, peut aussi comprendre un ou plusieurs composés
auxiliaires choisis parmi de 0,0001 % à 3 % en poids d'oxyde d'amine, de 0,001 %
à 3 % en poids d'agents tensioactifs non ioniques, 0,001 % à 2 % d'inhibiteurs de
corrosion, de 0,001 % à 3 % en poids d'agents stabilisants et de 0,001 % en poids
de catalyseurs acides. </p>
    <p num="0017">Comme oxyde d'amine, on préfère les composés de formule (I)
<st32:chr xmlns:st32="http://www.ir-facility.org/ns/st32/">(R<sub>1</sub>)(R<sub>2</sub>)(R<sub>3</sub>)N→O</st32:chr>
dans laquelle R<sub>1</sub> représente un radical aliphatique linéaire ou ramifié, saturé ou insaturé
comprenant de 6 à 30 atomes de carbone et plus particulièrement de 8 à
18 atomes de carbone, et R<sub>2</sub> et R<sub>3</sub>, identiques ou différents, représentent indépendamment
l'un de l'autre un radical alkyle linéaire ou ramifié, comportant de 1 à
4 atomes de carbone ou un radical hydroxyalkyle, linéaire ou ramifié, comportant
de 1 à 4 atomes de carbone.</p>
    <p num="0018">Comme composé de formule (I) approprié à la présente invention, il y a plus
particulièrement l'oxyde de cocodiméthylamine, l'oxyde de myristamine, l'oxyde de
di(hydroxyéthyl) cocoamine, l'oxyde de diméthyl stéarylamine, ou l'oxyde de diéthyl
stéarylamine comme les composés commercialisés sous le nom AROMOX ™
et notamment l'AROMOX™ MCD-W</p>
    <p num="0019">Comme agent tensioacif non-ionique approprié à la présente invention, il y
a notamment les composés commerciaux suivants :
<tables><table><tgroup cols="2"><tbody><row><entry align="center">nom</entry><entry align="center">composition chimique</entry></row><row><entry align="center">Génapol™ 2822</entry><entry align="center">mélange d'alcools alkoxylés en C<sub>10</sub>, C<sub>12</sub>, C<sub>14</sub>, (5 OE, 4 OP)</entry></row><row><entry align="center">Génapol™ 2908D</entry><entry align="center">mélange d'alcools alkoxylés en C<sub>11</sub>, C<sub>13</sub>, C<sub>15</sub>, (6 à 7 OE, 3 OP)</entry></row><row><entry align="center">Génapol™ 2909</entry><entry align="center">mélange d'alcools alkoxylés en C<sub>12</sub> et C<sub>14</sub>, (5 OE, 3 OP)</entry></row><row><entry align="center">Simulsol™ NW 900</entry><entry align="center">mélange d'alcools alkoxylés (x OE, y OP)</entry></row><row><entry align="center">Triton™ DF 12</entry><entry align="center">Ether benzylique d'alcools alkoxylés en C<sub>8</sub>, C<sub>10</sub>, (2 OE, 5 OP)</entry></row><row><entry align="center">Triton™ CF 10</entry><entry align="center">Ether benzylique d'alcools étoxylés en C<sub>8</sub>, (16 OE)</entry></row><row><entry align="center">Triton™ DF 16</entry><entry align="center">mélange d'alcools alkoxylés en C<sub>8</sub>, C<sub>10</sub>, (6 OE, 3 OP)</entry></row><row><entry align="center">Akypo™ RO 90</entry><entry align="center">Ether carboxylique éthoxylé en C<sub>16</sub>, C<sub>18</sub> (9 OE)</entry></row><row><entry align="center">Dowfax™20b 102</entry></row><row><entry align="center">Akypo™ LF 2</entry><entry align="center">Ether carboxylique éthoxylé en C<sub>8</sub> (8 OE)</entry></row><row><entry align="center">Akypo™ LF 4</entry><entry align="center">Ether carboxylique éthoxylé en C<sub>6</sub>, C<sub>8</sub> (7 OE)</entry></row></tbody></tgroup></table></tables>
On préfère les composés de formule (II) :
<st32:che xmlns:st32="http://www.ir-facility.org/ns/st32/">R<sub>4</sub> -O-[CH(R<sub>5</sub>)-CH(R<sub>6</sub>)]<sub>n</sub>-OR<sub>7</sub></st32:che> 
dans laquelle R<sub>4</sub> représente un radical aliphatique linéaire ou ramifié, saturé ou insaturé
comprenant de 6 à 30 atomes, et plus particulièrement de 10 à 18 atomes
de carbone, et R<sub>5</sub> et R<sub>6</sub>, identiques ou différents, représentent indépendamment
l'un de l'autre un atome d'hydrogène ou un radical méthyle, R<sub>7</sub> représente un
atome d'hydrogène, un radical alkyle linéaire ou ramifié, comportant de 1 à 4 atomes
ou un radical benzyle et représente un nombre compris entre 1 et 50 et est
de préférence inférieur à 20. Dans la définition de la formule (II), le groupe -
[CH(R<sub>5</sub>)-CH(R<sub>6</sub>)]<sub>n</sub>- peut représenter, soit une chaíne polyéthoxylée (R<sub>5</sub> et R<sub>6</sub> = H]
soit une chaíne polypropoxylée (l'un des R<sub>5</sub> ou R<sub>6</sub> = H et l'autre est un radical méthyle),
soit une chaíne polybutoxylée (R<sub>5</sub> et R<sub>6</sub> = CH<sub>3</sub>], soit une chaínes constituée
d'un mélange de deux sortes ou des trois sortes de groupes, éthoxyle, propoxyles
ou butoxyles, les différents fragments étant distribués au sein de ladite chaíne, de
manière séquencée ou aléatoire. Les inhibiteurs de corrosion, les agents stabilisants
et les catalyseurs acides sont ceux habituellement présents dans les solutions
aqueuses d'acides peracétique.</p>
    <p num="0020">Selon une deuxième variante particulière du procédé tel que décrit précédemment,
la solution aqueuse qui est diluée au tiers avec de l'eau puis thermonébulisée
contient entre 3 % et 6 % en poids d'acide peracétique.</p>
    <p num="0021">Selon une troisième variante particulière du procédé tel que décrit précédemment,
la solution aqueuse qui est diluée au tiers avec de l'eau puis thermonébulisée
contient entre 10 % et 20 % en poids de peroxyde d'hydrogène.</p>
    <p num="0022">Selon une quatrième variante particulière du procédé tel que décrit précédemment,
la solution aqueuse qui est diluée au tiers avec de l'eau puis thermonébulisée
contient entre 10 % et 20 % en poids d'acide acétique.</p>
    <p num="0023">Selon une cinquième variante particulière du procédé tel que décrit précédemment,
la solution aqueuse qui est diluée au tiers avec de l'eau puis thermonébulisée
contient entre 0,1 % et 1 % d'un composé de formule (II).</p>
    <p num="0024">Selon une sixième variante particulière du procédé tel que décrit précédemment,
la solution aqueuse qui est diluée au tiers avec de l'eau puis thermonébulisée
contient entre 0, 05 % et 0,5 % en poids d'un composé de formule (I).</p>
    <p num="0025">Les solutions mises en oeuvre dans les variantes particulières précédentes
contiennent aussi éventuellement
<sl><li>entre 0,1 % et 0,5 % en poids d'agent stabilisant, </li><li>entre 0,5 % et 1 % d'inhibiteur de corrosion et</li><li>entre 0 % et 1 % d'acide fort.</li></sl></p>
    <p num="0026">Selon un autre aspect de la présente invention, celle-ci a pour objet la solution
aqueuse mise en oeuvre dans l'une des variantes particulières du procédé, telles
que définies précédemment. Elle a plus particulièrement pour objet une solution
aqueuse d'acide peracétique consistant en entre 5 % et 6 % en poids d'acide
peracétique, entre 14 % et 15 % en poids de peroxyde d'hydrogène, entre 17,5 %
et 18,5 % en poids d'acide acétique, entre 0,15 % et 0,25 % en poids d'un composé
de formule (II), entre 0,5 % et 0,7 % en poids d'inhibiteur de corrosion, entre 0,
05 % et 0,15 % en poids d'un composé de formule (I), 0,15 % et 0,25 % en poids
d'un agent stabilisant, entre 0,1 % et 0,5 % en poids d'acide sulfurique et de l'eau
q.s.p. 100 %</p>
    <p num="0027">Le procédé tel que décrit ci-dessus, est plus particulièrement destiné au lavage
et à la désinfection des locaux d'élevage d'animaux et tout particulièrement à
la désinfection des locaux d'élevage avicole. Il n'est cependant pas limité à cette
seule catégorie de local.</p>
    <p num="0028">L'exemple suivant illustre l'invention sans toutefois la limiter.</p>
    <heading>
      <u style="single">Exemple d'application :</u>
    </heading>
    <p num="0029">Après nettoyage et désinfection primaire d'un local d'élevage, on thermonébulise
6 ml / m<sup>3</sup> de local d'une solution aqueuse préparée par dilution au tiers dans
l'eau de ville d'une composition contenant 5,4 % en poids d'acide peracétique,
14,5 % de peroxyde d'hydrogène, 17,9 % d'acide acétique, 0,2 % d'agent tensioactif
non ionique (Génapol™ 2908 D) 0,7 % d'inhibiteur de corrosion (dihydrogénophosphate
de sodium), 0,1 % d'oxyde d'amine (Aromox™ MCD-W), 0,2 %
d'acide hydroxy-éthylidène di phosponique,(DEQUEST™ 2010), 0,4 % d'acide sulfurique
et eau qsp 100 %, au moyen d'un thermonébulisateur <b>TF 35 EL</b> commercialisé
par la société <b>IGEBA.</b></p>
    <p num="0030">On laisse ensuite le local au repos pendant une heure puis on le ventile
pendant quinze minutes avant réutilisation.</p>
    <p num="0031">L'analyse des prélèvements effectués avant la ventilation finale selon la
norme française NFT 72281, permet de mettre en évidence un abattement supérieur
à 5 log en terme de bactéricidie, supérieur à 4 log en terme de fungicidie et
supérieur à 3 log en terme de sporicidie. </p>
    <p num="0032">On constate que la composition essayée n'a pas d'équivalent connue en
termes d'efficacité désinfectante globale par voie aérienne. D'autre part à plusieurs
essais, on ne constate aucune détérioration de l'appareil pouvant être préjudiciables
aux opérations de thermonébulisation ultérieures.</p>
  </description>
  <claims load-source="ep" status="new" lang="FR">
    <claim num="1">
      <claim-text>Procédé de désinfection d'un local, caractérisé en ce qu'il comprend au
moins une étape de désinfection réalisée par thermonébulisation d'une solution
aqueuse d'acide peracétique.</claim-text>
    </claim>
    <claim num="2">
      <claim-text>Procédé tel que défini à la revendication 1, comprenant au moins une
étape de lavage, suivie d'au moins une étape de désinfection, caractérisé en ce
que l'étape de désinfection est réalisée par thermonébulisation d'une solution
aqueuse d'acide peracétique.</claim-text>
    </claim>
    <claim num="3">
      <claim-text>Procédé de nettoyage et de désinfection d'un local tel que défini à la revendication
2, comprenant au moins une étape de lavage, suivie d'au moins une
étape de désinfection primaire, elle même suivie d'au moins une étape de désinfection
secondaire, caractérisé en ce que l'étape de désinfection secondaire est
réalisée par thermonébulisation d'une solution aqueuse d'acide peracétique.</claim-text>
    </claim>
    <claim num="4">
      <claim-text>Procédé de nettoyage et de désinfection d'un local tel que défini à la revendication
3, comprenant une étape de lavage, suivie d'une étape de désinfection
primaire, elle même suivie d'une étape de désinfection secondaire, caractérisé
en ce que l'étape de désinfection secondaire est réalisée par thermonébulisation
d'une solution aqueuse d'acide peracétique.</claim-text>
    </claim>
    <claim num="5">
      <claim-text>Procédé tel que défini à l'une des revendications 1 à 4, dans lequel la
quantité d'acide peracétique thermonébulisée est comprise entre 50 ppm et 300
ppm par mètre cube de local à désinfecter et de préférence entre 50 ppm et 100
ppm par mètre cube de local à désinfecter.</claim-text>
    </claim>
    <claim num="6">
      <claim-text>Procédé tel que défini à l'une des revendications 1 à 5, dans lequel La
température de thermonébulisation est généralement comprise entre 0°C et 45°C
et est de préférence comprise entre 25°C et 35°C.</claim-text>
    </claim>
    <claim num="7">
      <claim-text>Procédé tel que défini à l'une des revendications 1 à 6, caractérisé en ce
que l'on thermonébulise une solution aqueuse d'acide peracétique comprenant entre
1 % et 10 % en poids d'acide peracétique, entre 5 % et 30 % et plus particulièrement
entre 5 % et 25 % en poids, de peroxyde d'hydrogène et entre 5 % et 25 %
et plus particulièrement entre 5% et 15% en poids, d'acide acétique, que l'on dilue
dans l'eau à un taux compris entre 1 / 2 et 1 / 5.diluée préalablement dans l'eau à
un taux compris entre 1/2 et 1/5.</claim-text>
    </claim>
    <claim num="8">
      <claim-text>Procédé tel que défini à la revendication 7, caractérisé en ce la solution
aqueuse d'acide peracétique comprend en outre un ou plusieurs composés auxiliaires
choisis parmi de 0,0001 % à 3 % en poids d'oxydes d'amines, de 0,001 % à
3 % en poids d'agents tensioactifs non ioniques, 0,001 % à 20 % d'inhibiteurs de
corrosion, de 0,001 % à 3 % en poids d'agents stabilisants et de 0,001 % en poids
de catalyseurs acides.</claim-text>
    </claim>
    <claim num="9">
      <claim-text>Procédé tel que défini à l'une des revendications 7 ou 8, caractérisé en
ce que la solution d'acide peracétique comprend outre un composé de formule (I) :
(R1)(R2)(R3)N→O
dans laquelle R1 représente un radical aliphatique linéaire ou ramifié, saturé ou insaturé
comprenant de 6 à 30 atomes de carbone et plus particulièrement de 8 à
18 atomes de carbone, et R2 et R3, identiques ou différents, représentent indépendamment
l'un de l'autre un radical alkyle linéaire ou ramifié, comportant de 1 à
4 atomes de carbone ou un radical hydroxyalkyle, linéaire ou ramifié, comportant
de 1 à 4 atomes de carbone et de préférence un composé de formule (I) choisi
parmi l'oxyde de cocodiméthylamine, l'oxyde de myristamine, l'oxyde de
di(hydroxyéthyl) cocoamine, l'oxyde de diméthyl stéarylamine, ou l'oxyde de diéthyl
stéarylamine.</claim-text>
    </claim>
    <claim num="10">
      <claim-text>Procédé tel que défini à l'une des revendications 7 à 9, caractérisé en
ce que la solution d'acide peracétique comprend outre un composé de formule (II)
R4 -O - [CH(R5)-CH(R6)]n-OR7
dans laquelle R4 représente un radical aliphatique linéaire ou ramifié, saturé ou insaturé
comprenant de 6 à 30 atomes, et plus particulièrement de 10 à 18 atomes
de carbone, et R5 et R6, identiques ou différents, représentent indépendamment
l'un de l'autre un atome d'hydrogène ou un radical méthyle, R7 représente un
atome d'hydrogène, un radical alkyle linéaire ou ramifié, comportant de 1 à 4 atomes
ou un radical benzyle et représente un nombre compris entre 1 et 50 et est
de préférence inférieur à 20.</claim-text>
    </claim>
    <claim num="11">
      <claim-text>Procédé tel que défini à l'une des revendications 1 à 10, caractérisé en
ce que la solution aqueuse d'acide peracétique qui est diluée au tiers avec de
l'eau puis thermonébulisée contient entre 3 % et 6 % en poids d'acide peracétique.</claim-text>
    </claim>
    <claim num="12">
      <claim-text>Procédé tel que défini à l'une des revendications 1 à 11, caractérisé en
ce que la solution aqueuse d'acide peracétique qui est diluée au tiers avec de
l'eau puis thermonébulisée contient entre 10 % et 20 % en poids de peroxyde
d'hydrogène.</claim-text>
    </claim>
    <claim num="13">
      <claim-text>Procédé tel que défini à l'une des revendications 1 à 12, caractérisé en
ce que la solution aqueuse d'acide peracétique qui est diluée au tiers avec de
l'eau puis thermonébulisée contient entre 10 % et 20 % en poids d'acide acétique.</claim-text>
    </claim>
    <claim num="14">
      <claim-text>Procédé tel que défini à l'une des revendications 10 à 13, caractérisé
en ce que la solution aqueuse d'acide peracétique qui est diluée au tiers avec de
l'eau puis thermonébulisée contient entre 0,1 % et 1 % d'un composé de formule
(II).</claim-text>
    </claim>
    <claim num="15">
      <claim-text>Procédé tel que défini à l'une des revendications 9 à 14, caractérisé en
ce que la solution aqueuse d'acide peracétique qui est diluée au tiers avec de
l'eau puis thermonébulisée contient entre 0, 05 % et 0,5 % en poids d'un composé
de formule (I).</claim-text>
    </claim>
    <claim num="16">
      <claim-text>Procédé tel que défini à l'une des revendications 1 à 15, caractérisé en
ce que la solution aqueuse d'acide peracétique qui est diluée au tiers avec de
l'eau puis thermonébulisée contient éventuellement
<claim-text><claim-text>entre 0,1 % et 0,5 % en poids d'agent stabilisant,</claim-text><claim-text>entre 0,5 % et 1 % d'inhibiteur de corrosion et/ou</claim-text><claim-text>entre 0 % et 1 % d'acide fort.</claim-text></claim-text></claim-text>
    </claim>
    <claim num="17">
      <claim-text>Solution aqueuse comprenant :
<claim-text><claim-text>entre 3 % et 6 % en poids d'acide peracétique,</claim-text><claim-text>entre 10 % et 20 % en poids de peroxyde d'hydrogène,</claim-text><claim-text>entre 10 % et 20 % en poids d'acide acétique,</claim-text><claim-text>entre 0,1 % et 1 % d'un composé de formule (II),</claim-text><claim-text>entre 0, 05 % et 0,5 % en poids d'un composé de formule (I),
et éventuellement</claim-text><claim-text>entre 0,1 % et 0,5 % en poids d'agent stabilisant,</claim-text><claim-text>entre 0,5 % et 1 % d'inhibiteur de corrosion et/ou,</claim-text><claim-text>entre 0,1 % et 1 % d'acide fort.</claim-text></claim-text></claim-text>
    </claim>
    <claim num="18">
      <claim-text>Solution aqueuse telle que définie à la revendication 17, consistant en
entre 5 % et 6 % en poids d'acide peracétique, entre 14 % et 15 % en poids de
peroxyde d'hydrogène, entre 17,5 % et 18,5 % en poids d'acide acétique, entre
0,15 % et 0,25 % en poids d'un composé de formule (II), entre 0,5 % et 0,7 % en
poids d'inhibiteur de corrosion, entre 0, 05 % et 0,15 % en poids d'un composé de
formule (I), 0,15 % et 0,25 % en poids d'un agent stabilisant, 0,1 % et 0,5 % en
poids d'acide sulfurique et de l'eau q.s.p. 100 %.</claim-text>
    </claim>
    <claim num="19">
      <claim-text>Procédé tel que défini à l'une des revendications1 à 16, dans lequel le
local est un local d'élevage d'animaux et tout particulièrement à la désinfection des
locaux d'élevage avicole</claim-text>
    </claim>
  </claims>
  <copyright>User acknowledges that the Information Retrieval Facility (IRF) and its third party providers retain all right, title and interest in and to this xml under applicable copyright laws. User acquires no ownership rights to this xml including but not limited to its format. User hereby accepts the terms and conditions of the Licence Agreement set forth at http://www.ir-facility.org/legal/marec/data_licence</copyright>
</patent-document>
