<?xml version="1.0" encoding="utf-8"?>
<!DOCTYPE patent-document PUBLIC "-//MXW//DTD patent-document XML//EN" "http://www.ir-facility.org/dtds/patents/v1.4/patent-document.dtd">
<patent-document ucid="EP-1251084-A1" country="EP" doc-number="1251084" kind="A1" lang="DE" family-id="7682123" status="new" date-produced="20090516" date="20021023">
  <bibliographic-data>
    <publication-reference ucid="EP-1251084-A1" status="new" fvid="23590787">
      <document-id status="new" format="original">
        <country>EP</country>
        <doc-number>1251084</doc-number>
        <kind>A1</kind>
        <date>20021023</date>
      </document-id>
    </publication-reference>
    <application-reference ucid="EP-02008742-A" status="new" is-representative="NO">
      <document-id status="new" format="epo">
        <country>EP</country>
        <doc-number>02008742</doc-number>
        <kind>A</kind>
        <date>20020418</date>
      </document-id>
    </application-reference>
    <priority-claims status="new">
      <priority-claim ucid="DE-10119437-A" status="new">
        <document-id status="new" format="epo">
          <country>DE</country>
          <doc-number>10119437</doc-number>
          <kind>A</kind>
          <date>20010420</date>
        </document-id>
      </priority-claim>
    </priority-claims>
    <technical-data status="new">
      <classifications-ipcr>
        <classification-ipcr status="new">B65G  45/00        20060101C I20051008RMEP        </classification-ipcr>
        <classification-ipcr status="new">B65G  45/18        20060101A I20051008RMEP        </classification-ipcr>
      </classifications-ipcr>
      <classification-ecla status="new">
        <classification-symbol scheme="EC">B65G  45/18</classification-symbol>
      </classification-ecla>
      <invention-title load-source="ep" status="new" lang="DE">Förderkette mit Bürstenelement</invention-title>
      <invention-title load-source="ep" status="new" lang="EN">Conveyor chain having brush element</invention-title>
      <invention-title load-source="ep" status="new" lang="FR">Chaîne transporteuse avec élement de brosse</invention-title>
    </technical-data>
    <parties>
      <applicants>
        <applicant status="new" format="epo">
          <addressbook>
            <name>WINKLHOFER &amp; SOEHNE GMBH</name>
            <address>
              <country>DE</country>
            </address>
          </addressbook>
        </applicant>
        <applicant status="new" format="intermediate">
          <addressbook>
            <name>JOH. WINKLHOFER &amp; SOEHNE GMBH &amp; CO KG</name>
          </addressbook>
        </applicant>
        <applicant status="new" format="original">
          <addressbook>
            <last-name>JOH. WINKLHOFER &amp;amp; SÖHNE GmbH &amp;amp; Co KG</last-name>
            <address>
              <street>Albert-Rosshaupter-Strasse 53</street>
              <city>D-81369 München</city>
              <country>DE</country>
            </address>
          </addressbook>
        </applicant>
      </applicants>
      <inventors>
        <inventor status="new" format="epo">
          <addressbook>
            <name>TEUBER TORALF</name>
            <address>
              <country>DE</country>
            </address>
          </addressbook>
        </inventor>
        <inventor status="new" format="intermediate">
          <addressbook>
            <name>TEUBER, TORALF</name>
          </addressbook>
        </inventor>
        <inventor status="new" format="original">
          <addressbook>
            <last-name>TEUBER, TORALF</last-name>
            <address>
              <street>Hollerweg 28</street>
              <city>85375 Neufahrn</city>
              <country>DE</country>
            </address>
          </addressbook>
        </inventor>
      </inventors>
      <agents>
        <agent status="new" format="original">
          <addressbook>
            <last-name>Grünecker, Kinkeldey, Stockmair &amp;amp; Schwanhäusser Anwaltssozietät</last-name>
            <address>
              <street>Maximilianstrasse 58</street>
              <city>80538 München</city>
              <country>DE</country>
            </address>
          </addressbook>
        </agent>
      </agents>
    </parties>
    <international-convention-data>
      <designated-states>
        <ep-contracting-states>
          <country>CH</country>
          <country>DE</country>
          <country>FR</country>
          <country>GB</country>
          <country>IT</country>
          <country>LI</country>
          <country>NL</country>
        </ep-contracting-states>
      </designated-states>
    </international-convention-data>
  </bibliographic-data>
  <abstract load-source="ep" status="new" lang="DE">
    <p>Die Erfindung betrifft eine Förderkette mit abwechselnd aneinander gereihten
Innen- und Außenkettengliedern (3,4), die jeweils über ein Kettengelenk (10) miteinander
verbunden sind und das Kettengelenk (10) eine Hülse (5) des Innenkettengliedes (3)
und ein sich durch die Hülse (5) erstreckenden Bolzen (8) des Außenkettengliedes
umfasst (4). Die Funktionalität einer solchen Förderkette soll erweitert werden.
Hierzu ist zumindest ein Bürstenelement (11) vorgesehen, das zumindest eine
Befestigungsaufnahme (15) umfasst und das Bürstenelement mit der Befestigungsaufnahme (15)
im Wesentlichen formschlüssig auf das Innenkettenglied
und/oder das Außenkettenglied aufgesteckt ist. Die Erfindung betrifft auch
ein Bürstenelement für eine solche Förderkette.
<img id="img-00000001" orientation="unknown" wi="83" img-format="tif" img-content="ad" file="00000001.tif" inline="no" he="102"/></p>
  </abstract>
  <abstract load-source="docdb" source="EPO" status="new" lang="EN">
    <p>The conveyor chain has inner and outer chain links (3,4) connected via chain joints. A brush element (11) has at least one fastening holder, which is plugged mainly positively into and inner and/or outer link. The brush element consists of a plastic base part (12) and bristles (14) anchored in it. The fastening holder is formed by a bore, which is formed in the plastic base and positively engages around a sleeve of an inner chain link.</p>
  </abstract>
  <description load-source="ep" status="new" lang="DE">
    <p num="0001">Die vorliegende Erfindung betrifft eine Förderkette mit abwechselnd aneinander
gereihten Innen- und Außenkettengliedern, die jeweils über ein Kettengelenk
miteinander verbunden sind und das Kettengelenk eine Hülse des
Innenkettengliedes und einen sich durch die Hülse erstreckenden Bolzen des
Außenkettengliedes umfasst.</p>
    <p num="0002">Im Stand der Technik gibt es eine ganze Reihe von Förderketten, die den
oben beschriebenen Aufbau aufweisen. Eine dieser Arten ist eine Stauförderkette.
Eine Stauförderkette weist zum einen Laufrollen zur Führung und
für das Eingreifen der Kettenräder und zum anderen Staurollen auf, die der
Lastaufnahme dienen und im Staufall für ein Entlangrollen an dem zu fördernden
Gut sorgen. Es gibt einfache Stauförderketten, bei denen das Außenkettenglied
zwei parallele Außenlaschen und zwei diese miteinander verbindende
Bolzen und das Innenkettenglied zwei parallele Innenlaschen und
zwei diese miteinander verbindende Hülsen umfasst. Üblicherweise ist auf
jeder zweiten Hülse eine Staurolle frei drehbar angeordnet. Um eine größere
Überlappung von Staurollen zu erzielen, gibt es auch eine Variante, bei der
das Innenkettenglied aus zwei Hülsen und eine mittig zu diesem angeordnete
Mittenlasche aufgebaut ist. Bei dieser Variante werden schmalere Staurollen
verwendet, die sich bei der ersten Hülse rechts von der Mittenlasche
und bei der nächsten Hülse links von der Mittenlasche befindet, so dass sich
die Staurollen zick-zack-förmig abwechseln und eine teilweise Überdeckung
geschaffen ist. In einer Reihe sind dann wiederum nur Staurollen auf jeder
zweiten Hülse angeordnet. Solche Förderketten sind weit verbreitet im Einsatz.
Die Führung der Ketten erfolgt in aller Regel in einem speziellen Schienensystem,
das bei Spezialstauförderketten, auch zur Seitenbogenführung
verwendet werden kann. Probleme bereiten bei derartigen Anordnungen teilweise
die in das Schienensystem eindringenden Schmutzpartikel. Bei einigen
Kettentypen ist es bereits bekannt, Abdeckungen vorzusehen, die Bereiche
der Kette so abdecken, dass keine Schmutzpartikel hineinfallen können. </p>
    <p num="0003">Es ist nunmehr die Aufgabe der vorliegenden Erfindung, eine verbesserte
Förderkette bereitzustellen, die ein verbessertes Verschleißverhalten aufweist.</p>
    <p num="0004">Diese Aufgabe wird erfindungsgemäß dadurch gelöst, dass zumindest ein
Bürstenelement vorgesehen ist, das zumindest eine Befestigungsaufnahme
umfasst, und das Bürstenelemente mit der Befestigungsaufnahme im Wesentlichen
formschlüssig auf ein Innenkettenglied und/oder Außenkettenglied
aufgesteckt ist.</p>
    <p num="0005">Durch diese Maßnahme wird die Förderkette mit einer aktiven Einigungsfunktion
ausgestattet. Es wird demnach nicht nur mittels einer Abdeckung
versucht, das Eindringen von Spänen zu verhindern, sondern es werden
vielmehr Schmutzpartikel aktiv aus dem Führungsbereich der Kette entfernt.
Solche Bürstenelemente müssen nicht über die gesamte Länge der Kette
angeordnet werden. Vielmehr reicht es, sie vereinzelt so zu platzieren, dass
die notwendige Reinigungsfunktion sichergestellt ist. Durch das Ausbilden
der Befestigungsaufnahme als Aufsteckaufnahme, können Standardketten
auch nachträglich mit solchen Bürstenelementen ausgerüstet werden.</p>
    <p num="0006">Von Vorteil ist eine Ausführungsform, bei der das Bürstenelement mit der
Befestigungsaufnahme im Wesentlichen formschlüssig auf einen Umfangsbereich
zumindest einer Hülse des Innenkettengliedes aufgesteckt ist. Diese
Konstruktion führt zu einer stabilen Befestigung.</p>
    <p num="0007">Günstigerweise kann das Bürstenelement ein, die mindestens eine Befestigungsaufnahme
umfassendes Kunststoffbasisteil und darin fest verankerte
Borsten umfassen. Solche Kunststoffbasisteile können an die unterschiedlichsten
Gegebenheiten sehr einfach angepasst werden. Auch die Bereiche,
in denen die Borsten verankert werden, können unterschiedlich ausgestaltet
sein. So können die Borsten in Schräg-, X-, Parallel- und anderen Stellungen
angeordnet werden. Auch die Verwendung unterschiedlicher Materialien sowie
Borstengeometrien ist denkbar. </p>
    <p num="0008">Darüber hinaus kann die Befestigungsaufnahme von einer im Kunststoffbasisteil
eingeformten, die Hülse des Innenkettengliedes formschlüssig umgebenden
Bohrung gebildet sein. Diese setzt in aller Regel voraus, dass das
Bürstenelement schon bei der Kettenmontage mit auf die Hülsen aufgeschoben
wird. Hierdurch ist eine sehr innige und feste und nur durch Zerstörung
lösbare Verbindung gegeben.</p>
    <p num="0009">Es besteht aber auch die Möglichkeit, dass die Befestigungsaufnahme eine
Rasteinrichtung umfasst, die federnd mit der Hülse des Innenkettengliedes
verrastet ist. Demnach kann das Bürstenelement an verschiedene Abschnitte
der Kette verrastet werden. Durch diese lösbare Anordnung ist ein Austausch
jederzeit möglich. Prinzipiell besteht die Möglichkeit, solche Bürstenelemente
an jeglichen geeigneten Stellen der Förderkette zu verrasten.</p>
    <p num="0010">Gemäß einer Ausführungsform kann die Rasteinrichtung von einer Rastnut
mit zumindest einseitig federnd ausgestaltetem Randbereich gebildet sein,
wobei die Rastnut die Hülse des Innenkettengliedes über einen Winkelbereich
von mehr als 180° umgibt. Eine solche Rastnut sorgt für ein kippsicheres
Anbringen z.B. über die gesamte Länge der Hülse. Bei entsprechender
Wahl eines geeigneten Bürstenelementwerkstoffes ergeben sich für den Betrieb
geeignete Rastkräfte, so dass ein unbeabsichtigtes Lösen des Bürstenelementes
nicht möglich ist.</p>
    <p num="0011">Darüber hinaus kann das Bürstenelement ein Befestigungsaufnahmepaar
umfassen, das Bürstenelemente als Überbrückungseinheit zwischen den
zwei Hülsen eines Innenkettengliedes angeordnet sein und jede Befestigungsaufnahme
des Befestigungsaufnahmepaars auf eine der Hülsen des
Innenkettengliedes aufgesteckt sein. Durch diese doppelte Aufsteckung des
Bürstenelementes ist eine sichere Führung und beste Fixierung desselben
an den übrigen Kettenelementen gegeben. Des Weiteren wird die Lücke zwischen
zwei Hülsen geschlossen, so dass neben der Reinigungsfunktion
durch die Borsten auch eine Abdeckfunktion zur Schließung dieser Lücke 
übernommen wird.</p>
    <p num="0012">Die Förderkette kann als Stauförderkette mit auf Hülsen der Innenkettenglieder
angeordneten Staurollen ausgebildet sein, wobei einige Staurollen durch
Bürstenelemente ersetzt sind. Die Bürstenelemente werden so angeordnet,
dass möglichst noch eine große Tragfähigkeit durch die Staurollen gegeben
ist, und nur vereinzelt ein Ersatz durch die Bürstenelemente vorhanden ist.
Die Anzahl der Bürstenelemente hängt von der gewollten Reinigungsfunktion
ab.</p>
    <p num="0013">Vorteilhafterweise können zumindest die Borsten der Bürstenelemente bereichsweise
die Staurollen im Einsatz überragen. Hierdurch wird sichergestellt,
dass eine Führungsschiene sauber ausgebürstet wird. Durch den
Überstand kann auch die Anpresskraft, mit der die Borsten an eine zu reinigende
Fläche angedrückt werden, eingestellt werden.</p>
    <p num="0014">Des Weiteren kann das Innenkettenglied zwei Hülsen und eine diese verbindende
mittig aufgepresste Mittenlasche und das Außenkettenglied zwei Bolzen
und zwei diese verbindende parallel angeordnete Außenlaschen umfassen,
wobei ein Bürstenelement in den Zwischenraum zwischen einer Außenlasche
und der Mittenlasche angeordnet ist. Bei dieser Ausführungsform
einer Förderkette können sehr schmale Bürstenelemente zum Einsatz kommen,
weil sie nur in dem Raum zwischen der Mittenlasche des Innenkettengliedes
und einer Außenlasche des Außenkettengliedes angeordnet werden.</p>
    <p num="0015">Gemäß einer weiteren Ausführungsform ist vorgesehen, dass zwei Bürstenelemente
zu einer Baueinheit mit mittigem Schlitz ausgestaltet sind und in
den mittigen Schlitz die Mittenlasche aufgenommen ist. Die so aufgebaute
Bürsteneinheit deckt somit die Mittenlasche nach unten ab. Es besteht auch
die Möglichkeit, dass die Mittenlasche zur weiteren Fixierung herangezogen
wird. </p>
    <p num="0016">Bevorzugt können die Bolzen der Außenkettenglieder seitlich überstehen und
auf diesen überstehenden Endabschnitten jeweils eine Laufrolle angeordnet
sein. Die eigentliche Führungsfunktion der Förderkette wird dann über diese
Laufrollen übernommen. In die Zwischenräume zwischen den Laufrollen
greifen in aller Regel auch die antreibenden Kettenräder ein, so dass der
Mittenbereich der Kette den Staurollen und den Bürstenelementen vorbehalten
ist.</p>
    <p num="0017">Des Weiteren bezieht sich die Erfindung auf ein Bürstenelement für eine
Förderkette nach einem der Ansprüche 1 bis 11 mit zumindest einer Befestigungsaufnahme,
die zumindest auf eine Hülse eines Innenkettengliedes der
Förderkette aufsteckbar ausgestaltet ist.</p>
    <p num="0018">Im Folgenden werden Ausführungsbeispiele der Erfindung anhand einer
Zeichnung näher erläutert. Es zeigen:
<dl tsize="7"><dt>Fig. 1</dt><dd>eine Seitenansicht eines Ausschnitts einer Stauförderkette mit Bürstenelementen,</dd><dt>Fig. 2</dt><dd>eine Querschnittsdarstellung einer Stauförderkette mit einer ersten
Variante eines Bürstenelementes,</dd><dt>Fig. 3</dt><dd>eine Querschnittsdarstellung einer Stauförderkette mit einer zweiten
Variante eines Bürstenelementes,</dd><dt>Fig. 4</dt><dd>eine Querschnittsdarstellung einer Stauförderkette mit einer dritten
Variante eines Bürstenelementes,</dd><dt>Fig. 5</dt><dd>eine Seitenansicht des Bürstenelementes aus Fig. 4,</dd><dt>Fig. 6</dt><dd>das Bürstenelemente aus Fig. 5 in einer Unteransicht,</dd><dt>Fig. 7</dt><dd>eine Seitenansicht einer vierten Variante eines Bürstenelementes, </dd><dt>Fig. 8</dt><dd>eine Seitenansicht einer fünften Variante eines Bürstenelementes,</dd><dt>Fig. 9</dt><dd>das Bürstenelement aus Fig. 2 beim Umlauf um eine Umlenkrolle,</dd><dt>Fig. 10</dt><dd>eine schematische Seitenansicht, die das Umlaufen der Stauförderkette
aus Fig. 1 um ein Kettenrad veranschaulicht.</dd></dl></p>
    <p num="0019">In Fig. 1 ist eine Stauförderkette 1 dargestellt, die Staurollen 2 in überlappender
Anordnung bzw. Zick-Zack-Anordnung aufweist. Die Stauförderkette
1 setzt sich aus abwechselnd hintereinander gereihten Innenkettengliedern 3
und Außenkettengliedern 4 zusammen. Jedes Innenkettenglied 3 umfasst
zwei parallel zueinander angeordnete Hülsen 5, die durch eine mittig aufgepresste
Mittenlasche 6 auf Abstand gehalten werden. Die Außenkettenglieder
4 umfassen zwei parallele Außenlaschen 7, zwei im parallelen Abstand
zueinander in diese eingepresste Bolzen 8 und vier Laufrollen 9, von denen
jeweils eine auf den über die Außenlasche 7 überstehenden Endbereichen
des Bolzens 8 drehbar angeordnet ist. Das Ende der Bolzen 8 wird vernietet,
so dass die Laufrolle zwischen der Außenfläche der Außenlasche 7 und dem
Nietkopf gehalten ist. Jedes Kettengelenk 10 wird demnach von einem Bolzen
8 eines Außenkettengliedes 4 und einer Hülse 5 des Innenkettengliedes
3, durch die sich der Bolzen 8 erstreckt, gebildet.</p>
    <p num="0020">Die Staurollen 2 sind jeweils drehbar auf einem Außenflächenbereich der
Hülse 5 angeordnet. Die Breite der Staurollen 2 ist dabei so bemessen, dass
sie sich jeweils zwischen der Mittenlasche 6 und der Innenfläche der Außenlasche
7 befindet. Da die Anordnung der Staurollen 2 abwechselnd einmal
auf der rechten und einmal auf der linken Seite (von Hülse zu Hülse) der
Mittenlasche 6 befinden, ist eine teilweise Überlappung der Staurollen 2 gegeben.
In einer Reihe befindet sich eine Staurolle jeweils nur auf jeder
zweiten Hülse 5. </p>
    <p num="0021">Über die Länge der Stauförderkette 1 zufällig oder in bestimmten Abständen
verteilt, ist eine Staurolle 2 durch ein Bürstenelement 11 ersetzt. Das in Fig.
1 uns 2 dargestellte Bürstenelement weist im Wesentlichen eine gleiche
Breite auf, wie eine Staurolle 2, weshalb auf einer Hülse 5 an der entsprechend
vorgesehenen Stelle sowohl links als auch rechts von der Mittenlasche
6 eines dieser Bürstenelemente 11 angeordnet ist (siehe insbesondere
Fig. 2). Das Bürstenelement 11 umfasst ein Basisteil 12 aus Kunststoff, in
dessen unteren Endfläche 13 Borsten 14 verankert sind. Die Bürstenelemente
11 werden auf Außenflächenbereiche der Hülsen 5 rastend aufgesteckt
und weisen hierzu Befestigungsaufnahmen 15 auf.</p>
    <p num="0022">In Fig. 2 ist auch zu erkennen, dass die Laufrollen 9 auf Führungsschienen
16 laufen, die zu einer andeutungsweise dargestellten Kanalführung 17 gehören.
Der Grund der Kanalführung 17 wird mittels der Borsten 14 des
Bürstenelementes 11 saubergehalten. Späne, Staub und ähnliche Fremdkörper
können sich im Wesentlichen nicht mehr in diesem Bereich festsetzen.
Darüber hinaus sorgt das Kunststoffbasisteil 12 durch Verschließen der Lücke
zwischen zwei Hülsen 5 zusätzlich für eine Abdeckung. Hierzu weist das
Bürstenelement 11 zwei Befestigungsaufnahmen 15 auf, so dass es auf beide
Hülsen 5 eines Innenkettengliedes 3 aufsteckbar ist.</p>
    <p num="0023">Anhand der Fig. 3 ist eine weitere Ausführungsform dargestellt. Diese unterscheidet
sich zur Ausführungsform der Fig. 2 nur dadurch, dass die Borsten
14 an der unteren Endfläche 13 anders angestellt sind und so einen breiteren
Bereich der Kanalführung 17 sauberhalten können. Sämtliche anderen
Bestandteile sind baugleich, weshalb auf die vorangegangene Beschreibung
verwiesen wird.</p>
    <p num="0024">Anhand der Fig. 4, 5 und 6 wird nunmehr eine weitere Variante des Bürstenelementes
11 beschrieben. Da sich zum vorangegangenen Aufbau auch wiederum
nur das Bürstenelement 11 unterscheidet, wird bezüglich des restlichen
Aufbaus der Stauförderkette 1 wieder auf die vorangegangene Beschreibung
verwiesen. </p>
    <p num="0025">In diesem Ausführungsbeispiel sind zwei Bürstenelemente 11 zu einer Bürsteneinheit
18 zusammengefasst. Hierzu befindet sich im unteren Bereich ein
Verbindungssteg 19. Dieser dient auch zur Anbringung von Borsten 14, so
dass Borsten über die gesamte Breite der durch den Verbindungssteg 19
verbreiterten unteren Endfläche 13 angeordnet werden können. Die Mittenlasche
6 wird demnach nach unten hin durch den Verbindungssteg 19 abgedeckt.
Die Bürsteneinheit 18 weist hierzu einen Schlitz 20 auf, in dem die
Mittenlasche 6 angeordnet ist.</p>
    <p num="0026">Es sei angemerkt, dass die in Fig. 5 dargestellte Seitenansicht auch die
Seitenansicht der Ausführungsform der Fig. 2 und 3 sein könnte, weshalb
Anmerkungen zu dieser ebenfalls übertragbar sind.</p>
    <p num="0027">In Fig. 5 ist zu erkennen, dass das Kunststoffbasisteil 12 einen mittleren
Zapfenbereich 21 aufweist, der sich zwischen zwei Hülsen 5 des Innenkettengliedes
3 nach oben erstreckt. Seitlich von diesem Zapfen 21 befinden
sich die nutförmig ausgestalteten Befestigungsaufnahmen 15. Die Befestigungsaufnahmen
15 weisen eine zylindermantelförmige Innenfläche auf und
sind an ihrem oberen Ende offen. Sie umschließen jedoch einen Winkelbereich
von &gt; 180°, so dass sie die Hülsen 5 umgreifen können. Der äußere
Randbereich 22 dieser Befestigungsaufnahmen 15 ist federnd ausgestaltet,
so dass eine Verrastung auf der zylindermantelförmigen Außenfläche der
Hülsen 5 stattfinden kann. Entsprechend ist der Mittenabstand der Befestigungsaufnahmen
15 an den Mittenabstand der Hülsen angepasst. Aus der
Fig. 5 ist auch zu erkennen, dass die Befestigungsaufnahmen 15 mit einem
leichten Hinterschnitt in den Zapfen 21 übergehen und somit eine Verstärkung
der Haltefunktion erreicht ist. Insgesamt ist der Abstand von der Mittellinie
der Befestigungsaufnahmen 15 zum freien Ende der Borsten 14 größer
als der Radius der Staurollen 2 der zugehörigen Stauförderkette 1.</p>
    <p num="0028">In Fig. 7 ist eine weitere Variante zu erkennen. Diese ist auf eine einzige
Hülse 5 aufsteckbar. Die einzige Befestigungsaufnahme 15 ist verstärkt ausgeführt 
und umschließt ebenfalls einen Winkelbereich von &gt; 180°, so dass
eine Verrastung auf einer Hülse 5 stattfinden kann. Im Wesentlichen ist wieder
eine zylindermantelförmige Innenfläche der nutförmigen Befestigungsaufnahme
15 vorgesehen. Im vorliegenden Fall sind beide Randbereiche 22
federnd ausgestaltet.</p>
    <p num="0029">Die Fig. 8 zeigt eine Ausführungsform, bei der ein relativ großes Kunststoffbasisteil
12 vorgesehen ist. Dieses ist mit Öffnungen 23 versehen, die als
Befestigungsaufnahmen 15 dienen. Bei dieser Variante muss die Montage
des Bürstenelementes 11 bereits während der Kettenmontage erfolgen.
Sämtliche anderen Ausführungsformen sind auch nachträglich einbringbar,
sofern eine Staurolle 2 weggelassen wurde. Auch bei den Ausführungsformen
der Fig. 7 und 8 können zwei Bürstenelemente 11 zu einer Bürsteneinheit
18 zusammengefasst werden, wie dies die Ausführungsform der Fig. 4
bis 6 veranschaulicht.</p>
    <p num="0030">Anhand der Fig. 9 und 10 ist nunmehr gezeigt, wie die Stauförderkette 1 um
eine Umlenkrolle herumgeführt ist. Zur Verdeutlichung ist eine Umlenkrolle
mit kleinstmöglichem Durchmesser gewählt worden. Anhand der Fig. 10 ist
zu erkennen, dass die Außenkontur des Bürstenelementes 11 so gewählt ist,
dass sich das Bürstenelement 11 optimal zwischen zwei Staurollen 2 einer
Reihe angeordnet ist. Hierzu geht die untere Endfläche 13 mittels eines an
den Durchmesser D der Staurollen 2 angepassten Radius in den Randbereich
22 der Befestigungsaufnahme 15 über. Die Borsten erstrecken sich
über eine Länge, die im Wesentlichen dem Abstand dieser beiden Staurollen
2 beim Umlenkvorgang entspricht.</p>
    <p num="0031">Der nach oben überstehende Zapfen 21 des Kunststoffbasisteils 12 kann bei
dem verrasteten Bürstenelementen 11 zum Herausdrücken bzw. Entrasten
des aufgesteckten Bürstenelementes 11 herangezogen werden. Demnach ist
ein Austausch bei Verschleiß oder ein Austausch gegen ein andersartiges
Bürstenelement jederzeit möglich.</p>
  </description>
  <claims load-source="ep" status="new" lang="DE">
    <claim num="1">
      <claim-text>Förderkette mit abwechselnd aneinander gereihten Innen- und Außenkettengliedern
(3,4), die jeweils über ein Kettengelenk (10) miteinander verbunden
sind und das Kettengelenk (10) eine Hülse (5) des Innenkettengliedes
(3) und ein sich durch die Hülse (5) erstreckenden Bolzen (8) des Außenkettengliedes
(4) umfasst, dadurch gekennzeichnet, dass zumindest ein
Bürstenelement (11) vorgesehen ist, das zumindest eine Befestigungsaufnahme
(15) umfasst und das Bürstenelement mit der Befestigungsaufnahme
(15) im Wesentlichen formschlüssig auf ein Innen- und/oder Außenkettenglied
aufgesteckt ist.</claim-text>
    </claim>
    <claim num="2">
      <claim-text>Förderkette nach Anspruch 1, dadurch gekennzeichnet, dass das Bürstenelement
(11) mit der Befestigungsaufnahme (15) im Wesentlichen formschlüssig
auf einen Umfangsbereich zumindest einer Hülse (5) des Innenkettengliedes
(3) aufgesteckt ist.</claim-text>
    </claim>
    <claim num="3">
      <claim-text>Förderkette nach Anspruch 1 oder 2, dadurch gekennzeichnet, dass das
Bürstenelement (11) ein die mindestens eine Befestigungsaufnahme (15)
umfassendes Kunststoffbasisteil (12) und darin fest verankerte Borsten (14)
umfasst.</claim-text>
    </claim>
    <claim num="4">
      <claim-text>Förderkette nach einem der Ansprüche 1 bis 3, dadurch gekennzeichnet,
dass die Befestigungsaufnahme (15) von einer im Kunststoffbasisteil (12)
eingeformten, die Hülse (5) des Innenkettengliedes (3) formschlüssig umgebenden
Bohrung (23) gebildet ist.</claim-text>
    </claim>
    <claim num="5">
      <claim-text>Förderkette nach einem der Ansprüche 1 bis 3, dadurch gekennzeichnet,
dass die Befestigungsaufnahme (15) eine Rasteinrichtung umfasst, die federnd
mit einer Hülse (5) des Innenkettengliedes (3) verrastet ist.</claim-text>
    </claim>
    <claim num="6">
      <claim-text>Förderkette nach Anspruch 5, dadurch gekennzeichnet, dass die Rasteinrichtung
von einer Rastnut mit zumindest einseitig federnd ausgestaltetem
Randbereich (22) gebildet ist und die Rastnut die Hülse (5) des Innenkettengliedes
(3) über einen Winkelbereich von mehr als 180° umgibt.</claim-text>
    </claim>
    <claim num="7">
      <claim-text>Förderkette nach einem der Ansprüche 1 bis 6, dadurch gekennzeichnet,
dass das Bürstenelement (11) ein Befestigungsaufnahmepaar umfasst, das
Bürstenelement (11) als Überbrückungseinheit zwischen den zwei Hülsen (5)
eines Innenkettengliedes (3) angeordnet ist und jede Befestigungsaufnahme
(15) des Befestigungsaufnahmepaars auf eine der Hülsen (5) des Innenkettengliedes
(3) aufgesteckt ist.</claim-text>
    </claim>
    <claim num="8">
      <claim-text>Förderkette nach einem der vorangegangenen Ansprüche 1 bis 7, die als
Stauförderkette mit auf Hülsen (5) der Innenkettenglieder (3) angeordneten
Staurollen (2) ausgebildet ist, dadurch gekennzeichnet, dass zumindest eine
Staurolle (2) durch ein Bürstenelement (11) ersetzt ist.</claim-text>
    </claim>
    <claim num="9">
      <claim-text>Förderkette nach Anspruch 8, dadurch gekennzeichnet, dass zumindest
die Borsten (14) der Bürstenelemente (11) bereichsweise die Staurollen (2)
im Einsatz überragen.</claim-text>
    </claim>
    <claim num="10">
      <claim-text>Förderkette nach einem der vorangegangenen Ansprüche, dadurch gekennzeichnet,
dass das Innenkettenglied (3) zwei Hülsen (5) und eine diese
verbindende mittig aufgepresste Mittenlasche (6) und das Außenkettenglied
(4) zwei Bolzen (8) und zwei diese verbindende parallel angeordnete Außenlaschen
(7) umfasst und ein Bürstenelement (11) in dem Zwischenraum
zwischen einer Außenlasche (7) und der Mittenlasche (6) angeordnet ist.</claim-text>
    </claim>
    <claim num="11">
      <claim-text>Förderkette nach Anspruch 10, dadurch gekennzeichnet, dass zwei
Bürstenelemente (11) zu einer Baueinheit (18) mit mittigem Schlitz (20) ausgestaltet
sind und in den mittigen Schlitz (20) die Mittenlasche (6) aufgenommen
ist.</claim-text>
    </claim>
    <claim num="12">
      <claim-text>Förderkette nach einem der Ansprüche 8 bis 11, dadurch gekennzeichnet,
dass die Bolzen (8) der Außenkettenglieder (4) seitlich überstehen und
auf diesen überstehenden Endabschnitten jeweils eine Laufrolle (9) angeordnet
ist.</claim-text>
    </claim>
    <claim num="13">
      <claim-text>Bürstenelement (11) für eine Förderkette nach einem der Ansprüche 1
bis 12, mit zumindest einer Befestigungsaufnahme (15), die auf ein Innenkettenglied
und/oder Außenkettenglied aufsteckbar ausgestaltet ist.</claim-text>
    </claim>
  </claims>
  <copyright>User acknowledges that the Information Retrieval Facility (IRF) and its third party providers retain all right, title and interest in and to this xml under applicable copyright laws. User acquires no ownership rights to this xml including but not limited to its format. User hereby accepts the terms and conditions of the Licence Agreement set forth at http://www.ir-facility.org/legal/marec/data_licence</copyright>
</patent-document>
