<?xml version="1.0" encoding="utf-8"?>
<!DOCTYPE patent-document PUBLIC "-//MXW//DTD patent-document XML//EN" "http://www.ir-facility.org/dtds/patents/v1.4/patent-document.dtd">
<patent-document ucid="EP-1262483-A1" country="EP" doc-number="1262483" kind="A1" lang="DE" family-id="7686790" status="new" date-produced="20090516" date="20021204">
  <bibliographic-data>
    <publication-reference ucid="EP-1262483-A1" status="new" fvid="23608118">
      <document-id status="new" format="original">
        <country>EP</country>
        <doc-number>1262483</doc-number>
        <kind>A1</kind>
        <date>20021204</date>
      </document-id>
    </publication-reference>
    <application-reference ucid="EP-02008244-A" status="new" is-representative="NO">
      <document-id status="new" format="epo">
        <country>EP</country>
        <doc-number>02008244</doc-number>
        <kind>A</kind>
        <date>20020418</date>
      </document-id>
    </application-reference>
    <priority-claims status="new">
      <priority-claim ucid="DE-10126558-A" status="new">
        <document-id status="new" format="epo">
          <country>DE</country>
          <doc-number>10126558</doc-number>
          <kind>A</kind>
          <date>20010531</date>
        </document-id>
      </priority-claim>
    </priority-claims>
    <technical-data status="new">
      <classifications-ipcr>
        <classification-ipcr status="new">C07F   7/00        20060101C I20051008RMEP        </classification-ipcr>
        <classification-ipcr status="new">C07F   7/12        20060101A I20051008RMEP        </classification-ipcr>
      </classifications-ipcr>
      <classification-ecla status="new">
        <classification-symbol scheme="EC">C07F   7/12M12</classification-symbol>
        <classification-symbol scheme="EC">C07F   7/12M4</classification-symbol>
      </classification-ecla>
      <invention-title load-source="ep" status="new" lang="DE">Verfahren zur Herstellung von Silanen</invention-title>
      <invention-title load-source="ep" status="new" lang="EN">Process for the preparation of silanes</invention-title>
      <invention-title load-source="ep" status="new" lang="FR">Procédé de préparation de silanes</invention-title>
    </technical-data>
    <parties>
      <applicants>
        <applicant status="new" format="epo">
          <addressbook>
            <name>WACKER CHEMIE GMBH</name>
            <address>
              <country>DE</country>
            </address>
          </addressbook>
        </applicant>
        <applicant status="new" format="intermediate">
          <addressbook>
            <name>WACKER-CHEMIE GMBH</name>
          </addressbook>
        </applicant>
        <applicant status="new" format="original">
          <addressbook>
            <last-name>Wacker-Chemie GmbH</last-name>
            <address>
              <street>Hanns-Seidel-Platz 4</street>
              <city>81737 München</city>
              <country>DE</country>
            </address>
          </addressbook>
        </applicant>
      </applicants>
      <inventors>
        <inventor status="new" format="epo">
          <addressbook>
            <name>KALCHAUER WILFRIED DR</name>
            <address>
              <country>DE</country>
            </address>
          </addressbook>
        </inventor>
        <inventor status="new" format="epo">
          <addressbook>
            <name>STRAUSSBERGER HERBERT</name>
            <address>
              <country>DE</country>
            </address>
          </addressbook>
        </inventor>
        <inventor status="new" format="epo">
          <addressbook>
            <name>STRECKEL WILLI</name>
            <address>
              <country>DE</country>
            </address>
          </addressbook>
        </inventor>
        <inventor status="new" format="intermediate">
          <addressbook>
            <name>KALCHAUER, WILFRIED, DR.</name>
          </addressbook>
        </inventor>
        <inventor status="new" format="intermediate">
          <addressbook>
            <name>STRAUSSBERGER, HERBERT</name>
          </addressbook>
        </inventor>
        <inventor status="new" format="intermediate">
          <addressbook>
            <name>STRECKEL, WILLI</name>
          </addressbook>
        </inventor>
        <inventor status="new" format="original">
          <addressbook>
            <last-name>KALCHAUER, WILFRIED, DR.</last-name>
            <address>
              <street>Carl-Bosch-Strasse 1</street>
              <city>84489 Burghausen</city>
              <country>DE</country>
            </address>
          </addressbook>
        </inventor>
        <inventor status="new" format="original">
          <addressbook>
            <last-name>STRAUSSBERGER, HERBERT</last-name>
            <address>
              <street>Heidegasse 4</street>
              <city>84561 Mehring-Öd</city>
              <country>DE</country>
            </address>
          </addressbook>
        </inventor>
        <inventor status="new" format="original">
          <addressbook>
            <last-name>STRECKEL, WILLI</last-name>
            <address>
              <street>Neuhauser Strasse 8</street>
              <city>84561 Mehring-Öd</city>
              <country>DE</country>
            </address>
          </addressbook>
        </inventor>
      </inventors>
      <agents>
        <agent status="new" format="original">
          <addressbook>
            <last-name>Fritz, Helmut, Dr.</last-name>
            <address>
              <street>Wacker-Chemie GmbH, Zentralabteilung Patente, Marken und Lizenzen, Hanns-Seidel-Platz 4</street>
              <city>81737 München</city>
              <country>DE</country>
            </address>
          </addressbook>
        </agent>
      </agents>
    </parties>
    <international-convention-data>
      <designated-states>
        <ep-contracting-states>
          <country>DE</country>
          <country>FR</country>
          <country>GB</country>
        </ep-contracting-states>
      </designated-states>
    </international-convention-data>
  </bibliographic-data>
  <abstract load-source="ep" status="new" lang="DE">
    <p>Gegenstand der Erfindung ist ein Verfahren zur Herstellung von
Silanen der allgemeinen Formel 1
<st32:che xmlns:st32="http://www.ir-facility.org/ns/st32/">R<sub>a</sub>SiH<sub>b</sub>Cl<sub>4-a-b</sub></st32:che>
wobei
<dl compact="compact" tsize="1"><dt><b>R</b></dt><dd>Methyl oder Ethyl,</dd><dt><b>a</b></dt><dd>die Werte 0, 1, 2 oder 3 und</dd><dt><b>b</b></dt><dd>die Werte 0 oder 1 bedeuten,</dd></dl>
aus Chlorwasserstoffgas und Reaktionspartnern, die ausgewählt
werden aus
<sl><li>a) Siliciummetall und</li><li>b) Di- und Oligosilanen, deren Reste ausgewählt werden aus H,
<b>R</b> und Cl,</li></sl>
bei dem die Herstellung des Chlorwasserstoffgases aus H<sub>2</sub> und
Cl<sub>2</sub> im gleichen Verfahrensschritt erfolgt.</p>
  </abstract>
  <description load-source="ep" status="new" lang="DE">
    <p num="0001">Die Erfindung betrifft ein Verfahren zur Herstellung von
Silanen aus Chlorwasserstoffgas und Reaktionspartnern, die
ausgewählt werden aus Siliciummetall und Di- und Oligosilanen.</p>
    <p num="0002">Bei der Herstellung von Chlorsilanen wird Silicium,
gegebenenfalls in Gegenwart von Katalysatoren, mit
Chlorwasserstoffgas umgesetzt, wobei sich in Abhängigkeit von
den Reaktionsbedingungen Trichlorsilan oder Tetrachlorsilan als
Hauptprodukte bilden. Die gewählte Reaktionstemperatur hängt
massiv vom gewünschten Zielprodukt (HSiCl<sub>3</sub> oder SiCl<sub>4</sub>) ab
beträgt normalerweise 230 bis mehrere hundert °C. Trichlorsilan
wird beispielsweise für die Herstellung von hochreinem Silicium
oder die Herstellung von (organo)funktionellen Silanen
verwendet, Tetrachlorsilan wird beispielsweise bei der
Herstellung von pyrogener Kieselsäure eingesetzt. Dies ist in
"Catalyzed Direct Reactions of Silicon, Edited by K.L. Lewis;
D.G. Rethwisch, Elsevier 1993 [1]; Commercial Production of
Silanes by Direct Synthesis, Seiten 1 - 66" und "Direct
Synthesis of Chlorosilanes and Silane; Seiten 441 - 457"
beschrieben.</p>
    <p num="0003">Bei der Direktsynthese von Methylchlorsilanen nach Müller-Rochow
(Direktsynthese) wird Silicium mit Methylchlorid, in
Gegenwart von Katalysatoren und Promotoren zu
Dimethyldichlorsilan umgesetzt, wobei als Nebenprodukte auch
höhersiedende Methylchlordi- und Oligosilane/siloxane und
Carbosilane gebildet werden [1]. In US-A-5,877,337 wird ein
Verfahren beschrieben, bei dem feststoffhaltige Rückstände der
Direktsynthese von Organochlorsilanen bei geringen Drücken
aufgearbeitet und die siliciumorganischen Anteile in 
verwertbare Silane umgewandelt werden. Das Ziel wird erreicht,
durch die thermische Spaltung der Rückstände der Direktsynthese
mit Chlorwasserstoff in einem Rohrreaktor mit drehenden
Einbauten bei Temperaturen von 300 - 800 °C. Durch die
Drehbewegungen der Einbauten werden Anbackungen durch Verkokung
oder aus den Feststoffanteilen an den Reaktorwänden abgeschert.
Ein Zuwachsen des Reaktors soll dadurch verhindert werden.</p>
    <p num="0004">Diese Verfahren zeichnen sich dadurch aus, dass
Chlorwasserstoffgas benötigt wird, und dass die Reaktionen bei
höheren Temperaturen durchgeführt werden. Das
Chlorwasserstoffgas wird aus entsprechenden Lagertanks
entnommen und muss gegebenenfalls vorgewärmt werden. In [1]
wird beispielsweise auf Seite 6 beschrieben, dass flüssiger
wasserfreier Chlorwasserstoff, der bei der Direktsynthese von
Chlorsilanen eingesetzt wird, typischerweise zur
Produktionsstätte in gekühlten Kesselwagen transportiert wird.
HCl wird verdampft, auf etwa 200°C erhitzt und anschliessend in
den Reaktor überführt.</p>
    <p num="0005">Die Herstellung von HCl aus den Elementen ist bekannt. H<sub>2</sub> und
Cl<sub>2</sub> werden von einander getrennt einer Brennkammer zugeführt,
vermischt und in einer Brennerflamme zur Reaktion gebracht. Die
Reaktion ist stark exotherm, sodass Flammentemperaturen von
über 2000°C möglich sind. Über entsprechende Kühlaggregate wird
das Chlorwasserstoffgas anschließend abgekühlt.</p>
    <p num="0006">Gegenstand der Erfindung ist ein Verfahren zur Herstellung von
Silanen der allgemeinen Formel 1
<st32:che xmlns:st32="http://www.ir-facility.org/ns/st32/">R<sub>a</sub>SiH<sub>b</sub>Cl<sub>4-a-b</sub></st32:che>
wobei
<dl tsize="1"><dt><b>R</b></dt><dd>Methyl oder Ethyl, </dd><dt><b>a</b></dt><dd>die Werte 0, 1, 2 oder 3 und</dd><dt><b>b</b></dt><dd>die Werte 0 oder 1 bedeuten,</dd></dl>
aus Chlorwasserstoffgas und Reaktionspartnern, die ausgewählt
werden aus
<sl><li>a) Siliciummetall und</li><li>b) Di- und Oligosilanen, deren Reste ausgewählt werden aus H, <b>R</b>
und Cl,</li></sl>
bei dem die Herstellung des Chlorwasserstoffgases aus H<sub>2</sub> und
Cl<sub>2</sub> im gleichen Verfahrensschritt erfolgt.</p>
    <p num="0007">Das Verfahren hat den Vorteil, dass Chlorwasserstoff nicht
transportiert und/oder zwischengelagert und vorgewärmt werden
muss, dass auf Grund der höheren Temperaturen eine höhere
Umsatzrate und/oder geringere Reaktionszeiten erzielbar sind,
dass relativ hohe Reaktionstemperaturen sehr einfach erreichbar
sind, dass nicht zwei getrennte Anlagen gebaut und betrieben
werden müssen, dass es einfach durchführbar ist, da keine
bewegten Teile benötigt werden, dass beim Einsatz der
Methylsilane die unerwünschten Zersetzungsreaktionen geringer
sind, dass die für die Reaktion benötigte Energie nicht über
heiße Wände eingebracht werden muss, und dass die
Reaktormaterialien thermisch weniger stark belastet werden. Es
kann auf preiswertere Reaktormaterialien zurückgegriffen
werden, da der Energieeintrag nicht über die Reaktorwände
erfolgen muss.</p>
    <p num="0008">Die Herstellung der Silane der allgemeinen Formel 1 und die
Herstellung des Chlorwasserstoffgases aus H<sub>2</sub> und Cl<sub>2</sub> erfolgen
bevorzugt in einer Reaktionszone.</p>
    <p num="0009">Beim vorliegenden Verfahren werden vorzugsweise in eine Anlage
zur HCl-Erzeugung zusätzlich zu H<sub>2</sub> und Cl<sub>2</sub> die Reaktionspartner
(a) und/oder (b) mit eingespeist und so zur Reaktion gebracht. </p>
    <p num="0010">Die eingesetzten Di- und Oligosilane weisen bevorzugt nur Reste
<b>R</b> und Cl auf.</p>
    <p num="0011">Vorzugsweise erfolgt die Herstellung des Chlorwasserstoffgases
aus H<sub>2</sub> und Cl<sub>2</sub> in einem Verbrennungsrohr. Vorzugsweise wird die
Länge des Verbrennungsrohres so ausgelegt, dass die Verweilzeit
der Reaktionsgase im heißen Reaktionsbereich 1 bis 30 Sekunden,
bevorzugt 2 bis 20 Sekunden, besonders bevorzugt 3 bis 15
Sekunden beträgt.</p>
    <p num="0012">Die Gasgeschwindigkeit im Verbrennungsrohr wird vorzugsweise so
gewählt, dass keine Ablagerungen im Rohr auftreten.</p>
    <p num="0013">Zusätzlich zu dem aus H<sub>2</sub> und Cl<sub>2</sub> im gleichen Verfahrensschritt
hergestellten Chlorwasserstoffgas kann auch Chlorwasserstoffgas
als Reaktionspartner (c) eingespeist werden. Die maximale Menge
an zudosierter HCl wird so gewählt, dass die Temperatur im
Bereich der Reaktion von Chlorwasserstoffgas mit den
Reaktionspartnern bevorzugt mindestens 400°C beträgt,
insbesondere beträgt die Temperatur mindestens 500°C, besonders
bevorzugt mindestens 600°C. In diesem Fall dient die
zugespeiste HCl gleichzeitig als Kühlmedium, d.h. die
Flammentemperatur wird auf die gewünschte Reaktionstemperatur
abgestimmt.

Als Kühlmedium können aber auch andere, bei diesen Bedingungen
inerte Stoffe eingesetzt werden. Bevorzugt werden Chlorsilane,
beispielsweise Siliciumtetrachlorid, oder überschüssiger
(berechnet auf die Reaktion H<sub>2</sub> und Cl<sub>2</sub> -&gt; 2 HCl) Wasserstoff
eingesetzt, da diese ohnehin im Reaktionssystem vorhanden sind.</p>
    <p num="0014">Das Mischungsverhältnis von H<sub>2</sub> zu Cl<sub>2</sub> wird so gewählt, dass H<sub>2</sub>
im stöchiometrischem Überschuss eingesetzt wird. Dies hat den 
Vorteil, dass beispielsweise die in US-A-5,292,909 beschriebene
Umwandlung von hochsiedenden Silanfraktionen in Monosilane
durchgeführt werden kann, ohne dass Druck oder zusätzliche
Katalysatoren zum Einsatz kommen, und dass die Führung der
Flamme vereinfacht wird. Der molare Überschuss von H<sub>2</sub> kann in
weiten Bereichen variiert werden und richtet sich nach der
gewünschten Reaktion.</p>
    <p num="0015">Das stöchiometrische Verhältnis Si:HCl beim Einsatz von
Silicium (a) und Si-Si :HCl bezogen auf die Si-Si Bindungen in
den Di- und Oligosilanen (b) kann frei gewählt werden. In einer
besonders bevorzugten Ausführungsform wird die HCl-Menge so
gewählt, dass nach der erfolgten Umsetzung der Reaktionspartner
keine merklichen Mengen an HCl vorhanden sind. Dies hat den
Vorteil, dass nach der Reaktion die Aufarbeitung erleichtert
wird.</p>
    <p num="0016">Nach dem Verlassen der Reaktionszone wird das Reaktionsgas, das
die Silane der allgemeinen Formel 1 enthält, gekühlt. Das
Kühlen kann ein oder mehrstufig erfolgen, die noch abzuführende
Reaktionswärme kann, falls erwünscht (zumindest teilweise) zur
Herstellung von Wasserdampf benutzt werden.

Wenn beim Verfahren Reaktionspartner (a) und (b) enthaltende
Einsatzstoffe verwendet werden, die in nennenswerten Mengen
Metalle oder Metallchloride enthalten, die in Chlorsilanen
löslich sind, empfiehlt sich eine entsprechende Abtrennung, wie
sie beispielsweise in [1] Seite 6 beschrieben ist.

Eine Feststoffabtrennung nach der Reaktion ist beim Einsatz von
feststoffhaltigen Einsatzstoffen erforderlich. Diese kann als
Heißgasfiltration und/oder als flüssig/fest-Filtration nach der
Kondensation der Silane allgemeinen Formel 1 ausgeführt werden.
Bevorzugt ist eine erste Gas/Fest-Trennung über Zyklone mit 
einer anschließenden flüssig/fest-Filtration nach der
Kondensation, da dies einfach durchführbar und effektiver ist.
Das nach der Kondensation verbleibende Gas ist in der
bevorzugten Ausführungsform zum größten Teil Wasserstoff und
kann wieder zur HCl-Erzeugung eingesetzt werden, gegebenenfalls
gebildetes Methan muss jedoch zuvor abgetrennt werden, Reste
von HCl stören nicht. Der nach der Kondensation und Filtration
flüssige Produktstrom besteht hauptsächlich aus Silanen
allgemeinen Formel 1 und wird einer Destillation zugeführt.
Nicht umgesetzte siliciumhaltige Einsatzstoffe können, wenn
gewünscht wieder teilweise oder vollständig in den Reaktor
eingespeist werden.</p>
    <p num="0017">Die Dosierung der Reaktionspartner (a) und (b) erfolgt derart,
dass diese entweder direkt in die Flamme oder in den heißen
HCl-Gasstrom eingebracht werden, das Einbringen kann
tangential, radial oder axial zur Flammenrichtung erfolgen. Es
ist auch möglich die Reaktionspartner (a) und (b) gemeinsam mit
dem H<sub>2</sub> Strom in die Reaktionszone einzubringen.</p>
    <p num="0018">An die Reinheit der Reaktionspartner (a) und (b) enthaltenden
Einsatzstoffe werden keine besonderen Ansprüche gestellt, sie
können durchaus stark verunreinigt sein. Wird Siliciummetall
(a) eingesetzt, so können beispielsweise Stäube, wie sie bei
der Silicium oder Ferrosilicium Zerkleinerung anfallen zum
Einsatz kommen, es können siliciumhaltige Stäube, wie sie bei
der Chlorsilansynthese oder bei der Methylchlorsilansynthese
anfallen (und teilweise noch Katalysatorbestandteile wie
beispielsweise Kupfer/-verbindungen und Zink/-verbindungen
enthalten) direkt zu Einsatz kommen, es können aber auch
trockene Si haltige Nebenanfälle aus dem Müller-Rochow-Prozess,
wie sie nach einer Cu-Rückgewinnung anfallen, verwendet werden. </p>
    <p num="0019">Es ist auch möglich, Silicium und/oder Ferrosilicium als
Einsatzstoff für das Verfahren aufzumahlen.</p>
    <p num="0020">Siliciummetall (a) wird vorzugsweise feinteilig eingebracht.
Das eingesetzte Silicium hat eine Korngröße von vorzugsweise
höchstens 100 µm, insbesondere höchstens 70 um, besonders
bevorzugt höchstens 50 µm.</p>
    <p num="0021">Das Siliciummetall (a) kann bis zu 50 Gew.-%, insbesondere bis
zu 30 Gew.-% an anderen Elementen enthalten. Die Art und
Konzentration dieser Elemente hängt vom Produktstrom ab.
Beispielsweise sind das, beim Einsatz von Stäuben aus der
Methylchlorsilansynthese, hauptsächlich Kupfer, Eisen und
Sauerstoffverbindungen. Silicium-Eisen-Legierungen mit einem
Eisengehalt von über 5 Gew.% werden üblicherweise als
Ferrosilicium bezeichnet.</p>
    <p num="0022">Wenn Siliciummetall (a) als Reaktionspartner eingesetzt wird,
sind vorzugsweise mindestens 80 Gew.-% der erhaltenen Silane
der allgemeinen Formel 1 Trichlorsilan und Tetrachlorsilan.</p>
    <p num="0023">Die als Einsatzstoff eingesetzten Di- und Oligosilane (b)
können durchaus feststoffhaltig sein und weitere Di- und
Oligosiloxane und Carbosilane enthalten.</p>
  </description>
  <claims load-source="ep" status="new" lang="DE">
    <claim num="1">
      <claim-text>Verfahren zur Herstellung von Silanen der allgemeinen
Formel 1
RaSiHbCl4-a-b
wobei
RMethyl oder Ethyl,adie Werte 0, 1, 2 oder 3 undbdie Werte 0 oder 1 bedeuten,
aus Chlorwasserstoffgas und Reaktionspartnern, die
ausgewählt werden aus
Siliciummetall und
Di- und Oligosilanen, deren Reste ausgewählt werden aus H,
R und Cl,
bei dem die Herstellung des Chlorwasserstoffgases aus H2
und Cl2 im gleichen Verfahrensschritt erfolgt.</claim-text>
    </claim>
    <claim num="2">
      <claim-text>Verfahren nach Anspruch 1, bei dem die Herstellung des
Chlorwasserstoffgases aus H2 und Cl2 in einem
Verbrennungsrohr erfolgt.</claim-text>
    </claim>
    <claim num="3">
      <claim-text>Verfahren nach Anspruch 1 oder 2, bei dem zusätzlich zu dem
aus H2 und Cl2 im gleichen Verfahrensschritt hergestellten
Chlorwasserstoffgas auch Chlorwasserstoffgas als
Reaktionspartner (c) eingespeist wird.</claim-text>
    </claim>
    <claim num="4">
      <claim-text>Verfahren nach Anspruch 1 bis 3, bei dem die maximale Menge
an zudosierter HCl so gewählt wird, dass die Temperatur im
Bereich der Reaktion von Chlorwasserstoffgas mit den
Reaktionspartnern mindestens 400°C beträgt.</claim-text>
    </claim>
  </claims>
  <copyright>User acknowledges that the Information Retrieval Facility (IRF) and its third party providers retain all right, title and interest in and to this xml under applicable copyright laws. User acquires no ownership rights to this xml including but not limited to its format. User hereby accepts the terms and conditions of the Licence Agreement set forth at http://www.ir-facility.org/legal/marec/data_licence</copyright>
</patent-document>
