<?xml version="1.0" encoding="utf-8"?>
<!DOCTYPE patent-document PUBLIC "-//MXW//DTD patent-document XML//EN" "http://www.ir-facility.org/dtds/patents/v1.4/patent-document.dtd">
<patent-document ucid="EP-1253136-A1" country="EP" doc-number="1253136" kind="A1" lang="FR" family-id="8862772" status="new" date-produced="20090516" date="20021030">
  <bibliographic-data>
    <publication-reference ucid="EP-1253136-A1" status="new" fvid="23587342">
      <document-id status="new" format="original">
        <country>EP</country>
        <doc-number>1253136</doc-number>
        <kind>A1</kind>
        <date>20021030</date>
      </document-id>
    </publication-reference>
    <application-reference ucid="EP-02290903-A" status="new" is-representative="NO">
      <document-id status="new" format="epo">
        <country>EP</country>
        <doc-number>02290903</doc-number>
        <kind>A</kind>
        <date>20020411</date>
      </document-id>
    </application-reference>
    <priority-claims status="new">
      <priority-claim ucid="FR-0105701-A" status="new">
        <document-id status="new" format="epo">
          <country>FR</country>
          <doc-number>0105701</doc-number>
          <kind>A</kind>
          <date>20010427</date>
        </document-id>
      </priority-claim>
    </priority-claims>
    <technical-data status="new">
      <classifications-ipcr>
        <classification-ipcr status="new">C07C 209/00        20060101CFI20060101BMKR        </classification-ipcr>
        <classification-ipcr status="new">C07C 209/12        20060101ALI20060101BMKR        </classification-ipcr>
        <classification-ipcr status="new">C07C 213/00        20060101C I20051008RMEP        </classification-ipcr>
        <classification-ipcr status="new">C07C 213/02        20060101AFI20051220RMJP        </classification-ipcr>
        <classification-ipcr status="new">C07C 213/08        20060101A I20051008RMEP        </classification-ipcr>
        <classification-ipcr status="new">C07C 219/00        20060101CLI20051220RMJP        </classification-ipcr>
        <classification-ipcr status="new">C07C 219/08        20060101ALI20051220RMJP        </classification-ipcr>
      </classifications-ipcr>
      <classification-ecla status="new">
        <classification-symbol scheme="EC">C07C 213/08</classification-symbol>
        <classification-symbol scheme="ICO">M07C219:08</classification-symbol>
      </classification-ecla>
      <invention-title load-source="ep" status="new" lang="DE">Verfahren zur Herstellung von wässrigen ungesättigten quartären Ammoniumsalzlösungen</invention-title>
      <invention-title load-source="ep" status="new" lang="EN">Process for the production of aqueous solutions of unsaturated quaternary ammonium salts</invention-title>
      <invention-title load-source="ep" status="new" lang="FR">Procédé de fabrication de solutions aqueuses de sels insaturés d'ammonium quaternaire</invention-title>
    </technical-data>
    <parties>
      <applicants>
        <applicant status="new" format="epo">
          <addressbook>
            <name>ATOFINA</name>
            <address>
              <country>FR</country>
            </address>
          </addressbook>
        </applicant>
        <applicant status="new" format="intermediate">
          <addressbook>
            <name>ATOFINA</name>
          </addressbook>
        </applicant>
        <applicant status="new" format="original">
          <addressbook>
            <last-name>Atofina</last-name>
            <address>
              <street>4/8 Cours Michelet</street>
              <city>92800 Puteaux</city>
              <country>FR</country>
            </address>
          </addressbook>
        </applicant>
      </applicants>
      <inventors>
        <inventor status="new" format="epo">
          <addressbook>
            <name>DRUZKOWSKI THIERRY</name>
            <address>
              <country>FR</country>
            </address>
          </addressbook>
        </inventor>
        <inventor status="new" format="epo">
          <addressbook>
            <name>HERBST GILLES</name>
            <address>
              <country>FR</country>
            </address>
          </addressbook>
        </inventor>
        <inventor status="new" format="epo">
          <addressbook>
            <name>RIONDEL ALAIN</name>
            <address>
              <country>FR</country>
            </address>
          </addressbook>
        </inventor>
        <inventor status="new" format="epo">
          <addressbook>
            <name>TRETJAK SERGE</name>
            <address>
              <country>FR</country>
            </address>
          </addressbook>
        </inventor>
        <inventor status="new" format="intermediate">
          <addressbook>
            <name>DRUZKOWSKI, THIERRY</name>
          </addressbook>
        </inventor>
        <inventor status="new" format="intermediate">
          <addressbook>
            <name>HERBST, GILLES</name>
          </addressbook>
        </inventor>
        <inventor status="new" format="intermediate">
          <addressbook>
            <name>RIONDEL, ALAIN</name>
          </addressbook>
        </inventor>
        <inventor status="new" format="intermediate">
          <addressbook>
            <name>TRETJAK, SERGE</name>
          </addressbook>
        </inventor>
        <inventor status="new" format="original">
          <addressbook>
            <last-name>DRUZKOWSKI, THIERRY</last-name>
            <address>
              <street>17 rue Faidherbe</street>
              <city>75011 Paris</city>
              <country>FR</country>
            </address>
          </addressbook>
        </inventor>
        <inventor status="new" format="original">
          <addressbook>
            <last-name>HERBST, GILLES</last-name>
            <address>
              <street>25 rue de la Source</street>
              <city>54000 Nancy</city>
              <country>FR</country>
            </address>
          </addressbook>
        </inventor>
        <inventor status="new" format="original">
          <addressbook>
            <last-name>RIONDEL, ALAIN</last-name>
            <address>
              <street>74 rue Nationale</street>
              <city>57600 Forbach</city>
              <country>FR</country>
            </address>
          </addressbook>
        </inventor>
        <inventor status="new" format="original">
          <addressbook>
            <last-name>TRETJAK, SERGE</last-name>
            <address>
              <street>80 avenue de la Paix</street>
              <city>57520 Roulhing</city>
              <country>FR</country>
            </address>
          </addressbook>
        </inventor>
      </inventors>
      <agents>
        <agent status="new" format="original">
          <addressbook>
            <last-name>Rieux, Michel</last-name>
            <address>
              <street>ATOFINA, 4/8, cours Michelet, La Défense 10</street>
              <city>92091 Paris La Défense Cedex</city>
              <country>FR</country>
            </address>
          </addressbook>
        </agent>
      </agents>
    </parties>
    <international-convention-data>
      <designated-states>
        <ep-contracting-states>
          <country>AT</country>
          <country>BE</country>
          <country>CH</country>
          <country>CY</country>
          <country>DE</country>
          <country>DK</country>
          <country>ES</country>
          <country>FI</country>
          <country>FR</country>
          <country>GB</country>
          <country>GR</country>
          <country>IE</country>
          <country>IT</country>
          <country>LI</country>
          <country>LU</country>
          <country>MC</country>
          <country>NL</country>
          <country>PT</country>
          <country>SE</country>
          <country>TR</country>
        </ep-contracting-states>
      </designated-states>
    </international-convention-data>
  </bibliographic-data>
  <abstract load-source="docdb" source="EPO" status="new" lang="EN">
    <p>Preparation of an unsaturated quaternary ammonium salt solution by reaction of N,N-dimethylaminoethyl acrylate with methyl chloride or benzyl chloride in a stirred column under moderate temperature and pressure conditions. Preparation of an aqueous solution of an unsaturated quaternary ammonium salt of formula (I) by the reaction of N,N-dimethylaminoethyl acrylate (ADAME) with methyl or benzyl chloride in the presence of water. R = methyl or benzyl. The reaction is carried out continuously in a stirred column with rotating discs. The quaternizing agent is introduced at the base and ADAME and water at the head of the column, operating at 35-60 degrees C and 10-20 bars.</p>
  </abstract>
  <abstract load-source="ep" status="new" lang="FR">
    <p>Ce procédé de fabrication d'une solution aqueuse du
sel d'ammonium quaternaire insaturé, répondant à la
formule (I),par réaction, en présence d'eau, de l'acrylate
de N,N-diméthylaminoéthyle (ADAME) avec un agent
quaternisant de formule (II), est caractérisé par le fait
que l'on conduit ladite réaction en continu dans une
colonne agitée à disques rotatifs, avec introduction de
l'agent quaternisant en pied de colonne et introduction de
l'ADAME et de l'eau en tête de colonne, ladite réaction
étant conduite à une température de 35 à 60°C et sous une
pression de 10 à 20 bars.
<img id="img-80000001" orientation="unknown" wi="133" img-format="tif" img-content="cf" file="80000001.tif" inline="no" he="33"/>
R = radical méthyle ou benzyle.
<img id="img-00000001" orientation="unknown" wi="71" img-format="tif" img-content="ad" file="00000001.tif" inline="no" he="50"/></p>
  </abstract>
  <description load-source="ep" status="new" lang="FR">
    <p num="0001">La présente invention porte sur la fabrication
de solutions aqueuses de sels insaturés d'ammonium
quaternaire (ci-après dénommés sels quaternaires),
répondant à la formule (I) suivante :
<img id="img-00010001" orientation="unknown" wi="132" img-format="tif" img-content="cf" file="00010001.tif" inline="no" he="25"/>
dans laquelle R représente méthyle ou benzyle,

par réaction, en présence d'eau, de l'acrylate de
N,N-diméthylaminoéthyle (ADAME) avec un agent quaternisant
de formule (II) :
<st32:df xmlns:st32="http://www.ir-facility.org/ns/st32/" align="center">R - Cl</st32:df>
dans laquelle R est tel que défini ci-dessus.</p>
    <p num="0002">On utilise des solutions aqueuses de sels
quaternaires (I) pour préparer des polymères destinés à
servir de floculants cationiques dans le traitement des
eaux.</p>
    <p num="0003">Le brevet européen EP-B-250 325 décrit un
procédé de préparation de solutions aqueuse de sels
quaternaires dont ceux de formule (I), procédé selon
lequel, en présence d'au moins un inhibiteur de
polymérisation :
<ul list-style="bullet"><li>dans une première étape (a), on fait réagir l'ADAME
avec 5 à 20% en poids de la quantité pondérale nécessaire
à la réaction de l'agent quaternisant, ou, suivant une
variante (a'), avec 5 à 20% en poids, par rapport au poids
de l'ADAME, d'une solution aqueuse de sels quaternaires,
laquelle comprend de 50 à 85% en poids de sels
quaternaires ; et</li><li>dans une deuxième étape (b), on ajoute en continu
l'eau et l'agent quaternisant jusqu'à l'obtention de la
concentration souhaitée de sels quaternaires dans l'eau.
Pendant les étapes (a) et (b), on maintient la
température à une valeur comprise entre 30 et 60°C. De
plus, pendant les étapes (a) et (b) et en particulier à 
l'approche de la fin de la réaction, on maintient dans le
milieu réactionnel un courant de gaz oxygéné tel que le
rapport en volume (ou débit volumétrique) de gaz total à
la sortie du réacteur sur le volume (ou débit
volumétrique) d'oxygène introduit à l'entrée de ce même
réacteur est inférieur à 100.Ce procédé permet de préparer des solutions
aqueuses de sels quaternaires qui ont une stabilité à
température ambiante supérieure à un an. Toutefois, on
constate, dans ces solutions, une teneur
particulièrement

élevée d'impuretés, en particulier de
<img id="img-00020001" orientation="unknown" wi="37" img-format="tif" img-content="cf" file="00020001.tif" inline="no" he="12"/><img id="img-00020002" orientation="unknown" wi="35" img-format="tif" img-content="cf" file="00020002.tif" inline="no" he="12"/>
   et d'ADAME. En outre, ce procédé nécessite

destemps de réaction relativement longs, ce qui représente
un inconvénient économique évident.Dans la demande internationale WO 89/07 588, a
alors été proposé un procédé destiné à réduire la
formation des impuretés lors de la réaction de
quaternisation. Conformément à ce procédé, la réaction
est effectuée à une température comprise entre 10 et 80°C,
et</li><li>dans une première étape, on introduit dans le
réacteur la totalité ou une partie de l'agent quaternisant
nécessaire à la réaction, cet agent étant à l'état liquide
dans les conditions de la réaction,</li><li>ensuite, on ajoute l'ADAME, et</li><li>dès que 0 à 30% de la stoechiométrie de l'ADAME ont
été introduits dans le réacteur, on ajoute en continu et
simultanément le reste d'agent quaternisant, le reste
d'ADAME et l'eau jusqu'à l'obtention de la concentration
souhaitée de sels quaternaires,</li><li>et, dans le cas où l'agent quaternisant est introduit
à l'état gazeux à la température de réaction, la réaction
est effectuée en présence d'oxygène et on impose une
pression de manière que l'agent quaternisant soit liquide
à la température de réaction, et, en fin de réaction, on
diminue progressivement la pression jusqu'à la pression 
atmosphérique et simultanément on impose un rapport en
débit volumétrique de gaz total à la sortie du réacteur
sur le débit volumétrique d'oxygène introduit dans le
réacteur inférieur à 100.</li></ul></p>
    <p num="0004">Le procédé ci-dessus selon WO 89/07 588
apporte des améliorations notables au procédé selon
EP-B-250 325. Cependant, il est apparu que la pureté avec
laquelle on obtient les sels quaternaires est encore
insuffisante. Ainsi, au cours de la réaction de l'ADAME
avec CH<sub>3</sub>Cl en milieu aqueux, conduisant au sel désigné
également dans ce qui suit par l'abréviation ADAMQUAT MC,
il se forme, comme impuretés, outre l'acide acrylique (AA)
formé par hydrolyse de l'ADAME, le dimère de l'ADAMQUAT
MC, représenté par la formule (1) :
<img id="img-00030001" orientation="unknown" wi="139" img-format="tif" img-content="cf" file="00030001.tif" inline="no" he="28"/>
Grâce à une série de tests de réactivité en
polymérisation, il a pu être démontré que ces impuretés
affectaient la qualité des polymères cationiques dérivés
de l'ADAMQUAT.</p>
    <p num="0005">La Société déposante a donc recherché des
conditions opératoires de préparation de solutions
aqueuses du sel de formule (I), qui soient capables de
minimiser des impuretés précitées, de façon à proposer un
sel (I) en solution aqueuse de très haute qualité
analytique.</p>
    <p num="0006">Ce nouveau procédé, qui fait donc l'objet de la
présente invention et qui présente l'avantage
complémentaire important de fournir un produit de qualité
constante, est caractérisé par le fait que l'on conduit
ladite réaction en continu dans une colonne agitée à
disques rotatifs, avec introduction de l'agent
quaternisant en pied de colonne et introduction de l'ADAME
et de l'eau en tête de colonne, ladite réaction étant
conduite à une température de 35 à 60°C, de préférence à 
une température de 40 à 50°C, et sous une pression de 10 à
20 bars, de préférence de 12 à 16 bars.</p>
    <p num="0007">Par ailleurs, on conduit généralement la
réaction avec un rapport molaire de CH<sub>3</sub>Cl à l'ADAME qui
est compris entre 1 et 1,5, en particulier entre 1,02 et
1,15, et un temps de séjour de 2 à 6 heures, en
particulier de 2,5 à 3,5 heures. Quant au rapport des
débits d'introduction eau/agent quaternisant, il est
généralement compris entre 0,3 et 1,2, en particulier
entre 0,5 et 0,9.</p>
    <p num="0008">Le procédé selon la présente invention est par
ailleurs avantageusement conduit en présence d'au moins un
stabilisant, choisi notamment parmi le 3,5-ditert.-butyl-4-hydroxytoluène,
l'éther méthylique d'hydroquinone,
l'hydroquinone, le catéchol, le tert.-butyl catéchol et
les mélanges de ces stabilisants, la teneur en agent(s)
stabilisant(s) étant notamment de 20 à 2000 ppm, de
préférence de 100 à 1200 ppm par rapport à la solution
aqueuse de sel quaternaire (I).</p>
    <p num="0009">Le procédé selon l'invention est en outre
avantageusement conduit en présence d'au moins un agent
séquestrant pour métaux, choisi notamment parmi l'acide
diéthylène triamine penta acétique, le sel pentasodique de
l'acide diéthylène triamine penta acétique, l'acide N-hydroxyéthyl-éthylène
diamine triacétique et le sel
trisodique de l'acide N-hydroxyéthyl-éthylène diamine
triacétique, la teneur en agent(s) séquestrant(s) étant
notamment de 1 à 100 ppm, de préférence de 5 à 30 ppm, par
rapport à la solution aqueuse de sel quaternaire (I).</p>
    <p num="0010">D'une manière générale, les agents séquestrants
sont ajoutés sous la forme d'une solution aqueuse, car ils
sont généralement disponibles sous cette forme. Ainsi, le
sel pentasodique de l'acide diéthylène triamine
penta

acétique commercialisé sous la dénomination VERSENEX 80 se
présente sous la forme d'une solution aqueuse à 40% en
poids environ.</p>
    <p num="0011">Le procédé selon l'invention permet notamment de
préparer des solutions aqueuses ayant une concentration en
sels quaternaires (I) de 50 à 85% en poids, et contenant 
des quantités très faibles d'impuretés, comme illustré
dans le Tableau 1 ci-après.</p>
    <p num="0012">Les Exemples suivants illustrent la présente
invention sans toutefois en limiter la portée. Dans ces
exemples, les pourcentages sont en poids sauf indication
contraire.</p>
    <p num="0013">La Figure unique du dessin annexé représente
l'installation utilisée pour la fabrication en continu des
solutions aqueuses de chlorure d'acryloyloxytriméthyl-ammonium
selon les Exemples. Cette installation est
décrite à l'Exemple 1.</p>
    <heading><u style="single">EXEMPLE 1</u> : <u style="single">Fabrication en continu d'une solution
aqueuse d'ADAMQUAT MC</u></heading>
    <p num="0014">On utilise une colonne agitée à disques rotatifs
(1) constituée d'un tube en acier inoxydable d'une
capacité de 0,5 litre, comportant une zone (2) de
prémélangeage des réactifs (1/10 du volume total) et
équipé de sept prises d'échantillons (3), de cinq prises
de température (4), d'un manomètre (5), d'une soupape
d'équerre tarée à 17 bars (6), d'un disque d'éclatement
taré à 25 bars (7), et de piquages permettant
l'introduction des réactifs.</p>
    <p num="0015">Chacun des trois bacs d'alimentation (8 ; 9 ;
10) respectivement en ADAME, eau et chlorure de méthyle
est relié à la colonne agitée (1) par une conduite
d'alimentation (respectivement 8<u style="single">a</u> ; 9<u style="single">a</u> ; 10<u style="single">a</u>) avec
interposition d'une pompe d'alimentation (8<u style="single">b</u> ; 9<u style="single">b</u> ; 10<u style="single">b</u>) et
d'un manomètre (respectivement 8<u style="single">c</u> ; 9<u style="single">c</u>; 10<u style="single">c</u>). La conduite
(10a) d'alimentation en chlorure de méthyle débouche en
pied de colonne, et les deux conduites d'alimentation en
ADAME et eau (respectivement (8a ; 9a) débouchent en tête
de colonne.</p>
    <p num="0016">En fonctionnement, l'ADAMQUAT MC en solution
aqueuse, dont la densité est supérieure à celle de l'ADAME
et à celle du chlorure de méthyle, sort par le bas de la
colonne (1) et est déversé par une conduite de sortie (11)
dans l'une des deux capacités (12 ; 13) équipées chacune
d'un régulateur de pression (12<u style="single">a</u> ; 13<u style="single">a</u>), d'un manomètre
(12<u style="single">b</u> ; 13<u style="single">b</u>), d'un agitateur spécifique (12<u style="single">c</u> ; 13<u style="single">c</u>) 
fonctionnant sous pression, d'une soupape d'éclatement
tarée à 25 bars (12<u style="single">d</u> ; 13<u style="single">d</u>), d'un dégazeur (12<u style="single">e</u>, 13<u style="single">e</u>),
d'une introduction d'air (12<u style="single">f</u> ; 13<u style="single">f</u>), d'un niveau (14) et
de prises de température (12<u style="single">g</u>, 13<u style="single">g</u>). La capacité dans
laquelle est dirigé l'ADAMQUAT MC en solution aqueuse est
utilisée comme dégazeur. Une fois remplie, elle est
isolée et son contenu est dégazé puis déchargé, l'ADAMQUAT
MC en solution aqueuse sortant de la colonne (1) étant
alors dirigé sur l'autre capacité où il sera dégazé puis
déchargé. Autrement dit, la colonne fonctionne en continu
et, pour l'opération de dégazage, le montage fonctionne en
semi-continu.</p>
    <p num="0017">Le mode opératoire est le suivant :

550 g d'ADAMQUAT MC 80 fini (solution aqueuse à
80%) sont chargés dans la colonne (1). Le montage est mis
sous pression (11 bars) à l'aide d'une bouteille d'air
appauvri à 200 bars. Une fois la colonne (1) mise à la
température de travail souhaitée de 45°C, on démarre les
trois pompes d'alimentation (8<u style="single">b</u> ; 9<u style="single">b</u> ; 10<u style="single">b</u>) et on règle
leur débit en fonction du temps de séjour moyen de 2,93
heures et du rapport molaire CH<sub>3</sub>Cl/ADAME visé de 1,18. A
cet effet, le débit d'introduction de l'ADAME est de 120
ml/h, celui de l'eau est de 35 ml/h, et celui du chlorure
de méthyle, entre 49 et 53 ml/h. Dans ces conditions, le
rapport molaire CH<sub>3</sub>Cl/ADAME se situe entre 1,14 et 1,23
(rapport molaire moyen : 1,18), et le rapport des débits
d'alimentation Eau/CH<sub>3</sub>Cl, entre 0,71 et 0,78, et le temps
de séjour est de 2,93 heures.</p>
    <p num="0018">Les résultats sont donnés dans le Tableau 1
suivant. Le taux de conversion de l'ADAME est resté à
100% et le régime d'équilibre est atteint après 7,5
heures de fonctionnement.</p>
    <p num="0019">Les techniques d'analyse étaient les suivantes :
<ul list-style="bullet"><li>Le pourcentage d'ADAMQUAT MC a été déterminé par
potentiométrie, permettant de doser les ions chlorure
au moyen de nitrate d'argent.</li><li>Les impuretés AA et dimère de l'ADAMQUAT MC ont été
analysées par Chromatographie Liquide Haute
Performance (HPLC).</li></ul></p>
    <heading>
      <u style="single">EXEMPLE 2</u>
    </heading>
    <p num="0020">On a procédé comme à l'Exemple 1, excepté que
l'on a diminué le rapport molaire CH<sub>3</sub>Cl/ADAME. Les
conditions opératoires et les résultats sont également
rapportés dans le Tableau 1. Le taux de conversion de
l'ADAME est resté à 100% pour une durée de mise en régime
de 6 heures. <img id="img-00080001" orientation="unknown" wi="117" img-format="tif" img-content="tb" file="00080001.tif" inline="no" he="230"/></p>
  </description>
  <claims load-source="ep" status="new" lang="FR">
    <claim num="1">
      <claim-text>Procédé de fabrication d'une solution
aqueuse du sel d'ammonium quaternaire insaturé, répondant
à la formule (I) suivante :

dans laquelle R représente un radical méthyle ou
benzyle,par réaction, en présence d'eau, de l'acrylate de
N,N-diméthylaminoéthyle (ADAME) avec un agent quaternisant
de formule (II) :
R - Cl
dans laquelle R est tel que défini ci-dessus,caractérisé par le fait que l'on conduit ladite réaction
en continu dans une colonne agitée à disques rotatifs,
avec introduction de l'agent quaternisant en pied de
colonne et introduction de l'ADAME et de l'eau en tête de
colonne, ladite réaction étant conduite à une température
de 35 à 60°C et sous une pression de 10 à 20 bars.</claim-text>
    </claim>
    <claim num="2">
      <claim-text>Procédé selon la revendication 1,
caractérisé par le fait que l'on conduit la réaction à une
température de 40 à 50°C.</claim-text>
    </claim>
    <claim num="3">
      <claim-text>Procédé selon l'une des revendications 1 et
2, caractérisé par le fait que l'on conduit la réaction
sous une pression de 12 à 16 bars.</claim-text>
    </claim>
    <claim num="4">
      <claim-text>Procédé selon l'une des revendications 1 à
3, caractérisé par le fait que l'on conduit la réaction
avec un rapport molaire de CH3Cl à l'ADAME qui est compris
entre 1 et 1,5.</claim-text>
    </claim>
    <claim num="5">
      <claim-text>Procédé selon la revendication 4,
caractérisé par le fait que l'on conduit la réaction avec
un rapport molaire de l'agent quaternisant à l'ADAME qui
est compris entre 1,02 et 1,15.</claim-text>
    </claim>
    <claim num="6">
      <claim-text>Procédé selon l'une des revendications 1 à
5, caractérisé par le fait que l'on conduit la réaction
avec un rapport des débits d'introduction eau/agent
quaternisant compris entre 0,3 et 1,2, en particulier
entre 0,5 et 0,9.</claim-text>
    </claim>
    <claim num="7">
      <claim-text>Procédé selon l'une des revendications 1 à
6, caractérisé par le fait que l'on conduit la réaction
avec un temps de séjour de 2 à 6 heures.</claim-text>
    </claim>
    <claim num="8">
      <claim-text>Procédé selon la revendication 7,
caractérisé par le fait que l'on conduit la réaction avec
un temps de séjour de 2,5 à 3,5 heures.</claim-text>
    </claim>
    <claim num="9">
      <claim-text>Procédé selon l'une des revendications 1 à
8, caractérisé par le fait qu'il est conduit en présence
d'au moins un stabilisant, choisi notamment parmi le 3,5-ditert.-butyl-4-hydroxytoluène,
l'éther méthylique
d'hydroquinone, l'hydroquinone, le catéchol, le tert.-butyl
catéchol et les mélanges de ces stabilisants, la
teneur en agent(s) stabilisant(s) étant notamment de 20 à
200 ppm, de préférence de 100 à 1200 ppm par rapport à la
solution aqueuse de sel quaternaire (I).</claim-text>
    </claim>
    <claim num="10">
      <claim-text>Procédé selon la revendication 9,
caractérisé par le fait qu'il est conduit en outre en
présence d'au moins un agent séquestrant pour métaux,
choisi notamment parmi l'acide diéthylène triamine penta
acétique, le sel pentasodique de l'acide diéthylène
triamine penta acétique, l'acide N-hydroxyéthyl-éthylène
diamine triacétique et le sel trisodique de l'acide N-hydroxyéthyl-éthylène
diamine triacétique, la teneur en
agent(s) séquestrant(s) étant notamment de 1 à 100 ppm, de
préférence de 5 à 30 ppm, par rapport à la solution
aqueuse de sel quaternaire (I).</claim-text>
    </claim>
  </claims>
  <copyright>User acknowledges that the Information Retrieval Facility (IRF) and its third party providers retain all right, title and interest in and to this xml under applicable copyright laws. User acquires no ownership rights to this xml including but not limited to its format. User hereby accepts the terms and conditions of the Licence Agreement set forth at http://www.ir-facility.org/legal/marec/data_licence</copyright>
</patent-document>
