<?xml version="1.0" encoding="utf-8"?>
<!DOCTYPE patent-document PUBLIC "-//MXW//DTD patent-document XML//EN" "http://www.ir-facility.org/dtds/patents/v1.4/patent-document.dtd">
<patent-document ucid="EP-1253513-A1" country="EP" doc-number="1253513" kind="A1" lang="FR" family-id="8862761" status="new" date-produced="20090516" date="20021030">
  <bibliographic-data>
    <publication-reference ucid="EP-1253513-A1" status="new" fvid="23586558">
      <document-id status="new" format="original">
        <country>EP</country>
        <doc-number>1253513</doc-number>
        <kind>A1</kind>
        <date>20021030</date>
      </document-id>
    </publication-reference>
    <application-reference ucid="EP-02290987-A" status="new" is-representative="NO">
      <document-id status="new" format="epo">
        <country>EP</country>
        <doc-number>02290987</doc-number>
        <kind>A</kind>
        <date>20020418</date>
      </document-id>
    </application-reference>
    <priority-claims status="new">
      <priority-claim ucid="FR-0105677-A" status="new">
        <document-id status="new" format="epo">
          <country>FR</country>
          <doc-number>0105677</doc-number>
          <kind>A</kind>
          <date>20010427</date>
        </document-id>
      </priority-claim>
    </priority-claims>
    <technical-data status="new">
      <classifications-ipcr>
        <classification-ipcr status="new">G06F   7/58        20060101A I20051008RMEP        </classification-ipcr>
        <classification-ipcr status="new">G06F   7/58        20060101C I20051008RMEP        </classification-ipcr>
        <classification-ipcr status="new">H04B   3/54        20060101A I20051008RMEP        </classification-ipcr>
        <classification-ipcr status="new">H04B   3/54        20060101C I20051008RMEP        </classification-ipcr>
      </classifications-ipcr>
      <classification-ecla status="new">
        <classification-symbol scheme="EC">G06F   7/58R</classification-symbol>
        <classification-symbol scheme="EC">H04B   3/54A</classification-symbol>
      </classification-ecla>
      <invention-title load-source="ep" status="new" lang="DE">Verfahren zum Erzeugen einer Zufallszahlenfolge und Vorrichtung zu dessen Durchführung</invention-title>
      <invention-title load-source="ep" status="new" lang="EN">Method of generating a random number sequence and apparatus implementing the method</invention-title>
      <invention-title load-source="ep" status="new" lang="FR">Procédé de production d'une séquence de nombres aléatoires et dispositif mettant en oeuvre le procédé</invention-title>
    </technical-data>
    <parties>
      <applicants>
        <applicant status="new" format="epo">
          <addressbook>
            <name>TRIALOG</name>
            <address>
              <country>FR</country>
            </address>
          </addressbook>
        </applicant>
        <applicant status="new" format="intermediate">
          <addressbook>
            <name>TRIALOG</name>
          </addressbook>
        </applicant>
        <applicant status="new" format="original">
          <addressbook>
            <last-name>Trialog</last-name>
            <address>
              <street>25, rue du Général Foy</street>
              <city>75008 Paris</city>
              <country>FR</country>
            </address>
          </addressbook>
        </applicant>
      </applicants>
      <inventors>
        <inventor status="new" format="epo">
          <addressbook>
            <name>D HOOGE MICHEL</name>
            <address>
              <country>FR</country>
            </address>
          </addressbook>
        </inventor>
        <inventor status="new" format="epo">
          <addressbook>
            <name>KUNG ANTONIO</name>
            <address>
              <country>FR</country>
            </address>
          </addressbook>
        </inventor>
        <inventor status="new" format="epo">
          <addressbook>
            <name>MILANINI STEPHANE</name>
            <address>
              <country>FR</country>
            </address>
          </addressbook>
        </inventor>
        <inventor status="new" format="intermediate">
          <addressbook>
            <name>D'HOOGE, MICHEL</name>
          </addressbook>
        </inventor>
        <inventor status="new" format="intermediate">
          <addressbook>
            <name>KUNG, ANTONIO</name>
          </addressbook>
        </inventor>
        <inventor status="new" format="intermediate">
          <addressbook>
            <name>MILANINI, STEPHANE</name>
          </addressbook>
        </inventor>
        <inventor status="new" format="original">
          <addressbook>
            <last-name>D'HOOGE, MICHEL</last-name>
            <address>
              <street>16, rue Voltaire</street>
              <city>95370 Montigny-les-Corneilles</city>
              <country>FR</country>
            </address>
          </addressbook>
        </inventor>
        <inventor status="new" format="original">
          <addressbook>
            <last-name>KUNG, ANTONIO</last-name>
            <address>
              <street>204, rue de Vaugirard</street>
              <city>75015 Paris</city>
              <country>FR</country>
            </address>
          </addressbook>
        </inventor>
        <inventor status="new" format="original">
          <addressbook>
            <last-name>Milanini, Stéphane</last-name>
            <address>
              <street>28, rue d'Hauteville</street>
              <city>75010 Paris</city>
              <country>FR</country>
            </address>
          </addressbook>
        </inventor>
      </inventors>
      <agents>
        <agent status="new" format="original">
          <addressbook>
            <last-name>Kohn, Philippe</last-name>
            <address>
              <street>Cabinet Philippe Kohn, 30, rue Hoche</street>
              <city>93500 PANTIN</city>
              <country>FR</country>
            </address>
          </addressbook>
        </agent>
      </agents>
    </parties>
    <international-convention-data>
      <designated-states>
        <ep-contracting-states>
          <country>AT</country>
          <country>BE</country>
          <country>CH</country>
          <country>CY</country>
          <country>DE</country>
          <country>DK</country>
          <country>ES</country>
          <country>FI</country>
          <country>FR</country>
          <country>GB</country>
          <country>GR</country>
          <country>IE</country>
          <country>IT</country>
          <country>LI</country>
          <country>LU</country>
          <country>MC</country>
          <country>NL</country>
          <country>PT</country>
          <country>SE</country>
          <country>TR</country>
        </ep-contracting-states>
      </designated-states>
    </international-convention-data>
  </bibliographic-data>
  <abstract load-source="docdb" source="EPO" status="new" lang="EN">
    <p>Method has the following steps: production of a measurement signal of a noise source; sampling of a random number from the signal as a digital start point for a sequence of random numbers and; production of a random number sequence using the digital start point. The invention also relates to a corresponding device for implementing the method in which the carrier current (1) of a frame transmission communications network is used as a noise source. The device uses the modem equipment usually available in a communications network as a means for digitizing (5) a sampled voltage (1) which is then used as the start point for a random number generator.</p>
  </abstract>
  <abstract load-source="ep" status="new" lang="FR">
    <p>La présente invention concerne un procédé de production d'une
séquence de nombres aléatoires. Elle concerne aussi un dispositif
mettant en oeuvre le procédé.</p>
    <p>L'invention est bien adaptée au domaine des réseaux de
communication à courants porteurs. Elle permet d'utiliser le courant
porteur, principalement dans les inter-trames d'un protocole de
communication pour exploiter le courant porteur comme source de bruit.
En réutilisant les composants principaux d'un circuit de modulation-démodulation
habituellement disponible sur les appareils connectés à un
réseau de communication à courant porteur (1), l'invention permet par
numérisation (5) d'une tension prélevée (1) de produire au moins un
germe (7) numérique qui est transmis à un générateur de séquences
aléatoires (9) à la requête ( R) d'un client (U).</p>
    <p>Il est ainsi possible de réaliser, sans augmenter de façon notable
le nombre de composants, diverses fonctions exploitant des séquences
de nombres aléatoires de très bonne qualité comme l'allocation
dynamique d'identificateurs dans un protocole de communications,
notamment sur un réseau à courant porteur, mais non exclusivement, le
cryptage des communications, etc.
<img id="img-00000001" orientation="unknown" wi="86" img-format="tif" img-content="ad" file="00000001.tif" inline="no" he="75"/></p>
  </abstract>
  <description load-source="ep" status="new" lang="FR">
    <p num="0001">La présente invention concerne un procédé de production
d'une séquence de nombres aléatoires. Elle concerne aussi un
dispositif mettant en oeuvre le procédé.</p>
    <p num="0002">Dans l'état de la technique, on a déjà proposé des
procédés pour engendrer des séquences de nombres aléatoires.
Parmi ces procédés, on a déjà proposé de générer des séquences
de nombres aléatoires à partir de germes. Plus précisément, on
s'est aperçu que de nombreux procédés de génération de
séquences de nombres aléatoires produisent des séquences dont
il suffit de repérer un membre particulier de la séquence pour
retrouver l'ensemble de la séquence. Un tel membre est désigné
ci-après sous le terme de germe.</p>
    <p num="0003">De ce fait, les procédés d'une nouvelle technique se sont
fondés sur la recherche d'une approche mieux adaptée à la
génération d'une séquence réellement aléatoire, c'est-à-dire telle
que la succession des membres de la séquence est réellement
imprévisible même si on répète la mise en route du mécanisme
générateur.</p>
    <p num="0004">Par ailleurs, dans l'état de la technique, on a déjà proposé
d'utiliser des générateurs de nombres aléatoires, matériels ou
logiciels, de façon à exploiter des séquences de nombres
aléatoires dans des procédés d'allocation d'identificateurs sur un
réseau de dispositifs électroniques échangeant des données. Un
tel procédé d'allocation d'identificateur permet d'insérer les
communications de données échangées avec une unité de
traitement de données particulière sur le réseau dans une trame
définie par un protocole de communications ainsi qu'il est connu.</p>
    <p num="0005">Dans un autre domaine, on a déjà proposé d'utiliser des
générateurs de nombres aléatoires, matériels ou logiciels, de
façon à exploiter des séquences de nombres aléatoires pour 
réaliser des dispositifs de cryptographie, calculant des clés de
cryptage sur la base de telles séquences de nombres aléatoires.</p>
    <p num="0006">Dans un autre domaine, on a déjà proposé d'utiliser des
générateurs de nombres aléatoires, matériels ou logiciels, de
façon à exploiter des séquences de nombres aléatoires pour
réaliser des dispositifs d'authentification d'utilisateur par exemple
dans le cadre de l'autorisation d'accès à des ressources
informatiques ou autres ou dans le cadre de transactions
sécurisées.</p>
    <p num="0007">Or, le fait que le germe utilisé pour générer une telle
séquence de nombres aléatoires ne permette pas de réaliser des
séquences réellement imprévisibles, rend ces procédés peu sûrs
et nécessite de multiplier les moyens de calcul pour renforcer le
caractère aléatoire, comme l'augmentation du nombre de bits
codant les nombres aléatoires ou encore l'exposant des
polynômes générateurs de telles séquences de nombres
aléatoires au détriment de la puissance de calcul disponible, du
temps de calcul disponible et/ou du coût des appareils qui
incorporent de tels mécanismes.</p>
    <p num="0008">Dans l'état de la technique, on a aussi proposé d'utiliser le
réseau d'alimentation électrique en énergie comme porteur
d'informations pour un réseau d'unités de traitement de données.
De telles dispositions permettent d'injecter ou de prélever des
données numériques sous forme d'une modulation de la tension
électrique d'alimentation en énergie et de les rendre disponibles.
Les unités de traitement de données sont habituellement les
appareils consommateurs d'énergie électrique fournie par le
réseau et des contrôleurs particulièrement associés dans ce qu'on
appelle des installations domotiques. Les divers problèmes
précités pour d'autres domaines techniques portent aussi dans le
domaine de la domotique et un générateur de séquences 
aléatoires réellement imprévisible est une exigence de plus en
plus aiguë.</p>
    <p num="0009">La présente invention apporte une réponse à ces divers
problèmes en proposant une nouvelle manière de générer des
séquences de nombres aléatoires basée sur la production d'un
germe lui-même produit à partir d'une source sûre de valeurs
aléatoires.</p>
    <p num="0010">A cette fin, le procédé de l'invention consiste
essentiellement :
<ul list-style="bullet"><li>à produire un signal de mesure d'un paramètre mesurable sur
une source de bruit, puis</li><li>à affecter au moins un nombre aléatoire prélevé sur ledit signal
de mesure comme germe pour une séquence de nombres
aléatoires, puis</li><li>à produire une séquence de nombres aléatoires exploitant au
moins un germe donné à destination d'un utilisateur de la
séquence de nombres aléatoires.</li></ul></p>
    <p num="0011">Selon un autre aspect de l'invention, le procédé, pour
prélever au moins un nombre aléatoire, consiste à :
<ul list-style="bullet"><li>extraire le signal de bruit de la source de nombres aléatoires
comme une source d'alimentation électrique, par
démodulation ;</li><li>numériser à des dates prédéterminées le produit de l'étape de
démodulation du signal de bruit de la source de nombres
aléatoires.</li></ul></p>
    <p num="0012">Selon un autre aspect de l'invention, le procédé, la source
de nombres aléatoires étant constituée par une source
d'alimentation électrique dans un réseau de distribution portant un
moyen de communications par courants porteurs, consiste à
déterminer les dates prédéterminées de numérisation en
distinguant les instants pendant lesquels de l'information est
échangée sur le réseau de distribution, des instants où aucune 
information n'est échangée sur le réseau de distribution et
pendant lesquelles des dates prédéterminées de numérisation
sont autorisées.</p>
    <p num="0013">Selon un autre aspect de l'invention, le procédé, pour
distinguer les instants pendant lesquels des dates prédéterminées
de numérisation sont autorisées, consiste à décoder les données
présentes sur le réseau de distribution de sorte que l'on détecte
si le message reçu est un message d'échange de données, pour
inhiber la détermination d'une date prédéterminée de numérisation,
et dans le cas contraire, pour permettre la détermination
d'une date prédéterminée de numérisation.</p>
    <p num="0014">Selon un autre aspect de l'invention, le procédé, pour
produire une séquence de nombres aléatoires, est répété une
pluralité de fois ou bien en affectant à chaque exécution un germe
à chaque nombre aléatoire ou bien en affectant ledit germe
comme valeur de chargement à un processus producteur d'une
séquence de nombres aléatoires, qui produit une pluralité de
nombres aléatoires au moins jusqu'à ce qu'une nouvelle exécution
ait lieu.</p>
    <p num="0015">L'invention concerne aussi un dispositif mettant en oeuvre
le procédé défini ci-dessus.</p>
    <p num="0016">Selon un aspect de l'invention le dispositif comporte à titre
de source de bruit au moins l'un des moyens suivants:
<ul list-style="bullet"><li>une source de tension constituée entre deux phases de
distribution de courant électrique alternatif polyphasée ;</li><li>une source de tension constituée entre phase et neutre de
distribution de courant électrique alternatif polyphasée ;</li><li>une source de tension constituée entre une première polarité
et une seconde polarité de distribution de courant électrique
continu ; </li><li>une source de tension constituée entre une première polarité
et une masse électrique de distribution de courant électrique
continu.</li></ul></p>
    <p num="0017">Selon un aspect de l'invention le dispositif comporte un
moyen d'isolement connecté à ladite source de bruit qui effectue
le prélèvement d'un signal de mesure d'un paramètre mesurable
sur une source de bruit, comme la tension électrique.</p>
    <p num="0018">Selon un aspect de l'invention le dispositif comporte un
moyen adaptateur dont l'entrée reçoit le signal de mesure issu du
moyen d'isolement et dont la sortie est connectée à l'entrée d'un
moyen de démodulation de sorte qu'un signal représentatif d'un
bruit soit produit et transmis à l'entrée d'un convertisseur
analogique-numérique, la fonction de transfert du moyen
adaptateur étant déterminée de sorte que le signal de mesure
issu du moyen d'isolement puisse être représenté à pleine échelle
par le convertisseur sur une durée déterminée.</p>
    <p num="0019">Selon un aspect de l'invention, le dispositif comporte un
contrôleur connecté par un bus de service et qui engendre des
commandes:
<ul list-style="bullet"><li>pour déterminer une date de numérisation en fonction de l'état
de la source de bruit ;</li><li>pour déterminer l'enregistrement d'une valeur numérisée en
sortie du convertisseur comme germe de séquence aléatoire
dans une mémoire ;</li><li>pour déterminer le transfert d'au moins une valeur numérisée
en sortie du convertisseur comme valeur d'une séquence
aléatoire, ou comme germe pour un générateur aléatoire, vers
au moins un dispositif utilisateur ;</li></ul>
et qui reçoit des requêtes d'au moins un dispositif générateur de
requêtes pour produire au moins une valeur de germe.</p>
    <p num="0020">Selon un aspect de l'invention, le générateur aléatoire
comporte un circuit électronique à base de registres à décalage 
pour générer une séquence de valeurs aléatoires et des moyens
de chargement d'une valeur de présélection des entrées dudit
circuit électronique à base de registres à décalage, qui sont
connectés à la sortie dudit registre mémorisant un germe.</p>
    <p num="0021">Selon un aspect de l'invention, le générateur aléatoire
comporte un moyen de calcul d'une fonction génératrice de
valeurs aléatoires, comme une fonction polynomiale, et un moyen
pour charger une valeur initiale, connecté à la sortie dudit registre
mémorisant un germe.</p>
    <p num="0022">Selon un aspect de l'invention, le dispositif est réalisé à
l'aide d'un circuit intégré modulateur-démodulateur qui comporte
une sortie numérique série produisant au moins un germe pour
une séquence aléatoire, et qui est dédié à un réseau de
communications à réseau porteur.</p>
    <p num="0023">Selon un aspect de l'invention, le dispositif comporte un
circuit de modulation-démodulation adapté à un réseau de
communications pour échanger des requêtes et des valeurs
aléatoires avec au moins un dispositif utilisateur connecté au
réseau de communications.</p>
    <p num="0024">Selon un aspect de l'invention, le dispositif est réalisé à
partir d'un circuit intégré unique.</p>
    <p num="0025">Selon un aspect de l'invention, le dispositif coopère avec
un moyen d'allocation d'un identifiant associé à chaque appareil
connecté à un réseau de communications et qui reçoit au moins
un germe de valeur aléatoire, dans un protocole de
communications fonctionnant dans un réseau de communications
à courant porteur.</p>
    <p num="0026">Selon un aspect de l'invention, le dispositif coopère avec
au moins un dispositif générateur de clés de cryptage pour la
communication sur au moins un réseau de communications. </p>
    <p num="0027">Selon un aspect de l'invention, la source de bruit est
constituée par l'ensemble des conducteurs d'alimentation
électrique non reliés à une source d'alimentation électrique.</p>
    <p num="0028">Selon un autre aspect de l'invention, le dispositif, pour
attribuer à chaque équipement utilisant un protocole déterminé,
un identifiant unique caractéristique de la norme, comporte un
générateur aléatoire attribué à cette fonction sur l'équipement
pour produire un nombre aléatoire et un moyen pour vérifier que
ledit nombre aléatoire ne pourrait pas constituer une adresse en
conflit, de sorte que, si le test est positif, le nombre aléatoire
calculé permet d'attribuer une adresse d'équipement.</p>
    <p num="0029">D'autres caractéristiques et avantages de l'invention
apparaítront à la lecture de la description détaillée qui suit pour la
compréhension de laquelle on se reportera aux dessins annexés
dans lesquels :
<ul list-style="bullet"><li>la figure 1 est un schéma bloc expliquant le détail d'un
dispositif mettant en oeuvre le procédé de l'invention ;</li><li>la figure 2 est un graphique représentant le
comportement temporel d'une source sûre de nombres aléatoires
exploitée dans le procédé de l'invention ;</li><li>la figure 3 est un graphique représentant une
succession de germes utilisable de manière sûre pour un
générateur de nombres aléatoires et qui sont produits selon le
procédé de l'invention ;</li><li>la figure 4 est un schéma bloc représentant un moyen
pour améliorer la qualité statistique d'une séquence de valeurs
aléatoires ;</li><li>la figure 5 est un schéma bloc représentant un autre
moyen pour améliorer la qualité statistique d'une séquence de
valeurs aléatoires.</li></ul></p>
    <p num="0030">A la figure 1, on a représenté un schéma bloc expliquant le
détail d'un dispositif mettant en oeuvre le procédé de l'invention. </p>
    <p num="0031">Le procédé de l'invention consiste essentiellement à
utiliser une source de bruit facilement disponible dans
l'environnement dans lequel elle est appliquée.</p>
    <p num="0032">L'une des sources de bruit les plus largement répandue
dans les systèmes de traitement de données est constituée par le
réseau de distribution d'électricité lui-même. Ainsi qu'il est bien
connu, même en l'absence de couplage d'énergie dans la partie
consommatrice du réseau d'alimentation électrique, un signal de
bruit existe parfois de très faible puissance ou parfois de
puissance trop importante pour être directement utilisé.</p>
    <p num="0033">Selon l'invention, il est donc prévu d'utiliser une étape
d'adaptation du paramètre mesurée sur la source de bruit. Dans
une application typique de l'invention, le réseau d'alimentation
électrique est constitué par le réseau de distribution d'électricité
en courant alternatif, par exemple monophasé et en Europe à 240
Volts efficaces et 50 hertz. La mesure de la tension électrique sur
un tel réseau fournit une quantité importante de valeurs
numériques aléatoires ou pseudo-aléatoires qu'il est possible
d'exploiter pour produire une séquence de valeurs aléatoires de
bonne qualité.</p>
    <p num="0034">De cette analyse, l'invention a tiré les caractéristiques que
le procédé de production d'une séquence de valeurs numériques
aléatoires doit comporter:
<ul list-style="bullet"><li>une étape pour produire un signal de mesure d'un paramètre
mesurable, comme la tension sur une phase, sur une source de
bruit comme une phase d'un réseau de distribution de courant
alternatif, puis</li><li>une étape pour affecter au moins un nombre aléatoire prélevé
sur ledit signal de mesure,</li></ul></p>
    <p num="0035">Le prélèvement du signal de bruit doit s'effectuer
notamment en réalisant une adaptation du paramètre mesuré. Si
le signal mesuré est un signal de tension, l'amplitude de la 
tension maximale doit être limitée à la valeur maximale admissible
par le dispositif qui met en oeuvre le procédé de l'invention. Par
ailleurs, la dynamique du signal de mesure doit être telle que,
pendant les intervalles de temps où le prélèvement du signal de
mesure est requis pour exploiter le procédé de l'invention les
diverses valeurs mesurées se répartissent statistiquement de
manière convenable entre la valeur minimale et la valeur
maximale admissibles par le dispositif de mise en oeuvre du
procédé. L'homme de métier saura en fonction des critères
connus spécifiant le signal de mesure prélevé sur la source de
bruit, ici la tension entre phase et neutre du réseau de distribution
électrique, déterminer la fonction de transfert du module
d'adaptation du signal de mesure.</p>
    <p num="0036">Dans le procédé de l'invention, l'étape suivante comprend
une étape d'extraction du signal de bruit. En effet, ainsi qu'il est
représenté à la Figure 2, dans le cas d'une source de bruit
constituée entre phase et neutre d'un réseau de distribution de
courant alternatif, le bruit se manifeste en général sous la forme
d'une modulation d'un signal utile. Un tel signal utile, dans le
cadre de l'invention de signal porteur, est constitué par l'onde
utile de puissance, quand la partie consommatrice est connectée
au réseau, ou par les couplages parasites ou les pertes quand la
partie consommatrice sur laquelle est généralement disposé le
dispositif de l'invention n'est pas couplée au reste du réseau.</p>
    <p num="0037">Selon le procédé de l'invention, on a considéré avec de
bons résultats que la modulation de bruit était une modulation
d'amplitude qui est représentée à la figure 2 entre une enveloppe
haute 11 de modulation et une enveloppe basse 12 de
modulation. Cependant, dans d'autres applications, d'autres
modulations sont exploitées comme une modulation de fréquence
ou une modulation de phase. </p>
    <p num="0038">Selon le procédé de l'invention, on exécute ensuite une
étape de numérisation du signal démodulé, par exemple avec un
convertisseur analogique numérique. A cette fin, selon l'invention,
on exécute à des dates prédéterminées ou bien périodiquement
ou bien en fonction d'une requête présentée sur le dispositif de
mise en oeuvre du procédé de l'invention, un échantillonnage du
signal démodulé et une numérisation entre une valeur Vmax (voir
Figure 3) et une valeur nulle. On peut ainsi recueillir au moins
une valeur numérique comme la valeur numérique 14, ou une
pluralité de valeurs numériques réparties aléatoirement entre le
niveau 13 maximal par exemple sur un mot de 8 bits une valeur
de 255 et la valeur nulle. Au moins une telle valeur numérique à
une date donnée est choisie comme germe pour une séquence de
nombres aléatoires.</p>
    <p num="0039">Dans un mode de réalisation de l'invention, le procédé
consiste ensuite à fournir au moins une valeur numérique ainsi
produite comme séquence de valeurs aléatoires à un dispositif
utilisateur.</p>
    <p num="0040">Dans un autre mode de réalisation, avant de fournir la
séquence de valeurs aléatoires demandée par un dispositif
utilisateur, un mécanisme générateur d'une séquence de valeurs
aléatoires utilise comme germe ou comme valeur de chargement
ou valeur d'initialisation au moins une valeur numérique issue de
l'étape de conversion analogique numérique. Une telle technique
peut se fonder ou bien sur un mécanisme électronique à base de
décalages de bits à partir de la valeur de chargement constitué
par le germe fourni, ou bien par un mécanisme logiciel, dans
lequel une fonction polynomiale permet à partir d'au moins une
valeur initiale constituée par le germe fourni de générer une
séquence de valeurs aléatoires.</p>
    <p num="0041">Dans une telle application, le procédé de l'invention est
exécuté plusieurs fois, ou bien cycliquement ou bien de manière 
asynchrone en exécution d'une requête présentée par un
générateur de Requête 8' dans un dispositif utilisateur 8', 9.</p>
    <p num="0042">Dans un mode de réalisation, le réseau de distribution
d'électricité qui a servi dans le cadre de l'invention de source de
bruit pour produire un germe pour une séquence aléatoire et une
telle séquence aléatoire, sert aussi de réseau de communication
par courant porteur.</p>
    <p num="0043">Dans une telle application, il est préféré selon l'invention
de ne mesurer le signal de bruit que lorsque aucun message de
communication n'est échangé sur le réseau de communication à
courant porteur. Dans un protocole classiquement utilisé sur un
tel réseau, les messages constitués par des mots binaires
modulés et transmis sur le réseau par l'intermédiaire d'un
convertisseur numérique analogique, un circuit d'adaptation et un
moyen de couplage au réseau comme un transformateur, sont
transmis lors de trames temporelles. Un tel protocole ménage des
intervalles de temps entre trames appelées inter-trame et, de
plus, si le réseau de communications ne comporte pas son
nombre maximal de dispositifs connectés, un certain nombres de
trames de messageries sont silencieuses.</p>
    <p num="0044">Dans un mode préféré de réalisation, le procédé consiste à
décoder les trames et, si aucun en-tête caractéristique d'un
message de communication n'est détecté, le contrôle du procédé
permet qu'une détection de bruit ait lieu pour produire un germe
et une séquence de valeurs aléatoires.</p>
    <p num="0045">Les dispositifs utilisateurs U de la séquence aléatoire
produite peuvent être connectés au dispositif de mise en oeuvre
par un bus local ou par un réseau de communications. C'est en
particulier le cas, quand l'invention est exécutée sur un réseau de
communications à courant porteur. Dans ce cas chaque dispositif
connecté au réseau à courant porteur peut demander au dispositif
de mise en oeuvre du procédé de l'invention de recevoir une 
séquence de valeurs aléatoires par exemple dans le cadre d'un
mécanisme d'allocation d'identificateurs pour le protocole
d'allocation de trames de communication, ainsi qu'il est connu
dans les technologies de réseau de type "plug and play". Dans le
cadre de protocoles connus comme les protocoles EHS ™ ou
Konnex ™, chaque appareil électronique possède son propre
générateur aléatoire pour générer une adresse arbitraire
identifiant l'appareil électronique dans le réseau, puis pour
vérifier que cette adresse n'est pas en conflit avec l'adresse d'un
autre appareil.</p>
    <p num="0046">Il est clair que ces échanges peuvent aussi se passer sur
d'autres réseaux de communications, par exemple si le dispositif
de mise en oeuvre de l'invention est intégré à un ordinateur
connecté à un réseau à courant porteur. Le procédé de production
de séquences de valeurs aléatoires peut ensuite être exporté sur
un réseau local par exemple de type Ethernet, ou un réseau
téléinformatique comme Internet.</p>
    <p num="0047">L'exploitation d'une telle séquence de valeurs aléatoires
peut ainsi être avantageuse pour réaliser un cryptage de données
échangées ou pour exécuter des traitements de données
nécessitant des séquences de valeurs numériques aléatoires
comme une simulation de Monte-Carlo.</p>
    <p num="0048">Dans un autre exemple d'utilisation de l'invention, dans le
cadre d'une norme déterminée, l'invention permet d'attribuer à
chaque équipement utilisant ledit protocole un identifiant unique
caractéristique de la norme. Dans une telle application, le
générateur aléatoire attribué à cette fonction sur l'équipement
produit un nombre aléatoire et vérifie qu'il ne pourrait pas
constituer une adresse en conflit. Si le test est positif le nombre
aléatoire calculé permet d'attribuer une adresse d'équipement.</p>
    <p num="0049">On remarque un avantage de la présente invention de ne
pas nécessiter de composants nouveaux et en nombre important 
particulièrement quand le procédé est exécuté sur un réseau de
communications à courant porteur parce que la plupart des
composants nécessaires pour réaliser le dispositif de mise en
oeuvre sont déjà disposés sur les dispositifs habituellement
connectés. Il suffit de rajouter essentiellement une mémoire pour
le germe ou la séquence aléatoire et un programme qui, exécuté
sur le microcontrôleur du dispositif cible, permet de mettre en
oeuvre le procédé de l'invention.</p>
    <p num="0050">A la figure 1, on a représenté un schéma bloc expliquant le
détail d'un dispositif mettant en oeuvre le procédé de l'invention.</p>
    <p num="0051">La source de bruit 1 est, dans un mode préféré de
réalisation de l'invention, constituée entre deux lignes de
distribution de courant, par exemple dans un réseau de
communications à courant porteur.</p>
    <p num="0052">Les deux lignes peuvent être placées au neutre et à une
phase ou entre deux phases ou entre une phase et la masse si le
réseau de distribution est à courant alternatif. Les deux lignes
peuvent être placées entre deux polarités ou entre une polarité et
une masse électrique si le réseau de distribution est à courant
continu.</p>
    <p num="0053">D'autres sources de bruit sont possibles, incluant
notamment un circuit électronique comme un circuit incorporant
une jonction semi-conductrice dont la polarisation produit un
signal de bruit thermique.</p>
    <p num="0054">Le signal de mesure du procédé de l'invention est prélevé
à travers un moyen d'isolement comme un transformateur à
enroulements qui permet essentiellement de protéger la source de
bruit et le dispositif de l'invention ainsi qu'il est connu.</p>
    <p num="0055">Le secondaire du transformateur 2 est connecté à un
circuit d'adaptation 3 dont la fonction de transfert a été définie
lors de la description du procédé de l'invention. La sortie du
circuit d'adaptation 3 est connectée à l'entrée d'un circuit de 
démodulation 4 qui permet de produire à sa sortie un signal
analogique représentatif du bruit prélevé sur la source de bruit 1.</p>
    <p num="0056">La sortie du circuit de démodulation 4 est connectée à
l'entrée d'un circuit de conversion analogique numérique 5. Dans
un mode de réalisation, le convertisseur 5 admet une largeur de
bus de sortie de données de conversion de 8 bits, les valeurs de
la séquence de valeurs aléatoires issue du convertisseur 5 se
trouvant entre 0 et 255. La conversion analogique en valeur
numériques est commandée par le signal de commande en
provenance d'un contrôleur 8 sur un bus de commande 10.</p>
    <p num="0057">La sortie numérique du convertisseur 5 est connectée à
l'entrée d'un circuit générateur de germe 6. Dans un mode de
réalisation, le générateur de germe 6 est constitué par un registre
dont l'entrée d'écriture est activée par un signal de commande en
provenance d'un contrôleur 8 sur un bus de commande 10. Dans
un tel mode de réalisation, le contrôleur détermine en fonction
d'un programme qui y est enregistré et d'une requête produite par
un générateur de requêtes 8' et reçue d'un dispositif utilisateur U
qui comporte ledit générateur de requêtes 8', la date de
prélèvement du germe dans la séquence de valeurs aléatoires
générée en sortie du convertisseur analogique numérique 5.</p>
    <p num="0058">Le germe est alors fourni par le contrôleur 8 à l'entrée d'un
circuit générateur 9 de séquences aléatoires, interne au dispositif
utilisateur U. Dans un mode de réalisation, un tel circuit est
réalisé sous forme matérielle par un circuit à base de registres à
décalage dont les valeurs d'entrée peuvent être pré chargées par
la valeur du germe prélevé par le circuit générateur de germe 6.
Dans un autre mode de réalisation, le circuit générateur 9 de
séquences aléatoires est réalisé sous forme logicielle à l'aide
d'un microcontrôleur, d'un microprocesseur ou d'un dispositif
micro programmé. Il s'agit du contrôleur 8 dans un mode préféré
de réalisation. Le générateur logiciel de séquences aléatoires 
reçoit une valeur initiale sous la forme du germe produit par le
générateur de germes 6. Le générateur logiciel produit alors une
séquence de valeurs aléatoires disponible à un utilisateur U,
comme celui qui a exposé la requête R.</p>
    <p num="0059">A la figure 4, on a représenté un schéma bloc représentant
un moyen pour améliorer la qualité statistique d'une séquence de
valeurs aléatoires.</p>
    <p num="0060">Quand le convertisseur analogique numérique 5 est une
partie d'un circuit "modem" standard comme un circuit modem
pour réseau à courant porteur, on utilise un moyen de débiaisage
réalisé préférentiellement par une fonction logicielle de
débiaisage, les valeurs aléatoires issues du convertisseur
analogique numérique sont sous forme d'une séquence série qui
est présente sur un registre 20. Il peut arriver que bien qu'elles
composent des séquences de valeurs aléatoires elles comportent
plus de "1" que de "0", ou l'inverse. Un moyen 22 de débiaisage
comporte une entrée d'activation connectée à la sortie
d'activation d'un moyen de test 21 et une entrée de séquence
série habituellement directement connectée à sa sortie si le test
exécuté par le moyen 21 ne détecte pas l'existence d'un biais
significatif. Un moyen de débiaisage 22 est préférentiellement
réalisé au moyen de la détection de la parité d'un nombre
déterminé arbitraire de bits produits dans le flux série 20 issu du
convertisseur 5. La séquence 20 comporte une suite aléatoire de
"0" et de "1". Cette fonction est préférentiellement exécutée au
moyen du générateur aléatoire 9 par un contrôleur micro
programmé convenable. Un tel traitement est, dans un mode de
réalisation, exécuté après exécution du test par un moyen de test
de biais 21, sur une réponse positive du moyen de test 21 qui
indique que la séquence de bits série 20 produite en sortie du
convertisseur analogique 5 est biaisée. A cette occasion, la
séquence 20 d'une longueur prédéterminée, par exemple 20 bits, 
selon la décision du contrôleur 8, est remplacée par le bit de test
de parité sorti du moyen de Test de biais 21 et associée dans le
flux série dans un registre de séquence série débiaisée 23.
D'autres traitements de débiaisage sont applicables.</p>
    <p num="0061">La figure 5 est un schéma bloc représentant un autre
moyen pour améliorer la qualité statistique d'une séquence de
valeurs aléatoires.</p>
    <p num="0062">Dans un mode de réalisation, le dispositif de l'invention
comporte un moyen de test 31 de la qualité de production de la
séquence de valeurs aléatoires issue du générateur 9 et
enregistrée dans un registre série 30. Le moyen de Test de
qualité 31 exécute un test de qualité statistique de la séquence et
si cette dernière est déterminée comme médiocre, le moyen de
Test de qualité 31 active un moyen de combinaison 32 de
plusieurs registres série de séquences aléatoires 30-1, 30-2, ...,
30-n produites ainsi qu'il a été décrit plus haut.</p>
    <p num="0063">Chaque séquence 30, 30-1, ..., 30-n peut être produite à
une date déterminée, puis stockée dans une mémoire pour une
utilisation ultérieure U, quand le moyen de test 31 de qualité
statistique active le moyen de combinaison 32.</p>
    <p num="0064">Chaque séquence peut être produite par un dispositif de
mise en oeuvre du procédé décrit ci-dessus et présent sur un
réseau de communication de sorte que la séquence est accessible
à un dispositif de production d'une séquence de valeurs aléatoires
dotée d'un moyen de test 31 de la qualité statistique des
séquences et d'un moyen de combinaison 32 des diverses
séquences.</p>
    <p num="0065">Le moyen de combinaison 32 est préférentiellement
constitué par une fonction de mélange en OU Exclusif des bits en
série des valeurs issues des diverses mémoires de valeurs
aléatoires présentes. D'autres fonctions de mélange comme celle
exécuté par un algorithme DES sont possibles. </p>
    <p num="0066">Le moyen de test 31 de qualité statistique qui active le
moyen de mélange est réalisé par l'un des tests suivants :
<ul list-style="bullet"><li>le test de séquences de bits identiques qui est activé si un
nombre trop élevé de séquences de bits identiques a été
détecté dans la séquence principale 30 ;</li><li>le test de Diehard.</li></ul></p>
    <p num="0067">Dans un mode particulier de réalisation, la source de bruit
du dispositif de l'invention peut avantageusement être constituée
par la réunion d'un ou plusieurs conducteurs d'alimentation
électrique quand le réseau ou la source d'alimentation électrique
est coupée. C'est en particulier le cas quand la source
d'alimentation électrique est défaillante, la source de bruit
pouvant alors continuer son action. En effet, dans l'invention on
s'est rendu compte que un signal de bruit utilisable par le
dispositif de l'invention continuait être perçu sur la source de bruit
même si l'alimentation électrique était coupée. Parmi les effets
responsables d'un tel signal de bruit, il y a la détection par le
circuit composé par les conducteurs d'alimentation des
perturbations radio-électrique ainsi que de courants de masse et
ou de terre selon le mode d'alimentation du dispositif. C'est un
avantage de la présente invention de, de plus, ne pas être
directement affectée par les pannes d'alimentation.</p>
  </description>
  <claims load-source="ep" status="new" lang="FR">
    <claim num="1">
      <claim-text>Procédé de production d'une séquence de nombres
aléatoires, caractérisé en ce qu'il consiste :
<claim-text><claim-text>à produire un signal de mesure d'un paramètre mesurable sur
une source de bruit, puis</claim-text><claim-text>à affecter au moins un nombre aléatoire prélevé sur ledit signal
de mesure comme germe pour une séquence de nombres
aléatoires, puis</claim-text><claim-text>à produire une séquence de nombres aléatoires exploitant au
moins un germe donné à destination d'un utilisateur de la
séquence de nombres aléatoires.</claim-text></claim-text></claim-text>
    </claim>
    <claim num="2">
      <claim-text>Procédé selon la revendication 1, caractérisé en ce
que, pour prélever au moins un nombre aléatoire, il consiste à :
<claim-text><claim-text>extraire le signal de bruit de la source de nombres aléatoires
comme une source d'alimentation électrique, par
démodulation ;</claim-text><claim-text>numériser à des dates prédéterminées le produit de l'étape de
démodulation du signal de bruit de la source de nombres
aléatoires.</claim-text></claim-text></claim-text>
    </claim>
    <claim num="3">
      <claim-text>Procédé selon la revendication 2, la source de nombres
aléatoires étant constituée par une source d'alimentation
électrique dans un réseau de distribution portant un moyen de
communications par courants porteurs, caractérisé en ce qu'il
consiste à déterminer les dates prédéterminées de numérisation
en distinguant les instants pendant lesquels de l'information est
échangée sur le réseau de distribution, des instants où aucune
information n'est échangée sur le réseau de distribution et
pendant lesquelles des dates prédéterminées de numérisation
sont autorisées.</claim-text>
    </claim>
    <claim num="4">
      <claim-text>Procédé selon la revendication 3, caractérisé en ce
que, pour distinguer les instants pendant lesquels des dates
prédéterminées de numérisation sont autorisées, il consiste à
décoder les données présentes sur le réseau de distribution de
sorte que l'on détecte si le message reçu est un message
d'échange de données, pour inhiber la détermination d'une date
prédéterminée de numérisation, et dans le cas contraire, pour
permettre la détermination d'une date prédéterminée de
numérisation.</claim-text>
    </claim>
    <claim num="5">
      <claim-text>Procédé selon l'une des revendications précédentes,
caractérisé en ce que, pour produire une séquence de nombres
aléatoires, il est répété une pluralité de fois ou bien en affectant à
chaque exécution un germe à chaque nombre aléatoire ou bien en
affectant ledit germe comme valeur de chargement à un
processus producteur d'une séquence de nombres aléatoires, qui
produit une pluralité de nombres aléatoires au moins jusqu'à ce
qu'une nouvelle exécution ait lieu.</claim-text>
    </claim>
    <claim num="6">
      <claim-text>Dispositif pour la mise en oeuvre du procédé selon
l'une des revendications précédentes, caractérisé en ce qu'il
comporte à titre de source de bruit (1) au moins l'un des moyens
suivants :
<claim-text><claim-text>une source de tension constituée entre deux phases de
distribution de courant électrique alternatif polyphasée ;</claim-text><claim-text>une source de tension constituée entre phase et neutre de
distribution de courant électrique alternatif polyphasée ;</claim-text><claim-text>une source de tension constituée entre une première polarité
et une seconde polarité de distribution de courant électrique
continu ;</claim-text><claim-text>une source de tension constituée entre une première polarité
et une masse électrique de distribution de courant électrique
continu.</claim-text></claim-text></claim-text>
    </claim>
    <claim num="7">
      <claim-text>Dispositif selon la revendication 6, caractérisé en ce
qu'il comporte un moyen d'isolement (2) connecté à ladite source
de bruit (1) qui effectue le prélèvement d'un signal de mesure
d'un paramètre mesurable sur une source de bruit, comme la
tension électrique.</claim-text>
    </claim>
    <claim num="8">
      <claim-text>Dispositif selon la revendication 7, caractérisé en ce
qu'il comporte un moyen adaptateur (3) dont l'entrée reçoit le
signal de mesure issu du moyen d'isolement (2) et dont la sortie
est connectée à l'entrée d'un moyen de démodulation (4) de sorte
qu'un signal représentatif d'un bruit soit produit et transmis à
l'entrée d'un convertisseur analogique-numérique (5), la fonction
de transfert du moyen adaptateur (3) étant déterminée de sorte
que le signal de mesure issu du moyen d'isolement (2) puisse être
représenté à pleine échelle par le convertisseur (5) sur une durée
déterminée.</claim-text>
    </claim>
    <claim num="9">
      <claim-text>Dispositif selon la revendication 8, caractérisé en ce
qu'il comporte un contrôleur (8) connecté par un bus de service et
qui engendre des commandes:
<claim-text><claim-text>pour déterminer une date de numérisation en fonction de l'état
de la source de bruit (1) ;</claim-text><claim-text>pour déterminer l'enregistrement d'une valeur numérisée en
sortie du convertisseur (5) comme germe de séquence
aléatoire dans une mémoire (7);</claim-text><claim-text>pour déterminer le transfert d'au moins une valeur numérisée
en sortie du convertisseur (5) comme valeur d'une séquence
aléatoire, ou comme germe pour un générateur aléatoire (9),
vers au moins un dispositif utilisateur ;</claim-text></claim-text>
et qui reçoit des requêtes ( R) d'au moins un dispositif (8')
générateur de requêtes pour produire au moins une valeur de
germe.</claim-text>
    </claim>
    <claim num="10">
      <claim-text>Dispositif selon la revendication 9, caractérisé en ce
que le générateur aléatoire (9) comporte un circuit électronique à
base de registres à décalage pour générer une séquence de
valeurs aléatoires et des moyens de chargement d'une valeur de
présélection des entrées dudit circuit électronique à base de
registres à décalage, qui sont connectés à la sortie dudit registre
(7) mémorisant un germe.</claim-text>
    </claim>
    <claim num="11">
      <claim-text>Dispositif selon la revendication 9, caractérisé en ce
que le générateur aléatoire (9) comporte un moyen de calcul
d'une fonction génératrice de valeurs aléatoires, comme une
fonction polynomiale, et un moyen pour charger une valeur initiale
connecté à la sortie dudit registre (7) mémorisant un germe.</claim-text>
    </claim>
    <claim num="12">
      <claim-text>Dispositif selon la revendication 8 ou 9, caractérisé en
ce qu'il est réalisé à l'aide d'un circuit intégré modulateur-démodulateur
(5) qui comporte une sortie numérique série
produisant au moins un germe pour une séquence aléatoire, et
qui est dédié à un réseau de communications à réseau porteur.</claim-text>
    </claim>
    <claim num="13">
      <claim-text>Dispositif selon l'une des revendications 8 à 10,
caractérisé en ce qu'il comporte un circuit de modulation-démodulation
(5) adapté à un réseau de communications pour
échanger des requêtes ( R) et des valeurs aléatoires avec au
moins un dispositif utilisateur (8', 9) connecté au réseau de
communications.</claim-text>
    </claim>
    <claim num="14">
      <claim-text>Dispositif selon l'une des revendications 6 à 13,
caractérisé en ce qu'il est réalisé à partir d'un circuit intégré
unique.</claim-text>
    </claim>
    <claim num="15">
      <claim-text>Dispositif selon l'une des revendications 6 à 14,
caractérisé en ce qu'il coopère avec un moyen d'allocation d'un
identifiant associé à chaque appareil connecté à un réseau de
communications et qui reçoit au moins un germe de valeur
aléatoire, dans un protocole de communications fonctionnant dans
un réseau de communications à courant porteur.</claim-text>
    </claim>
    <claim num="16">
      <claim-text>Dispositif selon l'une des revendications 6 à 15,
caractérisé en ce qu'il coopère avec au moins un dispositif
générateur de clés de cryptage pour la communication sur au
moins un réseau de communications.</claim-text>
    </claim>
    <claim num="17">
      <claim-text>Dispositif selon l'une des revendications 6 à 16,
caractérisé en ce que la source de bruit est constituée par
l'ensemble des conducteurs d'alimentation électrique non reliés à
une source d'alimentation électrique.</claim-text>
    </claim>
    <claim num="18">
      <claim-text>Dispositif selon l'une des revendications 6 à 17,
caractérisé en ce que, pour attribuer à chaque équipement
utilisant un protocole déterminé, un identifiant unique
caractéristique de la norme, il comporte un générateur aléatoire
attribué à cette fonction sur l'équipement pour produire un nombre
aléatoire et un moyen pour vérifier que ledit nombre aléatoire ne
pourrait pas constituer une adresse en conflit, de sorte que, si le
test est positif, le nombre aléatoire calculé permet d'attribuer une
adresse d'équipement.</claim-text>
    </claim>
  </claims>
  <copyright>User acknowledges that the Information Retrieval Facility (IRF) and its third party providers retain all right, title and interest in and to this xml under applicable copyright laws. User acquires no ownership rights to this xml including but not limited to its format. User hereby accepts the terms and conditions of the Licence Agreement set forth at http://www.ir-facility.org/legal/marec/data_licence</copyright>
</patent-document>
