<?xml version="1.0" encoding="utf-8"?>
<!DOCTYPE patent-document PUBLIC "-//MXW//DTD patent-document XML//EN" "http://www.ir-facility.org/dtds/patents/v1.4/patent-document.dtd">
<patent-document ucid="EP-1246484-A2" country="EP" doc-number="1246484" kind="A2" lang="DE" family-id="7679579" status="new" date-produced="20090516" date="20021002">
  <bibliographic-data>
    <publication-reference ucid="EP-1246484-A2" status="new" fvid="23561219">
      <document-id status="new" format="original">
        <country>EP</country>
        <doc-number>1246484</doc-number>
        <kind>A2</kind>
        <date>20021002</date>
      </document-id>
    </publication-reference>
    <application-reference ucid="EP-02003159-A" status="new" is-representative="NO">
      <document-id status="new" format="epo">
        <country>EP</country>
        <doc-number>02003159</doc-number>
        <kind>A</kind>
        <date>20020215</date>
      </document-id>
    </application-reference>
    <priority-claims status="new">
      <priority-claim ucid="DE-10115610-A" status="new">
        <document-id status="new" format="epo">
          <country>DE</country>
          <doc-number>10115610</doc-number>
          <kind>A</kind>
          <date>20010329</date>
        </document-id>
      </priority-claim>
    </priority-claims>
    <technical-data status="new">
      <classifications-ipcr>
        <classification-ipcr status="new">H04J  13/00        20060101AFI20051220RMJP        </classification-ipcr>
        <classification-ipcr status="new">H04J  13/00        20060101CFI20051220RMJP        </classification-ipcr>
        <classification-ipcr status="new">H04W  88/00        20090101C I20090105RMEP        </classification-ipcr>
        <classification-ipcr status="new">H04W  88/08        20090101A I20090105RMEP        </classification-ipcr>
      </classifications-ipcr>
      <classification-ecla status="new">
        <classification-symbol scheme="EC">H04Q   7/30</classification-symbol>
        <classification-symbol scheme="EC">H04W  88/08</classification-symbol>
      </classification-ecla>
      <invention-title load-source="ep" status="new" lang="DE">Verfahren und Basisstation zur Basisband-Verarbeitung von Empfangssignalen</invention-title>
      <invention-title load-source="ep" status="new" lang="EN">Method and base station for baseband processing of received signals</invention-title>
      <invention-title load-source="ep" status="new" lang="FR">Procédé et station de base pour le traitement en bande de base de signaux reçus</invention-title>
    </technical-data>
    <parties>
      <applicants>
        <applicant status="new" format="epo">
          <addressbook>
            <name>CIT ALCATEL</name>
            <address>
              <country>FR</country>
            </address>
          </addressbook>
        </applicant>
        <applicant status="new" format="intermediate">
          <addressbook>
            <name>ALCATEL</name>
          </addressbook>
        </applicant>
        <applicant status="new" format="original">
          <addressbook>
            <last-name>ALCATEL</last-name>
            <address>
              <street>54, rue La Boétie</street>
              <city>75008 Paris</city>
              <country>FR</country>
            </address>
          </addressbook>
        </applicant>
      </applicants>
      <inventors>
        <inventor status="new" format="epo">
          <addressbook>
            <name>BLANKE GERO</name>
            <address>
              <country>DE</country>
            </address>
          </addressbook>
        </inventor>
        <inventor status="new" format="intermediate">
          <addressbook>
            <name>BLANKE, GERO</name>
          </addressbook>
        </inventor>
        <inventor status="new" format="original">
          <addressbook>
            <last-name>BLANKE, GERO</last-name>
            <address>
              <street>Forstbergweg 7</street>
              <city>71711 Murr</city>
              <country>DE</country>
            </address>
          </addressbook>
        </inventor>
      </inventors>
      <agents>
        <agent status="new" format="original">
          <addressbook>
            <last-name>Dreiss, Fuhlendorf &amp;amp; Steimle Patentanwälte</last-name>
            <address>
              <street>Patentanwälte, Postfach 10 37 62</street>
              <city>70032 Stuttgart</city>
              <country>DE</country>
            </address>
          </addressbook>
        </agent>
      </agents>
    </parties>
    <international-convention-data>
      <designated-states>
        <ep-contracting-states>
          <country>AT</country>
          <country>BE</country>
          <country>CH</country>
          <country>CY</country>
          <country>DE</country>
          <country>DK</country>
          <country>ES</country>
          <country>FI</country>
          <country>FR</country>
          <country>GB</country>
          <country>GR</country>
          <country>IE</country>
          <country>IT</country>
          <country>LI</country>
          <country>LU</country>
          <country>MC</country>
          <country>NL</country>
          <country>PT</country>
          <country>SE</country>
          <country>TR</country>
        </ep-contracting-states>
      </designated-states>
    </international-convention-data>
  </bibliographic-data>
  <abstract load-source="ep" status="new" lang="DE">
    <p>Die Erfindung betrifft ein Verfahren zur Basisband-Verarbeitung
von Empfangssignalen (2) in mindestens einem
Basisband-Block (4) einer Basisstation (Node B) eines
Funktelekommunikationssystems (1), wobei der oder jeder
Basisband-Block (4) mindestens ein Rechengerät (8),
insbesondere einen Mikroprozessor, aufweist. Um in der
Basisstation (Node B) eine Basisband-Verarbeitung zu
realisieren, bei der einerseits Hardware eingespart werden
kann und andererseits eine ausreichende Rechenkapazität zur
Verfügung steht, damit auch für Empfangssignale (2) von
schlechter Qualität eine Verarbeitung innerhalb einer
vorgegebenen Zeitdauer und mit einer vorgegebenen Qualität
sichergestellt werden kann, wird vorgeschlagen, dass die
Basisband-Verarbeitung in Abhängigkeit von der Auslastung
der Rechengeräte (8) der Basisband-Blöcke (4) mindestens
einem bestimmten Rechengerät (8) mindestens eines
Basisband-Blocks (4) zugewiesen wird.
<img id="img-00000001" orientation="unknown" wi="76" img-format="tif" img-content="ad" file="00000001.tif" inline="no" he="117"/></p>
  </abstract>
  <abstract load-source="docdb" source="EPO" status="new" lang="EN">
    <p>Each base-band block (4) has a computing device (8) like a microprocessor. A base station (Node B) processes a base band. Receiving signals of poor quality are processed within a preset timescale and guaranteed preset quality. The workload of each computing device for each base-band block determines how base-band processing is assigned to a specific computing device for a base-band block. Independent claims are also included for the following; (1) a base station in a radio telecommunications system for processing A/D signals, (2) a radio telecommunications system with multiple mobile radio units, (3) base stations linked to the mobile units and a control device.</p>
  </abstract>
  <description load-source="ep" status="new" lang="DE">
    <p num="0001">Die vorliegende Erfindung betrifft ein Verfahren zur
Basisband-Verarbeitung von Empfangssignalen in mindestens
einem Basisband-Block einer Basisstation eines
Funktelekommunikationssystems. Der oder jeder Basisband-Block
weist mindestens ein Rechengerät, insbesondere einen
Mikroprozessor, auf.</p>
    <p num="0002">Die Erfindung betrifft außerdem eine Basisstation eines
Funktelekommunikationssystems, umfassend mindestens einen
Hochfrequenz (HF)-Block zum Verarbeiten analoger Signale 
und mehrere Basisband-Blöcke zum Verarbeiten digitaler
Signale. Die Basisband-Blöcke weisen jeweils mindestens ein
Rechengerät, insbesondere einen Mikroprozessor, auf.</p>
    <p num="0003">Schließlich betrifft die vorliegende Erfindung ein
Funktelekommunikationssystem umfassend eine Vielzahl von
mobilen Funkeinheiten, mehrere Basisstationen, die in einem
Funkkontakt mit den mobilen Funkeinheiten stehen, und
mindestens eine Steuerungsvorrichtung zum Steuern des
Funktelekommunikationssystems, die mit den Basisstationen
in Verbindung steht.</p>
    <p num="0004">Ein derartiges Funktelekommunikationssystem mit
Basisstationen der eingangs genannten Art ist bspw. als ein
sog. Universal Mobile Telecommunications System (UMTS)-Funktelekommunikationssystem
aus dem Stand der Technik
bekannt. In UMTS-Funktelekommunikationssystemen werden die
Basisstationen als NodeB und die Steuerungsvorrichtungen
als Radio Network Controller (RNC) bezeichnet. In einem
sog. Uplink-Betrieb werden Informationen von den mobilen
Funkeinheiten über eine Funkverbindung zu den
Basisstationen übertragen. Die Informationen von
verschiedenen Funkeinheiten werden nach dem sog. Code
Division Multiple Access (CDMA)-Verfahren moduliert und
über einen gemeinsamen Kanal übertragen. Mehrere Kanäle 
werden zu einem Funksignal zusammengefasst, das als
Empfangssignal in denjenigen Basisstationen empfangen wird,
mit denen die Funkeinheiten in einem Funkkontakt stehen. In
den Basisstationen werden die Empfangssignale verarbeitet.</p>
    <p num="0005">Die Verarbeitung der Empfangssignale in den Basisstationen
erfolgt getrennt nach analogen und digitalen Signalen.
Während die analogen Signale in sog. Hochfrequenz (HF)-Blöcken
verarbeitet werden, werden die digitalen Signale in
sog. Basisband-Blöcken verarbeitet. Die digitale
Verabeitung in den Basisband-Blöcken umfasst bei nach dem
CDMA-Verfahren modulierten Signalen u.a. das sog. Symbol-Rate-Processing
und das sog. Chip-Rate-Processing. Das
Chip-Rate-Processing wird zur Rückgewinnung der einzelnen
Kanäle aus dem Empfangssignal angewandt. Das Symbol-Rate-Processing
wird auf einen einzelnen Kanal angewandt, um aus
dem über den Kanal übertragenen Signal die übertragenen
Informationen der einzelnen Funkeinheiten zurückzugewinnen.</p>
    <p num="0006">Die Basisstationen empfangen Signale über verschiedene
Kanäle. Nach dem Stand der Technik ist in einer
Basisstation für die Verarbeitung der analogen und
digitalen Signale ein festgelegter Bezug vorgesehen
zwischen einem Kanal und den HF-Blöcken bzw. den Basisband-Blöcken,
die die Signale dieses Kanals verarbeiten. Dieser 
festgelegte Bezug setzt jedoch einen im wesentlichen
konstanten Aufwand für die Basisband-Verarbeitung voraus.
Insbesondere bei modernen Funktelekommunikationssystemen,
wie bspw. UMTS-Telekommunikationssystemen, ist der Aufwand
für die Basisband-Verarbeitung, insbesondere für das Chip-Rate-Processing,
wie es bspw. bei einem sogenannten Rake-Empfänger
zur Anwendung kommt, nicht konstant, sondern
hängt von der Qualität des Empfangssignals ab, d.h. von der
Anzahl der Finger eines Rake-Empfängers, die zum Empfang
eines Signals mit einer bestimmten Qualität erforderlich
sind. Die für die Basisband-Verarbeitung erforderliche
Rechenkapazität für die Empfangssignale eines Kanals kann
somit stark variieren. Um stets eine ausreichende
Rechenkapazität zur Verfügung zu haben, ist es erforderlich
diese relativ groß auszulegen, damit selbst im
ungünstigsten Fall eine Verarbeitung des Empfangssignals
innerhalb einer vorgebbaren Zeit und mit einer vorgebbaren
Qualität gewährleistet werden kann. Im Mittel werden jedoch
große Teile dieser zur Verfügung stehenden Rechenkapazität
nicht benötigt, da die Qualität des Empfangssignals in der
Regel besser als der ungünstigste Fall ist.</p>
    <p num="0007">Der vorliegenden Erfindung liegt deshalb die Aufgabe
zugrunde, in Basisstationen von
Funktelekommunikationssystemen eine Basisband-Verarbeitung 
zu realisieren, bei der einerseits in der Basisstation
Hardware eingespart werden kann und andererseits eine
ausreichende Rechenkapazität zur Verfügung steht, damit
auch für Empfangssignale von schlechter Qualität eine
Verarbeitung innerhalb einer bestimmten Zeitdauer und mit
einer bestimmten Qualität sichergestellt werden kann.</p>
    <p num="0008">Zur Lösung dieser Aufgabe wird ausgehend von dem Verfahren
der eingangs genannten Art vorgeschlagen, dass die
Basisband-Verarbeitung in Abhängigkeit von der Auslastung
der Rechengeräte der Basisband-Blöcke mindestens einem
bestimmten Rechengerät mindestens eines Basisband-Blockes
zugewiesen wird.</p>
    <p num="0009">Erfindungsgemäß wird also vorgeschlagen, zunächst die
Auslastung der einzelnen Rechengeräte der Basisband-Blöcke
zu bestimmen. In Abhängigkeit von der Auslastung der
Rechengeräte wird dann die Basisband-Verarbeitung eines zur
Verarbeitung anstehenden Empfangssignals mindestens einem
bestimmten Rechengerät mindestens eines Basisband-Blocks
zugewiesen. Gemäß der vorliegenden Erfindung ist es
möglich, die gesamte Basisband-Verarbeitung einem
Rechengerät eines Basisband-Blocks zuzuweisen, das über
eine geforderte Rechenkapazität verfügt. Es ist jedoch auch
denkbar, die Basisband-Verarbeitung auf mehrere 
Rechengeräte eines oder mehrerer Basisband-Blöcke
aufzuteilen, die in ihrer Gesamtheit dann die geforderte
Rechenkapazität zur Verfügung stellen können. Kern der
vorliegenden Erfindung ist es also, die aus dem Stand der
Technik bekannte starre Zuordnung zwischen HF-Blöcken und
Basisband-Blöcken durch eine auslastungsabhängige adaptive
Zuordnung zu ersetzen.</p>
    <p num="0010">Es kann umso mehr Hardware in einer Basisstation eingespart
werden, desto gleichmäßiger die Basisband-Verarbeitung auf
sämtliche Rechengeräte sämtlicher Basisband-Blöcke
aufgeteilt werden kann. Innerhalb der Kanäle, die sich die
Rechenkapazität der Rechengeräte der Basisband-Blöcke einer
Basisband-Rechnerkarte (Basisband-Bord) zur Basisband-Verarbeitung
eines Trägers teilen, kann bereits aufgrund
einer statistischen Verteilung der Qualität der
Empfangssignale von einem gewissen Ausgleich zwischen den
Kanälen innerhalb des Basisband-Bords ausgegangen werden.
Dennoch ist es möglich, dass ein Basisband-Bord, das
ursprünglich für einen bestimmten Träger ausgelegt war,
anderen Basisband-Bords Rechenkapazität zur Verfügung
stellen kann oder selbst zusätzliche Rechenkapazität von
anderen Basisband-Bords benötigt.</p>
    <p num="0011">Gemäß einer möglichen Ausführungsform wird eine 
Schaltmatrix zwischen die analogen Verarbeitungsteile der
Basisstation (HF-Blöcke) einerseits und die digitalen
Basisband-Verarbeitungseinheiten (Basisband-Blöcke)
andererseits angeordnet. Die Schaltmatrix muss die relativ
hohen Datenraten verarbeiten können, die zwischen einem
Sende-/Empfangsgerät (Transceiver) eines HF-Blocks und
einem Basisband-Block auftreten, der freie
Rechenkapazitäten hat. Dazu weist die Schaltmatrix bspw.
optische Übertagungsmittel auf.</p>
    <p num="0012">Um das Schalten der hohen Datenraten bei der Schaltmatrix
jedoch zu vermeiden, wird gemäß einer vorteilhaften
Weiterbildung der vorliegenden Erfindung vorgeschlagen,
dass die Basisband-Verarbeitung mindestens einem bestimmten
Rechengerät mindestens eines bestimmten Basisband-Blocks
zugeordnet ist und dass die Basisband-Verarbeitung
innerhalb des Basisband-Blocks zumindest teilweise
mindestens einem weiteren Rechengerät des Basisband-Blocks
zugewiesen wird. Gemäß dieser Weiterbildung wird also die
Basisband-Verarbeitung mehreren Rechengeräten desselben
Basisband-Blocks zugewiesen. Der Ausgleich der
Rechenkapazitäten findet also zwischen den Rechengeräten
desselben Basisband-Blocks statt.</p>
    <p num="0013">Gemäß einer anderen vorteilhaften Weiterbildung der 
vorliegenden Erfindung wird vorgeschlagen, dass die
Basisband-Verarbeitung mindestens einem bestimmten
Rechengerät mindestens eines Basisband-Blocks zugeordnet
ist und dass die Basisband-Verarbeitung zumindest teilweise
einem weiteren Rechengerät mindestens eines weiteren
Basisband-Blocks zugewiesen wird. Gemäß dieser
Weiterbildung wird also die Rechenkapazität zwischen den
Rechengeräten mehrerer Basisband-Blöcke desselben oder
verschiedener Basisband-Bords ausgeglichen.</p>
    <p num="0014">Gemäß einer bevorzugten Ausführungsform der vorliegenden
Erfindung wird vorgeschlagen, dass die Empfangssignale über
mehrere Kanäle übertragen werden, wobei jedem Rechengerät
mindestens ein Kanal zugeordnet wird, und dass die
Basisband-Verarbeitung eines Kanals zumindest teilweise
einem weiteren Rechengerät zugewiesen wird, falls die
verfügbare Rechenkapazität des dem Kanal zugeordneten
mindestens einem Rechengerät nicht ausreicht. Falls über
einen bestimmten Kanal ein Empfangssignal mit einer relativ
schlechten Qualität übertragen wird und die verfügbare
Rechenkapazität des diesem Kanal zugeordneten Rechengeräts
nicht ausreicht, das Empfangssignal innerhalb einer
vorgegebenen Rechenzeit und mit einer vorgegebenen Qualität
zu verarbeiten, wird zur Basisbandverarbeitung des über
diesen Kanal übertragenen Empfangssignals mindestens ein 
weiteres Rechengerät herangezogen. Das weitere Rechengerät
kann als erste Möglichkeit zusätzlich zu dem ursprünglichen
Rechengerät an der Basisband-Verarbeitung teilnehmen oder
aber das weitere Rechengerät übernimmt als zweite
Möglichkeit die vollständige Basisband-Verarbeitung von dem
ursprünglichen Rechengerät. Die zweite Möglichkeit ist
bspw. dann denkbar, wenn die volle Rechenkapazität des
weiteren Rechengeräts zur Verfügung steht, wohingegen das
ursprüngliche Rechengerät teilweise mit der Basisband-Verarbeitung
von anderen Kanälen des Empfangssignals
beschäftigt ist.</p>
    <p num="0015">Vorteilhafterweise wird die zu erwartende verfügbare
Rechenkapazität des dem Kanal zugeordneten mindestens einen
Rechengeräts vor Beginn der Basisband-Verarbeitbung
abgeschätzt. Bevor mit der eigentlichen Basisband-Verarbeitung
begonnen wird, kann die erwartete verfügbare
Rechenkapazität anhand der Gesamt-Rechenkapazität des
mindestens einen Rechengeräts und einer zu erwartenden
Auslastung ermittelt werden. Die zu erwartende Auslastung
des mindestens einen Rechengeräts kann anhand des Inhalts
der Daten des Empfangssignals und anhand von Befehlen einer
Kontrolleinheit der Basisstation vor Beginn der Basisband-Verarbeitung
abgeschätzt werden. Falls die zu erwartende
verfügbare Rechenkapazität des mindestens einen 
Rechengeräts unterhalb eines vorgebbaren Schwellenwerts
liegt, wird zur Entlastung mindestens ein weiteres
Rechengerät zur Basisband-Verarbeitung herangezogen oder
die gesamte Basisband-Verarbeitung auf das mindestens eine
weitere Rechengerät umgeleitet.</p>
    <p num="0016">Alternativ oder zusätzlich wird vorgeschlagen, die
Auslastung des dem Kanal zugeordneten mindestens einen
Rechengeräts während der Basisband-Verarbeitung zu
überwachen. Falls sich während der Basisband-Verarbeitung
zeigt, dass die verfügbare Rechenkapazität des dem Kanal
zugeordneten mindestens einen Rechengeräts unter einen
vorgebbaren Schwellenwert sinkt, wird mindestens ein
weiteres Rechengerät zur Basisband-Verarbeitung
herangezogen oder die gesamte Basisband-Verarbeitung auf
das mindestens eine weitere Rechengerät umgeleitet.</p>
    <p num="0017">Als eine weitere Lösung der Aufgabe der vorliegenden
Erfindung wird ausgehend von der Basisstation der eingangs
genannten Art vorgeschlagen, dass die Bassistation erste
Mittel zum Bestimmen der Auslastung der Rechengeräte der
Basisband-Blöcke und zweite Mittel zum Zuweisen von zur
Basisband-Verarbeitung anstehenden Empfangssignalen an
mindestens ein Rechengerät mindestens eines Bassiband-Blocks
aufweist, wobei die Zuweisung in Abhängigkeit von 
der Auslastung der Rechengeräte erfolgt.</p>
    <p num="0018">Gemäß einer vorteilhaften Weiterbildung der vorliegenden
Erfindung wird vorgeschlagen, dass die Rechengeräte der
Basisband-Blöcke über Hochgeschwindigkeitsschnittstellen
miteinander in Verbindung stehen. Die
Hochgeschwindigkeitsschnittstellen sind bspw. als
sogenannte Linkports ausgebildet, die zum Anschluss von
Peripherieeinheiten oder von anderen Rechengeräten des
gleichen Typs ausgelegt sind. Über die Verbindungen
zwischen den einzelnen Rechengeräten können die zur
Basisband-Verarbeitung anstehenden Empfangssignale auf
verschiedene Rechengeräte verteilt werden. Die Verteilung
der Empfangssignale auf die verschiedenen Rechengeräte kann
bspw. von einer Kontrolleinheit, z.B. einem Co-Prozessor
oder einer Direct Memory Access (DMA)-Maschine, koordiniert
werden. Um die zur Bearbeitung anstehenden Empfangssignale
auf die verschiedenen Rechengeräte zu verteilen, werden die
Daten der Empfangssignale in den Speicherelementen der
entsprechenden Rechengeräte abgelegt. Aus den
Speicherelementen werden sie von den Rechengeräten dann zur
Verarbeitung abgerufen.</p>
    <p num="0019">Die Ausführungsform mit der Verbindung der Rechengeräte
über Hochgeschwindigkeitsschnittstellen hat gegenüber einer 
Schaltmatrix den Vorteil, dass sie wesentlich einfacher und
kostengünstiger zu realisieren ist, da kein hardwaremäßig
aufwendiges schnelles Schalten der hohen Datenraten
zwischen den HF-Blöcken und den Basisband-Blöcken notwendig
ist. Durch eine geeignete Vorverarbeitung der
Empfangssignale in den Rechengeräten der Basisband-Blöcke
kann die Datenrate über die
Hochgeschwindigkeitsschnittstellen deutlich reduziert
werden.</p>
    <p num="0020">Die zweiten Mittel zum Zuweisen der Empfangssignale an das
mindestens eine Rechengerät sind vorzugsweise als eine
Kontrolleinheit ausgebildet, die die zur Basisband-Verarbeitung
anstehenden Empfangssignale in einen
Speicherbereich des mindestens einen Rechengeräts leitet.</p>
    <p num="0021">Als noch eine weitere Lösung der Aufgabe der vorliegenden
Erfindung wird ausgehend von einem
Funktelekommunikationssystem der eingangs genannten Art
vorgeschlagen, dass zumindest eine der Basisstationen des
Funktelekommunikationssystems als eine erfindungsgemäße
Basisstation ausgebildet ist.</p>
    <p num="0022">Weitere Merkmale, Anwendungsmöglichkeiten der Erfindung
ergeben sich aus der nachfolgenden Beschreibung von 
Ausführungsbeispielen der Erfindung, die in der Zeichnung
dargestellt sind. Dabei bilden alle beschriebenen oder
dargestellten Merkmale für sich oder in beliebiger
Kombination den Gegenstand der Erfindung, unabhängig von
ihrer Zusammenfassung in den Patentansprüchen oder deren
Rückbeziehung sowie unabhängig von ihrer Formulierung bzw.
Darstellung in der Beschreibung bzw. in der Zeichnung. Es
zeigen:
<dl tsize="7"><dt>Figur 1</dt><dd>ein erfindungsgemäßes
Funktelekommunikationssystem;</dd><dt>Figur 2</dt><dd>eine erfindungsgemäße Basisstation; und</dd><dt>Figur 3</dt><dd>ein Ablaufdiagramm eines erfindungsgemäßen
Verfahrens.</dd></dl></p>
    <p num="0023">In Fig. 1 ist ein erfindungsgemäßes Universal Mobile
Telecommunications System (UMTS)-Funktelekommunikationssystem
in seiner Gesamtheit mit dem
Bezugszeichen 1 bezeichnet. Das
Funktelekommunikationssystem 1 umfasst eine Vielzahl von
mobilen Funkeinheiten MF, mehrere Basisstationen Node B,
die in einem Funkkontakt mit den mobilen Funkeinheiten MF
stehen, und mindestens eine Steuerungsvorrichtung RNC 
(Radio Network Controller), die mit den Basisstationen Node
B in Verbindung steht. In einem sog. Uplink-Betrieb werden
Informationen von den mobilen Funkeinheiten MF über die
Funkverbindung zu den Basisstationen Node B übertragen. Die
Informationen von verschiedenen Funkeinheiten MF werden
nach dem sog. Code Division Multiple Access (CDMA)-Verfahren
moduliert und über einen gemeinsamen Kanal
übertragen. Mehrere Kanäle werden zu einem Funksignal
zusammengefasst, das als Empfangssignal 2 in denjenigen
Basisstationen Node B empfangen wird, mit denen die
Funkeinheiten MF in einem Funkkontakt stehen. In den
Basisstationen Node B werden die Empfangssignale 2
verarbeitet.</p>
    <p num="0024">Die Verarbeitung der Empfangssignale 2 (vgl. Fig. 2) in den
Basisstationen Node B erfolgt getrennt nach analogen und
digitalen Signalen. Während die analogen Signale in sog.
Hochfrequenz (HF)-Blöcken 3 verarbeitet werden, werden die
digitalen Signale in sog. Basisband-Blöcken 4 verarbeitet.
Mehrere HF-Blöcke 3 sind zu einem HF-Bord 5 und mehrere
Basisband-Blöcke 4 zu einem Basisband-Bord 6
zusammengefaßt. Die HF-Blöcke 3 und die Basisband-Blöcke 4
weisen jeweils ein Rechengerät 8, insbesondere einen
Mikroprozessor, und eine Speichereinrichtung 9 auf, in der
zu verarbeitende Informationen abgelegt werden können. Über 
eine Übertragungsleitung 10 werden die Daten von der
Speichereinrichtung 9 zur Verarbeitung in das Rechengerät 8
übertragen.</p>
    <p num="0025">Die digitale Verabeitung in den Basisband-Blöcken 4 umfasst
bei nach dem CDMA-Verfahren modulierten Signalen 2 u.a. das
sog. Symbol-Rate-Processing und das sog. Chip-Rate-Processing.
Das Chip-Rate-Processing wird zur Rückgewinnung
der einzelnen Kanäle aus dem Empfangssignal 2 angewandt.
Das Symbol-Rate-Processing wird auf einen einzelnen Kanal
angewandt, um aus dem über den Kanal übertragenen Signal
die übertragenen Informationen der einzelnen Funkeinheiten
MF zurückzugewinnen.

Die Basisstationen Node B empfangen Signale über
verschiedene Kanäle. Nach dem Stand der Technik ist in
einer Basisstation Node B für die Verarbeitung der analogen
und digitalen Signale ein festgelegter Bezug vorgesehen
zwischen einem Kanal und den HF-Blöcken 3 bzw. den
Basisband-Blöcken 4, die die Signale dieses Kanals
verarbeiten. Dieser starre Bezug ist durch die
Verbindungsleitungen 7 zwischen jeweils einem HF-Block 3
und jeweils einem Basisband-Block 4 verdeutlicht. Kern der
vorliegenden Erfindung ist es, die aus dem Stand der
Technik bekannte starre Zuordnung zwischen HF-Blöcken 3 und
Basisband-Blöcken 4 durch eine auslastungsabhängige 
adaptive Zuordnung zu ersetzen. Dadurch kann insbesondere
bei modernen Funktelekommunikationssystemen, wie bspw.
UMTS-Telekommunikationssystemen 1, die Rechenkapazität der
Basisstationen Node B an die tatsächlichen Erfordernisse
angepaßt werden. Die tatsächlich erforderliche
Rechenkapazität, um ein Empfangssignal 2 innerhalb einer
vorgebbaren Zeitdauer mit einer vorgebbaren Qualität zu
verarbeiten, kann nämlich stark schwanken, da sie von der
Qualität des Empfangssignals 2 abhängt. Dies gilt
insbesondere für das Chip-Rate-Processing, wie es bspw. bei
einem sogenannten Rake-Empfänger in den Basisstationen Node
B zur Anwendung kommt. Bei einem Rake-Empänger nimmt der
Rechenaufwand, aber auch die Qualität des Signals mit der
Anzahl der Finger zu.</p>
    <p num="0026">Bei den erfindungsgemäßen Basisstationen Node B kann also
die Rechenkapazität der Basisband-Blöcke 3 verringert
werden. Die verringerte Rechenkapazität ermöglicht für
Empfangssignale 2 herkömmlicher Qualität eine ausreichend
schnelle und ausreichend gute Verarbeitung. Bei
Empfangssignalen 2 mit einer schlechteren Qualität, für die
die vorgesehene Rechenkapazität möglicherweise nicht
ausreicht, kann die Verarbeitung auf mehrere Rechengeräte 8
eines oder mehrerer Basisband-Blöcke 4 eines oder mehrerer
Basisband-Bords 6 verteilt oder einem Rechengerät 8 
zugewiesen werden, dessen Rechenkapazität voll zur
Verfügung steht.</p>
    <p num="0027">Die auslastungsabhängige adaptive Zuordnung der
Empfangssignale 2 an die Rechengeräte 8 wird dadurch
ermöglicht, dass die einzelnen Rechengeräte 8 der
Basisband-Blöcke 4 über eine
Hochgeschwindigkeitsschnittstelle 11 untereinander in
Verbindung stehen. Die Hochgeschwindigkeitsschnittstellen
11 sind als sog. Linkports ausgebildet, die zum Anschluss
von Peripherieeinheiten oder von anderen Rechengeräten des
gleichen Typs ausgelegt sind. Über die Verbindungen 12
zwischen den einzelnen Rechengeräten 8 können die zur
Basisband-Verarbeitung anstehenden Empfangssignale 2 auf
verschiedene Rechengeräte 8 der Basisband-Blöcke 4 verteilt
werden. Die Verteilung der Empfangssignale 2 auf die
verschiedenen Rechengeräte 8 wird von einer
Kontrolleinheit, z.B. einem Co-Prozessor oder einer Direct
Memory Access (DMA)-Maschine, koordiniert. Um die zur
Bearbeitung anstehenden Empfangssignale 2 auf die
verschiedenen Rechengeräte 8 zu verteilen, werden die Daten
der Empfangssignale 2 in Speicherelementen 13 der
entsprechenden Rechengeräte 8 abgelegt und von dort von den
Rechengeräten 8 zur Verarbeitung abgerufen. </p>
    <p num="0028">In Fig. 3 ist ein Ablaufdiagramm des erfindungsgemäßen
Verfahrens dargestellt. Das Verfahren beginnt in einem
Funktionsblock 20. Dann wird in einem Funktionsblock 21 die
Auslastung der Rechengeräte 8 der Basisband-Blöcke 4
ermittelt. Das kann eine aktuelle Auslastung oder eine
zukünftig zu erwartende Auslastung sein. In einem
Funktionsblock 22 werden dann die zur Basisband-Verarbeitung
anstehenden Daten in Abhängigkeit von der
Auslastung der Rechengeräte 8 auf eines oder mehrere
Rechengeräte 8 verteilt. Bei einer Verteilung auf mehrere
Rechengeräte 8, können aber müssen diese nicht unbedingt
dem gleichen Basisband-Block 4 bzw. dem gleichen Basisband-Bord
6 angehören. In einem Funktionsblock 23 werden die
Daten dann von den Rechengeräten 8 innerhalb einer
vorgegebenen Zeitdauer und mit einer vorgebenen Qualität
verarbeitet. In einem Funktionsblock 24 ist das Verfahren
beendet.</p>
  </description>
  <claims load-source="ep" status="new" lang="DE">
    <claim num="1">
      <claim-text>Verfahren zur Basisband-Verarbeitung von
Empfangssignalen (2) in mindestens einem Basisband-Block
(4) einer Basisstation (Node B) eines
Funktelekommunikationssystems (1), wobei der oder
jeder Basisband-Block (4) mindestens ein Rechengerät
(8), insbesondere einen Mikroprozessor, aufweist,
dadurch gekennzeichnet, dass die Basisband-Verarbeitung
in Abhängigkeit von der Auslastung der
Rechengeräte (8) der Basisband-Blöcke (4) mindestens
einem bestimmten Rechengerät (8) mindestens eines
Basisband-Blocks (4) zugewiesen wird.</claim-text>
    </claim>
    <claim num="2">
      <claim-text>Verfahren nach Anspruch 1, dadurch gekennzeichnet,
dass die Basisband-Verarbeitung mindestens einem
bestimmten Rechengerät (8) mindestens eines bestimmten
Basisband-Blocks (4) zugeordnet ist und dass die
Basisband-Verarbeitung innerhalb des Basisband-Blocks
(4) zumindest teilweise mindestens einem weiteren
Rechengerät (8) des Basisband-Blocks (4) zugewiesen
wird.</claim-text>
    </claim>
    <claim num="3">
      <claim-text>Verfahren nach Anspruch 1, dadurch gekennzeichnet,
dass die Basisband-Verarbeitung mindestens einem
bestimmten Rechengerät (8) mindestens eines bestimmten
Basisband-Blocks (4) zugeordnet ist und dass die
Basisband-Verarbeitung zumindest teilweise mindestens
einem Rechengerät (8) mindestens eines weiteren
Basisband-Blocks (4) zugewiesen wird.</claim-text>
    </claim>
    <claim num="4">
      <claim-text>Verfahren nach einem der Ansprüche 1 bis 3, dadurch
gekennzeichnet, dass die Empfangssignale (2) über
mehrere Kanäle übertragen werden, wobei jedem
Rechengerät (8) mindestens ein Kanal zugeordnet wird,
und dass die Basisband-Verarbeitung eines Kanals
zumindest teilweise einem weiteren Rechengerät (8)
zugewiesen wird, falls die verfügbare Rechenkapazität
des dem Kanal zugeordneten mindestens einen
Rechengeräts (8) nicht ausreicht.</claim-text>
    </claim>
    <claim num="5">
      <claim-text>Verfahren nach Anspruch 4, dadurch gekennzeichnet,
dass die zu erwartende Auslastung des dem Kanal
zugeordneten mindestens einen Rechengeräts (8) vor
Beginn der Basisband-Verarbeitung abgeschätzt wird.</claim-text>
    </claim>
    <claim num="6">
      <claim-text>Verfahren nach Anspruch 4 oder 5, dadurch
gekennzeichnet, dass die Auslastung des dem Kanal
zugeordneten mindestens einen Rechengeräts (8) während
der Basisband-Verarbeitung überwacht wird.</claim-text>
    </claim>
    <claim num="7">
      <claim-text>Basisstation (Node B) eines
Funktelekommunikationssystems (1), umfassend
mindestens einen Hochfrequenz (HF)-Block (3) zum
Verarbeiten anaolger Signale und mehrere Basisband-Blöcke
(4) zum Verarbeiten digitaler Signale, wobei
die Basisband-Blöcke (4) jeweils mindestens ein
Rechengerät (8), insbesondere einen Mikroprozessor,
aufweisen, dadurch gekennzeichnet, dass die
Basisstation (Node B) erste Mittel zum Bestimmen der
Auslastung der Rechengeräte (8) der Basisband-Blöcke
(4) und zweite Mittel zum Zuweisen von zur Basisband-Verarbeitung
anstehenden Empfangssignalen an
mindestens ein Rechengerät (8) mindestens eines
Basisband-Blocks (4) aufweist, wobei die Zuweisung in
Abhängigkeit von der Auslastung der Rechengeräte (8)
erfolgt.</claim-text>
    </claim>
    <claim num="8">
      <claim-text>Basisstation (Node B) nach Anspruch 7, dadurch
gekennzeichnet, dass die Rechengeräte (8) der
Basisband-Blöcke (4) über
Hochgeschwindigkeitsschnittstellen (11) miteinander in
Verbindung stehen.</claim-text>
    </claim>
    <claim num="9">
      <claim-text>Basisstation (Node B) nach Anspruch 7 oder 8, dadurch
gekennzeichnet, dass die zweiten Mittel als eine
Kontrolleinheit ausgebildet sind, die die zur
Basisband-Verarbeitung anstehenden Empfangssignale (2)
in einen Speicherbereich (13) mindestens eines
Rechengeräts (8) mindestens eines Basisband-Blocks (4)
leitet.</claim-text>
    </claim>
    <claim num="10">
      <claim-text>Funktelekommunikationssystem (1) umfassend eine
Vielzahl von mobilen Funkeinheiten (MF), mehrere
Basisstationen (Node B), die in einem Funkkontakt mit
den mobilen Funkeinheiten (MF) stehen, und mindestens
eine Steuerungsvorrichtung (RNC) zum Steuern des
Funktelekommunikationssystems (1), die mit den
Basisstationen (Node B) in Verbindung steht, dadurch
gekennzeichnet, dass zumindest eine der Basisstationen
(Node B) nach einem der Ansprüche 7 bis 9 ausgebildet
ist.</claim-text>
    </claim>
  </claims>
  <copyright>User acknowledges that the Information Retrieval Facility (IRF) and its third party providers retain all right, title and interest in and to this xml under applicable copyright laws. User acquires no ownership rights to this xml including but not limited to its format. User hereby accepts the terms and conditions of the Licence Agreement set forth at http://www.ir-facility.org/legal/marec/data_licence</copyright>
</patent-document>
