<?xml version="1.0" encoding="utf-8"?>
<!DOCTYPE patent-document PUBLIC "-//MXW//DTD patent-document XML//EN" "http://www.ir-facility.org/dtds/patents/v1.4/patent-document.dtd">
<patent-document ucid="EP-1234506-A1" country="EP" doc-number="1234506" kind="A1" lang="FR" family-id="8860512" status="new" date-produced="20090516" date="20020828">
  <bibliographic-data>
    <publication-reference ucid="EP-1234506-A1" status="new" fvid="23544659">
      <document-id status="new" format="original">
        <country>EP</country>
        <doc-number>1234506</doc-number>
        <kind>A1</kind>
        <date>20020828</date>
      </document-id>
    </publication-reference>
    <application-reference ucid="EP-02290370-A" status="new" is-representative="NO">
      <document-id status="new" format="epo">
        <country>EP</country>
        <doc-number>02290370</doc-number>
        <kind>A</kind>
        <date>20020214</date>
      </document-id>
    </application-reference>
    <priority-claims status="new">
      <priority-claim ucid="FR-0102677-A" status="new">
        <document-id status="new" format="epo">
          <country>FR</country>
          <doc-number>0102677</doc-number>
          <kind>A</kind>
          <date>20010227</date>
        </document-id>
      </priority-claim>
    </priority-claims>
    <technical-data status="new">
      <classifications-ipcr>
        <classification-ipcr status="new">A23G   3/00        20060101A I20051008RMEP        </classification-ipcr>
        <classification-ipcr status="new">A23G   3/00        20060101C I20051008RMEP        </classification-ipcr>
        <classification-ipcr status="new">A23G   3/34        20060101A I20051008RMEP        </classification-ipcr>
        <classification-ipcr status="new">A23G   3/34        20060101C I20051008RMEP        </classification-ipcr>
        <classification-ipcr status="new">A23G   3/38        20060101A I20060722RMEP        </classification-ipcr>
        <classification-ipcr status="new">A23G   3/42        20060101A I20070721RMEP        </classification-ipcr>
        <classification-ipcr status="new">A23G   3/54        20060101A I20070721RMEP        </classification-ipcr>
      </classifications-ipcr>
      <classification-ecla status="new">
        <classification-symbol scheme="EC">A23G   3/34C+D</classification-symbol>
        <classification-symbol scheme="EC">A23G   3/34C+D6</classification-symbol>
        <classification-symbol scheme="EC">A23G   3/34C+F</classification-symbol>
        <classification-symbol scheme="EC">A23G   3/38</classification-symbol>
        <classification-symbol scheme="EC">A23G   3/42</classification-symbol>
        <classification-symbol scheme="EC">A23G   3/54</classification-symbol>
      </classification-ecla>
      <invention-title load-source="ep" status="new" lang="DE">Beschichtungsverfahren für zuckerfreie Hartbonbons</invention-title>
      <invention-title load-source="ep" status="new" lang="EN">Coating process for sugar-free boiled sweets</invention-title>
      <invention-title load-source="ep" status="new" lang="FR">Procédé d'enrobage de sucres cuits sans sucre</invention-title>
    </technical-data>
    <parties>
      <applicants>
        <applicant status="new" format="epo">
          <addressbook>
            <name>ROQUETTE FRERES</name>
            <address>
              <country>FR</country>
            </address>
          </addressbook>
        </applicant>
        <applicant status="new" format="intermediate">
          <addressbook>
            <name>ROQUETTE FRERES</name>
          </addressbook>
        </applicant>
        <applicant status="new" format="original">
          <addressbook>
            <last-name>Roquette Frères</last-name>
            <address>
              <street/>
              <city>62136 Lestrem</city>
              <country>FR</country>
            </address>
          </addressbook>
        </applicant>
      </applicants>
      <inventors>
        <inventor status="new" format="epo">
          <addressbook>
            <name>RIBADEAU-DUMAS GUILLAUME</name>
            <address>
              <country>FR</country>
            </address>
          </addressbook>
        </inventor>
        <inventor status="new" format="intermediate">
          <addressbook>
            <name>RIBADEAU-DUMAS, GUILLAUME</name>
          </addressbook>
        </inventor>
        <inventor status="new" format="original">
          <addressbook>
            <last-name>RIBADEAU-DUMAS, GUILLAUME</last-name>
            <address>
              <street>18 rue Claude Monet</street>
              <city>59237 Verlinghem</city>
              <country>FR</country>
            </address>
          </addressbook>
        </inventor>
      </inventors>
      <agents>
        <agent status="new" format="original">
          <addressbook>
            <last-name>Vercaemer, Laurence</last-name>
            <address>
              <street>Cabinet Plasseraud, 84 rue d'Amsterdam</street>
              <city>75440 Paris Cedex 09</city>
              <country>FR</country>
            </address>
          </addressbook>
        </agent>
      </agents>
    </parties>
    <international-convention-data>
      <designated-states>
        <ep-contracting-states>
          <country>AT</country>
          <country>BE</country>
          <country>CH</country>
          <country>CY</country>
          <country>DE</country>
          <country>DK</country>
          <country>ES</country>
          <country>FI</country>
          <country>FR</country>
          <country>GB</country>
          <country>GR</country>
          <country>IE</country>
          <country>IT</country>
          <country>LI</country>
          <country>LU</country>
          <country>MC</country>
          <country>NL</country>
          <country>PT</country>
          <country>SE</country>
          <country>TR</country>
        </ep-contracting-states>
      </designated-states>
    </international-convention-data>
  </bibliographic-data>
  <abstract load-source="docdb" source="EPO" status="new" lang="EN">
    <p>A method of coating sugarless boiled sweets with a hard and translucent covering by applying a coating syrup comprising one or more of maltitol, mannitol, erythritol, lactitol or isomalt, singly or as a mixture and one or more polysaccharides of high mol.wt. and 10-40 wt.% of a fatty matter. Independent claims are included for a sugarless boiled sweet coated by the claimed method and for the coating syrup</p>
  </abstract>
  <abstract load-source="ep" status="new" lang="FR">
    <p>L'invention concerne un procédé d'enrobage de
sucres cuits sans sucre, permettant la création d'un
revêtement dur et translucide, comprenant l'application
d'un sirop d'enrobage, caractérisé en ce que ledit
sirop comprend au moins un polyol, au moins un
polysaccharide de haut poids moléculaire et au moins
une matière grasse.</p>
    <p>Elle concerne également un sucre cuit sans sucre
obtenu selon ledit procédé.</p>
    <p>Elle concerne en outre un sirop d'enrobage
caractérisé en ce qu'il comprend au moins un polyol, au
moins un polysaccharide de haut poids moléculaire et au
moins une matière grasse.</p>
  </abstract>
  <description load-source="ep" status="new" lang="FR">
    <p num="0001">La présente invention a pour objet un procédé
d'enrobage de sucres cuits sans sucre permettant la
création aisée et rapide d'un revêtement à la surface
d'un sucre cuit.</p>
    <p num="0002">Elle vise également les sucres cuits enrobés
obtenus selon ledit procédé.</p>
    <p num="0003">Les sucres cuits, appelés aussi communément
bonbons durs, sont des produits de confiserie solides
et essentiellement amorphes.</p>
    <p num="0004">En France et à l'étranger, nombreux sont
aujourd'hui les confiseurs commercialisant des
confiseries sans sucre. Leur objectif est de répondre
aux attentes d'un nombre croissant de consommateurs
plus soucieux que par le passé de leur alimentation et
de leur hygiène de vie. Les débuts de la confiserie
sans sucre remontent aux années 1950, quand les
premiers sucres cuits industriels sont apparus sur le
marché allemand. Il s'agissait de produits à base de
sorbitol obtenus par coulage. Ce polyol remplaçait à la
fois le sucre et les sirops de glucose
traditionnellement employés dans cette application. Les
sucres cuits au sorbitol sont des produits atypiques
car essentiellement cristallins.</p>
    <p num="0005">Par la suite, la mise au point du sirop de
maltitol LYCASIN® 80/55, produit non cariogène et non
cristallisable développé par la Demanderesse, a rendu
possible la fabrication de bonbons durs totalement
amorphes, et comparables aux sucres cuits traditionnels
en termes d'état vitreux. Aujourd'hui, d'autres polyols
sont apparus sur le marché avec leurs avantages et 
leurs inconvénients pour la fabrication de sucres cuits
sans sucre.</p>
    <p num="0006">Les sucres cuits sont des produits hygroscopiques
qui, stockés dans des conditions normales de
température et d'humidité, ont tendance à absorber
l'humidité de l'atmosphère et de ce fait ont tendance à
devenir collants. Pour éviter que les sucres cuits ne
collent entre eux, ce qui les rendrait difficilement
consommables, ils sont en général emballés
individuellement par exemple au moyen de papillotes
plus ou moins étanches à la vapeur d'eau. Les sucres
cuits papillotés sont en général conditionnés dans des
sachets qui contribuent également à faire une barrière
plus ou moins étanche entre le sucre cuit et l'humidité
de l'atmosphère, ce qui améliore encore la conservation
des sucres cuits.</p>
    <p num="0007">Les sucres cuits classiques les plus fréquemment
rencontrés sur le marché, contenant environ 2 à 5%
d'eau résiduelle et dont la matière sèche est en
général composée de 10 à 60% de saccharose et de 40 à
90% de matière sèche de sirop de glucose, et les sucres
cuits sans sucre essentiellement à base de sirops de
maltitol sont en général emballés individuellement et
conditionnés dans des sachets.</p>
    <p num="0008">Pour réduire le coût de leurs matériaux
d'emballage et pour répondre aux attentes des
consommateurs qui recherchent des produits pratiques
sans emballages individuels, les fabricants de sucres
cuits ont toujours cherché à réduire leur
hygroscopicité pour permettre leur commercialisation
sans emballages individuels dans des emballages peu
onéreux, comme les boites en carton par exemple.</p>
    <p num="0009">Plusieurs solutions ont été développées.
L'Isomalt a permis de répondre à ce souci de stabilité, 
ne rendant plus nécessaires les packagings étanches,
sophistiqués et onéreux.</p>
    <p num="0010">L'Isomalt est toutefois un produit onéreux et
convient mal, de ce fait, comme agent de charge de
produits fabriqués en grandes quantités.</p>
    <p num="0011">D'autres solutions existent à l'heure actuelle
pour pouvoir réaliser des sucres cuits suffisamment
stables au stockage.</p>
    <p num="0012">La première consiste à réaliser des sucres cuits
à base de sorbitol. Ce polyol permet la réalisation de
sucres cuits qui demeurent stables vis-à-vis de
l'humidité grâce à une microcristallisation du polyol
dans la masse et en surface. Cette microcristallisation
n'est pas visible à l'oeil nu et le sucre cuit est
translucide aussitôt après sa fabrication. Cependant,
au cours du temps, il a tendance à blanchir en surface,
ce qui diminue son attrait. De plus, les sucres cuits
au sorbitol ne peuvent pas être formés, ils ne peuvent
qu'être coulés et leur durcissement est très lent (en
général plus d'une heure) car il s'agit d'un procédé de
cristallisation. Le durcissement des autres sucres
cuits vitreux n'est fonction que de la vitesse de
refroidissement des sucres cuits et ne dure que
quelques minutes.</p>
    <p num="0013">La deuxième solution consiste à givrer le sucre
cuit, comme il l'est décrit par exemple dans le brevet
EP 0.630.575 dont la Demanderesse est titulaire. Le
givrage consiste à appliquer en surface du sucre cuit
un sirop cristallisable, le plus souvent de saccharose.
La cristallisation du saccharose en surface du sucre
cuit crée ainsi une barrière aux échanges aqueux.
Cependant, le givrage enlève le critère de
translucidité au sucre cuit givré, ce dernier ayant un
aspect blanchâtre. Une autre solution consiste en une 
technique appelée huilage, qui est un enrobage au moyen
de matières grasses du type mono et diglycérides,
essentiellement destinée aux confiseries gélifiées de
type généralement pharmaceutique. L'inconvénient de
cette méthode est qu'elle ne crée pas une barrière
efficace à l'humidité de l'air ambiant d'une part, et
d'autre part qu'elle confère aux confiseries une
texture grasse non adaptée notamment aux emballages
cartonnés, et désagréable pour le consommateur.</p>
    <p num="0014">La troisième solution consiste à fournir une
composition de carbohydrates particulière qui permet
d'obtenir un sucre cuit sans sucre stable à l'humidité
et à la chaleur, et n'ayant pas tendance, au cours du
temps, à devenir opaque et blanc en surface ou à coeur.</p>
    <p num="0015">Plusieurs compositions ont été ainsi proposées.
Par exemple, le brevet EP 0.561.089 dont la
Demanderesse est titulaire, propose une composition de
saccharides hydrogénés présentant un profil particulier
et sélectionné de manière à conférer une stabilité
accrue aux sucres cuits. Ceux ci ne sont toutefois pas
destinés à la fabrication de sucres cuits nus, puisque
les sucres cuits préparés avec ce type de composition
doivent nécessairement être papillotés. D'autres
solutions à base d'isomalt existent pour produire des
sucres cuits suffisamment stables pour pouvoir être
commercialisés sans emballages individuels.</p>
    <p num="0016">On peut en effet utiliser des mélanges à 80%
d'isomalt et 20% de sirop de maltitol, ou 20% de sirop
de glucose, ou 20% de polydextrose. Ces mélanges sont
toutefois coûteux.</p>
    <p num="0017">On peut également mettre en oeuvre le procédé
décrit dans le brevet EP 0.518.770 dont la Demanderesse
est titulaire. Ce procédé se révèle toutefois assez
compliqué. </p>
    <p num="0018">L'invention a donc pour but de remédier aux
inconvénients de l'art antérieur et de proposer un
nouveau procédé d'enrobage de sucres cuits sans sucre,
répondant nettement mieux aux attentes des confiseurs
et aux différentes exigences de la pratique, c'est à
dire possédant une stabilité nettement améliorée au
stockage sans que la translucidité du sucre cuit ne
soit altérée.</p>
    <p num="0019">A l'issue de recherches approfondies, la
Demanderesse a eu le mérite de trouver que ce but
pouvait être atteint et que, contre toute attente, il
était possible de préparer un sucre cuit sans sucre
stable, en particulier non papilloté, lorsqu'il était
enrobé selon un procédé approprié et particulier.</p>
    <p num="0020">Le sucre cuit conforme à l'invention peut être
qualifié de stable dans la mesure où, au cours du temps
et sans emballage individuel, il n'a pas tendance :
<ul list-style="bullet"><li>ni à devenir collant,</li><li>ni à grainer, ni à tourner en devenant opaque
et blanc en surface ou à coeur,</li><li>ni à se déformer aux températures estivales
habituelles aux climats tempérés.</li></ul></p>
    <p num="0021">L'enrobage est une opération unitaire employée
dans bon nombre de domaines et notamment ceux de la
confiserie alimentaire ou pharmaceutique. Cette
opération consiste à créer un revêtement à la surface
des produits que l'on souhaite protéger pour diverses
raisons tout en les rendant attractifs visuellement ou
gustativement.</p>
    <p num="0022">Dans le cadre de la présente invention, on
s'intéresse à une technique particulière d'enrobage qui
consiste à protéger des sucres cuits sans sucre de
manière à ce que ceux-ci puissent être commercialisés
sans emballage individuel, sans présenter de problèmes 
de collage durant leur stockage. On vise ainsi la
commercialisation de sucres cuits en boites carton ou
en métal, sans papillotage, tout en respectant l'aspect
initial du sucre cuit.</p>
    <p num="0023">Ne sont donc pas concernées selon la présente
invention, les techniques de dragéification dure ou
tendre, le givrage, le sucrage, le candissage qui ne
consistent pas en un revêtement dur et translucide ne
modifiant pas l'aspect initial du sucre cuit.</p>
    <p num="0024">La Demanderesse a découvert que, de façon
surprenante et inattendue, en appliquant un procédé
particulier d'enrobage, mettant en oeuvre
avantageusement un sirop d'enrobage comprenant un
polyol en tant qu'agent de remplacement du sucre, qui
présente l'avantage d'être très rapide et simple à
mettre en place industriellement, l'on pouvait préparer
des sucres cuits enrobés de très haute qualité, non
collants et n'évoluant pas en aspect ou en texture de
manière significative au cours du temps.</p>
    <p num="0025">Poursuivant ses travaux de recherche, la
Demanderesse a constaté que l'emploi d'un sirop
d'enrobage comprenant au moins un polyol, au moins un
polymère de saccharide de haut poids moléculaire et au
moins une matière grasse était un facteur essentiel
permettant d'atteindre le but fixé.</p>
    <p num="0026">La présente invention a donc pour objet un
procédé d'enrobage de sucres cuits sans sucre,
permettant la création d'un revêtement dur et
translucide, comprenant l'application d'un sirop
d'enrobage, caractérisé en ce que ledit sirop comprend
au moins un polyol, au moins un polysaccharide de haut
poids moléculaire et au moins une matière grasse.</p>
    <p num="0027">Selon un mode général de réalisation de
l'invention, le procédé consiste à humidifier de façon 
homogène la surface des sucres cuits à enrober à l'aide
dudit sirop d'enrobage, et à les mettre en mouvement de
manière à assurer une bonne répartition du sirop
d'enrobage. Le procédé conforme à l'invention nécessite
au moins une, mais de préférence deux applications
dudit sirop d'enrobage.</p>
    <p num="0028">Le sirop d'enrobage peut être appliqué sur les
sucres cuits placés dans une turbine de
dragéification. Celle-ci pourra avoir une forme
ordinaire, c'est à dire une forme en tulipe avec un axe
de révolution incliné ou bien une forme cylindrique
avec un axe horizontal.</p>
    <p num="0029">Les sucres cuits présenteront une forme de
préférence ovale ou sphérique.</p>
    <p num="0030">En ce qui concerne la composition du sucre cuit
sans sucre à enrober, tous types de sirops peuvent être
utilisés, sachant que l'on vise toujours à obtenir un
sucre cuit suffisamment stable avant enrobage. Par
exemple, on pourra préparer des sucres cuits à partir
de sirops de maltitol, comme notamment le LYCASIN®HBC
développé par la Demanderesse, seul ou en mélange avec
du mannitol, ces sirops étant connus pour conférer une
stabilité satisfaisante aux sucres cuits papillotés.</p>
    <p num="0031">De préférence, le ou les polyols, le ou les
polysaccharides de haut poids moléculaire ainsi que la
ou les matières grasses sont mélangés préalablement à
l'enrobage de manière à constituer ledit sirop
d'enrobage.</p>
    <p num="0032">Selon une variante avantageuse de l'invention,
ledit procédé comprendra en particulier l'application
d'un sirop d'enrobage comprenant au moins un polyol
choisi dans le groupe constitué par le maltitol, le 
mannitol, l'érythritol, le lactitol et l'isomalt, et
leurs mélanges.</p>
    <p num="0033">On entend par polysaccharide de haut poids
moléculaire au sens de la présente invention les gommes
végétales telles que notamment les gommes arabique,
adragante, ainsi que les amidons, modifiés ou non, la
cellulose microcristalline et ses dérivés,
susceptibles de remplir la même fonction que les gommes
végétales dans un procédé selon l'invention. On vise en
particulier les maltodextrines, le polydextrose, les
oligosaccharides comme notamment les
fructooligosaccharides, galactooligosaccharides,
isomaltooligosaccharides, maltooligosaccharides,
l'inuline et les maltodextrines branchées hydrogénées
ou non telles que décrites dans la demande de brevet
EP 1.006.128 dont la Demanderesse est titulaire, qui
présentent entre 15 et 35% de liaisons glucosidiques
1-6, une teneur en sucres réducteurs inférieure à 20%,
un indice de polymolécularité inférieur à 5 et une
masse moléculaire moyenne en nombre Mn au plus égale à
4500 g/mole, et leurs mélanges.</p>
    <p num="0034">Selon une autre variante du procédé selon
l'invention, ledit sirop d'enrobage comprend en outre
au moins un silicate. Il s'agira en particulier de
silicate de magnésium encore appelé « talc » par
l'homme du métier.</p>
    <p num="0035">En ce qui concerne la matière grasse, tout type de
matières grasses utilisables en confiserie alimentaire
ou pharmaceutique convient bien. On peut citer à titre
d'exemple la paraffine et la vaseline, seules ou en
mélange entre elles.</p>
    <p num="0036">Par matières grasses, on vise également au sens de
la présente invention les cires, comme par exemple la 
cire d'abeille, de carnauba, de candellila, shellac et
cire microcristalline.</p>
    <p num="0037">Il va de soi que dans la pratique, en fonction des
applications visées, ledit sirop d'enrobage peut
comprendre également un ou plusieurs constituants
choisis et ce, sans que cette liste ne soit limitative,
dans le groupe comprenant les arômes, les colorants,
les édulcorants intenses, les acides, les extraits de
plantes, les vitamines, seuls ou en mélange entre eux.</p>
    <p num="0038">Selon une autre variante du procédé selon
l'invention, ledit sirop d'enrobage comprend au moins
un sirop de maltitol de type LYCASIN®HBC tel que ceux
décrits dans le brevet EP 0.561.089 dont la
Demanderesse est titulaire, et au moins une matière
grasse.</p>
    <p num="0039">L'invention concerne également un sucre cuit sans
sucre enrobé selon ledit procédé.</p>
    <p num="0040">L'invention concerne en outre un sucre cuit sans
sucre enrobé, caractérisé en ce que son enrobage
comprend au moins un polyol, au moins un polysaccharide
de haut poids moléculaire et au moins une matière
grasse. Selon une variante de l'invention, l'enrobage
dudit sucre cuit comprend en outre au moins un silicate
et de préférence un silicate de magnésium.</p>
    <p num="0041">A la connaissance de la Demanderesse, de tels
sucres cuits sans sucre enrobés, stables au stockage
sans papillotage constituent de nouveaux produits
industriels.</p>
    <p num="0042">Selon une variante avantageuse de l'invention,
ledit enrobage comprend au moins un polyol choisi dans
le groupe constitué par le maltitol, le mannitol,
l'érythritol, le lactitol et l'isomalt, et leurs 
mélanges. De préférence, l'enrobage comprend du
maltitol.</p>
    <p num="0043">Le sucre cuit enrobé selon un procédé conforme à
l'invention présente une stabilité au stockage accrue.
Plus précisément, il présente une reprise en eau
beaucoup plus faible que le sucre cuit nu.</p>
    <p num="0044">Selon une variante avantageuse de l'invention, des
résultats très significatifs, en terme notamment de
stabilité, ont été obtenus en enrobant selon un procédé
conforme à l'invention un sucre cuit sans sucre
préparé, avant enrobage, à partir d'un sirop de
maltitol. On entend par sirop de maltitol au sens de
l'invention des sirops de type LYCASIN®HBC
commercialisés par la Demanderesse. Selon une variante
préférentielle, de très bons résultats sont obtenus en
préparant des sucres cuits sans sucre, avant enrobage,
à partir de mélanges desdits sirops de maltitol avec
jusqu'à 10% en poids de mannitol.</p>
    <p num="0045">L'invention vise enfin un sirop d'enrobage
caractérisé en ce qu'il comprend au moins un polyol, au
moins un polysaccharide de haut poids moléculaire et au
moins une matière grasse.</p>
    <p num="0046">De préférence, ledit polyol est choisi dans le
groupe constitué par le maltitol, le mannitol,
l'érythritol, le lactitol et l'isomalt, et leurs
mélanges. Ledit sirop d'enrobage comprend
avantageusement au moins 5% en poids dudit polyol, et
au plus 70% en poids. Au-delà de cette teneur, on
observe en effet des phénomènes de cristallisation
indésirables, qui impliquent que le revêtement devient
opaque.</p>
    <p num="0047">De façon encore plus préférentielle, ledit
polysaccharide est choisi dans le groupe constitué par 
les gommes végétales, les amidons modifiés ou non, la
cellulose microcristalline et ses dérivés, le
polydextrose, les oligosaccharides et les
maltodextrines branchées hydrogénées ou non présentant
entre 15 et 35% de liaisons glucosidiques 1-6, une
teneur en sucres réducteurs inférieure à 20%, un indice
de polymolécularité inférieur à 5 et une masse
moléculaire moyenne en nombre Mn au plus égale à
4500 g/mole, seuls ou en mélange. Le sirop d'enrobage
comprendra avantageusement 0,5 à 30% en poids dudit
polysaccharide.</p>
    <p num="0048">En ce qui concerne la matière grasse, celle-ci
sera présente dans le sirop d'enrobage à hauteur de 10
à 40% en poids.</p>
    <p num="0049">En ce qui concerne le silicate, lorsqu'il est
présent, le sirop d'enrobage en comprendra de
préférence 0,5 à 30% en poids.</p>
    <p num="0050">Le sirop d'enrobage selon l'invention peut
comprendre jusqu'à 40% en poids d'eau. De préférence,
il en comprendra 10 à 30%, et plus préférentiellement
encore 20 à 30%.</p>
    <p num="0051">De très bons résultats ont été obtenus avec un
sirop d'enrobage comprenant 30 à 50% en poids de
polyols, 1 à 10% en poids de polysaccharide de haut
poids moléculaire, 20 à 30% en poids de matière grasse
et 5 à 15% en poids de silicate.</p>
    <p num="0052">Le complément à 100% est constitué par de l'eau
ainsi qu'éventuellement, en fonction des applications
visées, tout additif couramment utilisé en confiserie,
tel que les arômes, les colorants, les édulcorants
intenses, les acides, les vitamines, les extraits de
plantes.</p>
    <p num="0053">L'invention sera mieux comprise à l'aide des
exemples qui suivent et des figures 1 et 2 qui s'y 
rapportent, qui se veulent illustratifs et non
limitatifs.</p>
    <heading>
      <b>
        <u style="single">Exemple 1</u>
      </b>
    </heading>
    <heading>
      <u style="single">1.Préparation des sucres cuits</u>
    </heading>
    <p num="0054">
      <tables>
        <table>
          <tgroup cols="5">
            <tbody>
              <row>
                <entry nameend="5" namest="1">Formules :</entry>
              </row>
              <row>
                <entry align="center">Identification des sucres cuits non enrobés</entry>
                <entry align="center">Composition mise en oeuvre</entry>
                <entry align="center">Température de cuisson</entry>
                <entry align="center">Teneur en eau (%)</entry>
                <entry align="center">Température de transition vitreuse (°C)</entry>
              </row>
              <row>
                <entry align="center">T</entry>
                <entry align="center">100 % Isomalt (témoin)</entry>
                <entry align="center">190°C</entry>
                <entry align="center">1,9%</entry>
                <entry align="center">46,0°C</entry>
              </row>
              <row>
                <entry align="center">S1</entry>
                <entry align="center">100% LYCASIN®HBC</entry>
                <entry align="center">153°C</entry>
                <entry align="center">2,7%</entry>
                <entry align="center">42,1°C</entry>
              </row>
              <row>
                <entry align="center">S2</entry>
                <entry align="center">90% LYCASIN®HBC 10% mannitol</entry>
                <entry align="center">190°C</entry>
                <entry align="center">1,7%</entry>
                <entry align="center">45,1°C</entry>
              </row>
            </tbody>
          </tgroup>
        </table>
      </tables>
    </p>
    <heading>
      <u style="single">2.Préparation du sirop d'enrobage.</u>
    </heading>
    <p num="0055">
      <tables>
        <table>
          <tgroup cols="2">
            <tbody>
              <row>
                <entry nameend="2" namest="1">Formule :</entry>
              </row>
              <row>
                <entry align="left">- maltitol (MALTISORB® P200)</entry>
                <entry align="right">380,0</entry>
              </row>
              <row>
                <entry align="left">- eau</entry>
                <entry align="right">230,0</entry>
              </row>
              <row>
                <entry align="left">- Gomme arabique</entry>
                <entry align="right">30,0</entry>
              </row>
              <row>
                <entry align="left">- Talc</entry>
                <entry align="right">120,0</entry>
              </row>
              <row>
                <entry align="left">- Matière grasse</entry>
                <entry align="right">240,0</entry>
              </row>
              <row>
                <entry align="left"/>
                <entry align="right">
                  <o ostyle="single">1000,0</o>
                </entry>
              </row>
            </tbody>
          </tgroup>
        </table>
      </tables>
    </p>
    <p num="0056">Dans un mélangeur planétaire, introduire l'eau
bouillante.</p>
    <p num="0057">Ajouter la gomme arabique en poudre, mélanger 5
minutes jusqu'à homogénéisation.</p>
    <p num="0058">Ajouter le maltitol, mélanger jusqu'à obtention
d'une solution homogène. </p>
    <p num="0059">Mélanger avec la matière grasse jusqu'à
homogénéisation.</p>
    <p num="0060">Ajouter le talc, mélanger jusqu'à obtention d'une
suspension homogène.</p>
    <p num="0061">Maintenir la suspension d'enrobage ainsi obtenue
à 80°C dans un bain-marie.</p>
    <heading>
      <u style="single">3. Enrobage des sucres cuits</u>
    </heading>
    <p num="0062">Introduire 200g de sucres cuits dans une turbine
de dragéification.</p>
    <p num="0063">Les préchauffer vers 30-35°C avec de l'air chaud
et sec.</p>
    <p num="0064">Sur ces sucres cuits à 30-35°C dans une turbine
en rotation, ajouter 1 ml du sirop d'enrobage à 80°C.
Laisser répartir 10 minutes.</p>
    <p num="0065">Ajouter éventuellement une deuxième charge de
1 ml de sirop d'enrobage.</p>
    <p num="0066">Laisser sécher les sucres cuits enrobés 12 heures
à 50% d'humidité relative et à 20°C avant emboítage.</p>
    <p num="0067">Les sucres cuits enrobés sont identifiés
conformément à l'exemple précédent de la manière
suivante : TE, SE1 et SE2.</p>
    <heading>
      <u style="single">Aspect des sucres cuits après enrobage.</u>
    </heading>
    <p num="0068">L'enrobage ne modifie pratiquement pas l'aspect
des sucres cuits : ils sont translucides.</p>
    <heading>
      <b>
        <u style="single">Exemple 2</u>
      </b>
    </heading>
    <heading>
      <u style="single">Stabilité à 66% d'humidité relative et 20°C</u>
    </heading>
    <p num="0069">On étudie la reprise en eau des sucres cuits
enrobés selon l'exemple 1 en comparaison avec des
sucres cuits non enrobés, tels quels ou en boites
cartons, lors d'un stockage de 10 jours à 66%
d'humidité relative et à 20°C. </p>
    <p num="0070">Les résultats sont illustrés par la figure 1.</p>
    <p num="0071">Cette figure montre que l'enrobage réduit
considérablement l'hygroscopicité des sucres cuits,
quelle que soit leur composition.</p>
    <p num="0072"><u style="single">Conclusion :</u> les sucres cuits enrobés selon
l'invention, T, S1 et S2 ne collent pas à leur support
après 10 jours, alors que les sucres cuits non enrobés
selon l'art antérieur SE1 et SE2 collent à leur
support.</p>
    <heading>
      <u style="single">Stabilité à 75% d'humidité relative et 30°C</u>
    </heading>
    <p num="0073">On étudie la reprise en eau des sucres cuits
enrobés selon l'exemple 1 en comparaison avec des
sucres cuits non enrobés, tels quels ou en boites
cartons, lors d'un stockage de 1 jour à 70% d'humidité
relative et à 30°C.</p>
    <p num="0074">Les résultats sont illustrés par la figure 2.</p>
    <p num="0075">Cette figure montre que l'hygroscopicité des
sucres cuits SE1 et SE2 est moins importante que le
témoin sans enrobage T.</p>
    <p num="0076">L'aspect des sucres cuits après stockage montre
que les sucres cuits SE1 et SE2 sont plus beaux, car
moins grainés que les sucres cuits TE.</p>
    <p num="0077">Les sucres cuits SE1 et SE2 collent légèrement à
leur support, mais pas plus que les témoins à
l'isomalt.</p>
    <p num="0078">Les études de stabilité en boítes cartons
montrent que ni SE1 ni SE2 ne collent sans emballage
individuel, que ce soit à 66% HR ou à 70% HR, alors que
S1 et S2 collent.</p>
    <p num="0079">Les sucres cuits selon l'invention peuvent donc
être commercialisés nus, et grainent moins que des
sucres cuits à l'isomalt.</p>
  </description>
  <claims load-source="ep" status="new" lang="FR">
    <claim num="1">
      <claim-text>1. Procédé d'enrobage de sucres cuits sans sucre,
permettant la création d'un revêtement dur et
translucide, comprenant l'application d'un sirop
d'enrobage, caractérisé en ce que ledit sirop comprend
au moins un polyol choisi dans le groupe constitué par
le maltitol, le mannitol, l'érythritol, le lactitol et
l'isomalt, seuls ou en mélange, au moins un
polysaccharide de haut poids moléculaire et 10 à 40% en
poids d'au moins une matière grasse.</claim-text>
    </claim>
    <claim num="2">
      <claim-text>2. Procédé d'enrobage selon la revendication 1
caractérisé en ce que ledit sirop d'enrobage comprend
en outre au moins un silicate.</claim-text>
    </claim>
    <claim num="3">
      <claim-text>3. Procédé selon l'une ou l'autre des
revendications 1 et 2, caractérisé en ce que le
polysaccharide de haut poids moléculaire est choisi
dans le groupe constitué par les gommes végétales, les
amidons modifiés ou non, la cellulose microcristalline
et ses dérivés, le polydextrose, les oligosaccharides
et les maltodextrines branchées hydrogénées ou non
présentant entre 15 et 35% de liaisons glucosidiques 1-6,
une teneur en sucres réducteurs inférieure à 20%, un
indice de polymolécularité inférieur à 5 et une masse
moléculaire moyenne en nombre Mn au plus égale à 4500
g/mole, seuls ou en mélange.</claim-text>
    </claim>
    <claim num="4">
      <claim-text>4. Procédé d'enrobage selon l'une quelconque des
revendications 1 à 3, caractérisé en ce que ledit sirop
d'enrobage comprend du maltitol.</claim-text>
    </claim>
    <claim num="5">
      <claim-text>5. Procédé selon l'une quelconque des
revendications 2 à 4, caractérisé en ce que le silicate
est un silicate de magnésium.</claim-text>
    </claim>
    <claim num="6">
      <claim-text>6. Sucre cuit sans sucre enrobé selon un procédé
conforme à l'une quelconque des revendications 1 à 5.</claim-text>
    </claim>
    <claim num="7">
      <claim-text>7. Sucre cuit sans sucre enrobé, caractérisé en ce
que son enrobage est dur et translucide et comprend au
moins un polyol choisi dans le groupe constitué par le
maltitol, le mannitol, l'érythritol, le lactitol et
l'isomalt, seuls ou en mélange, au moins un
polysaccharide de haut poids moléculaire et 10 à 40%
d'au moins une matière grasse.</claim-text>
    </claim>
    <claim num="8">
      <claim-text>8. Sucre cuit selon la revendication 7,
caractérisé en ce que son enrobage comprend en outre au
moins un silicate.</claim-text>
    </claim>
    <claim num="9">
      <claim-text>9. Sucre cuit selon l'une quelconque des
revendications 6 à 8, caractérisé en ce qu'il est
préparé, avant enrobage, à partir d'un sirop de
maltitol en mélange avec au plus 10% en poids de
mannitol.</claim-text>
    </claim>
    <claim num="10">
      <claim-text>10. Sirop d'enrobage caractérisé en ce qu'il
comprend au moins un polyol choisi dans le groupe
constitué par le maltitol, le mannitol, l'érythritol,
le lactitol et l'isomalt, seuls ou en mélange, au moins
un polysaccharide de haut poids moléculaire et 10 à 40%
en poids d'au moins une matière grasse.</claim-text>
    </claim>
    <claim num="11">
      <claim-text>12. Sirop d'enrobage selon la revendication 10,
caractérisé en ce que ledit polysaccharide est choisi
dans le groupe constitué par les gommes végétales, les
amidons modifiés ou non, la cellulose microcristalline
et ses dérivés, le polydextrose, les oligosaccharides
et les maltodextrines branchées hydrogénées ou non
présentant entre 15 et 35% de liaisons glucosidiques 1-6,
une teneur en sucres réducteurs inférieure à 20%, un
indice de polymolécularité inférieur à 5 et une masse
moléculaire moyenne en nombre Mn au plus égale à 4500
g/mole, seuls ou en mélange.</claim-text>
    </claim>
    <claim num="12">
      <claim-text>13. Sirop d'enrobage selon l'une quelconque des
revendications 10 à 12, caractérisé en ce qu'il
comprend 30 à 50% en poids d'au moins un polyol choisi
dans le groupe constitué par le maltitol, le mannitol,
l'érythritol, le lactitol et l'isomalt, seuls ou en
mélange, 1 à 10% en poids de polysaccharide de haut
poids moléculaire, 20 à 30% en poids de matière grasse
et 5 à 15% en poids de silicate.</claim-text>
    </claim>
  </claims>
  <copyright>User acknowledges that the Information Retrieval Facility (IRF) and its third party providers retain all right, title and interest in and to this xml under applicable copyright laws. User acquires no ownership rights to this xml including but not limited to its format. User hereby accepts the terms and conditions of the Licence Agreement set forth at http://www.ir-facility.org/legal/marec/data_licence</copyright>
</patent-document>
